"dpto","anio","semana","fecha_sem","casos","grupo_edad","evento"
"01",2020,1,2020-01-01,18,NA,"Dengue"
"01",2020,2,2020-01-08,10,NA,"Dengue"
"01",2020,3,2020-01-15,8,NA,"Dengue"
"01",2020,4,2020-01-22,12,NA,"Dengue"
"01",2020,5,2020-01-29,6,NA,"Dengue"
"01",2020,6,2020-02-05,10,NA,"Dengue"
"01",2020,7,2020-02-12,5,NA,"Dengue"
"01",2020,8,2020-02-19,12,NA,"Dengue"
"01",2020,9,2020-02-26,9,NA,"Dengue"
"01",2020,10,2020-03-04,5,NA,"Dengue"
"01",2020,11,2020-03-11,10,NA,"Dengue"
"01",2020,12,2020-03-18,3,NA,"Dengue"
"01",2020,13,2020-03-25,2,NA,"Dengue"
"01",2020,14,2020-04-01,1,NA,"Dengue"
"01",2020,15,2020-04-08,2,NA,"Dengue"
"01",2020,16,2020-04-15,4,NA,"Dengue"
"01",2020,17,2020-04-22,1,NA,"Dengue"
"01",2020,18,2020-04-29,2,NA,"Dengue"
"01",2020,19,2020-05-06,3,NA,"Dengue"
"01",2020,20,2020-05-13,2,NA,"Dengue"
"01",2020,21,2020-05-20,2,NA,"Dengue"
"01",2020,22,2020-05-27,4,NA,"Dengue"
"01",2020,23,2020-06-03,6,NA,"Dengue"
"01",2020,24,2020-06-10,1,NA,"Dengue"
"01",2020,26,2020-06-24,2,NA,"Dengue"
"01",2020,27,2020-07-01,2,NA,"Dengue"
"01",2020,28,2020-07-08,2,NA,"Dengue"
"01",2020,29,2020-07-15,5,NA,"Dengue"
"01",2020,30,2020-07-22,3,NA,"Dengue"
"01",2020,32,2020-08-05,3,NA,"Dengue"
"01",2020,33,2020-08-12,2,NA,"Dengue"
"01",2020,35,2020-08-26,2,NA,"Dengue"
"01",2020,36,2020-09-02,1,NA,"Dengue"
"01",2020,38,2020-09-16,1,NA,"Dengue"
"01",2020,39,2020-09-23,1,NA,"Dengue"
"01",2020,40,2020-09-30,3,NA,"Dengue"
"01",2020,41,2020-10-07,3,NA,"Dengue"
"01",2020,42,2020-10-14,4,NA,"Dengue"
"01",2020,43,2020-10-21,4,NA,"Dengue"
"01",2020,44,2020-10-28,3,NA,"Dengue"
"01",2020,45,2020-11-04,3,NA,"Dengue"
"01",2020,46,2020-11-11,2,NA,"Dengue"
"01",2020,47,2020-11-18,4,NA,"Dengue"
"01",2020,48,2020-11-25,6,NA,"Dengue"
"01",2020,49,2020-12-02,1,NA,"Dengue"
"01",2020,52,2020-12-23,1,NA,"Dengue"
"01",2020,53,2020-12-30,3,NA,"Dengue"
"01",2021,1,2021-01-01,1,NA,"Dengue"
"01",2021,2,2021-01-08,2,NA,"Dengue"
"01",2021,3,2021-01-15,4,NA,"Dengue"
"01",2021,5,2021-01-29,2,NA,"Dengue"
"01",2021,6,2021-02-05,4,NA,"Dengue"
"01",2021,7,2021-02-12,4,NA,"Dengue"
"01",2021,10,2021-03-05,2,NA,"Dengue"
"01",2021,12,2021-03-19,1,NA,"Dengue"
"01",2021,13,2021-03-26,1,NA,"Dengue"
"01",2021,14,2021-04-02,2,NA,"Dengue"
"01",2021,16,2021-04-16,5,NA,"Dengue"
"01",2021,17,2021-04-23,1,NA,"Dengue"
"01",2021,18,2021-04-30,1,NA,"Dengue"
"01",2021,19,2021-05-07,3,NA,"Dengue"
"01",2021,20,2021-05-14,1,NA,"Dengue"
"01",2021,21,2021-05-21,3,NA,"Dengue"
"01",2021,23,2021-06-04,4,NA,"Dengue"
"01",2021,24,2021-06-11,3,NA,"Dengue"
"01",2021,26,2021-06-25,4,NA,"Dengue"
"01",2021,27,2021-07-02,1,NA,"Dengue"
"01",2021,28,2021-07-09,3,NA,"Dengue"
"01",2021,29,2021-07-16,2,NA,"Dengue"
"01",2021,30,2021-07-23,1,NA,"Dengue"
"01",2021,31,2021-07-30,4,NA,"Dengue"
"01",2021,32,2021-08-06,1,NA,"Dengue"
"01",2021,33,2021-08-13,4,NA,"Dengue"
"01",2021,34,2021-08-20,1,NA,"Dengue"
"01",2021,35,2021-08-27,3,NA,"Dengue"
"01",2021,36,2021-09-03,2,NA,"Dengue"
"01",2021,37,2021-09-10,2,NA,"Dengue"
"01",2021,38,2021-09-17,5,NA,"Dengue"
"01",2021,39,2021-09-24,8,NA,"Dengue"
"01",2021,40,2021-10-01,8,NA,"Dengue"
"01",2021,41,2021-10-08,2,NA,"Dengue"
"01",2021,42,2021-10-15,4,NA,"Dengue"
"01",2021,43,2021-10-22,2,NA,"Dengue"
"01",2021,44,2021-10-29,5,NA,"Dengue"
"01",2021,45,2021-11-05,2,NA,"Dengue"
"01",2021,46,2021-11-12,5,NA,"Dengue"
"01",2021,47,2021-11-19,11,NA,"Dengue"
"01",2021,48,2021-11-26,4,NA,"Dengue"
"01",2021,49,2021-12-03,5,NA,"Dengue"
"01",2021,50,2021-12-10,4,NA,"Dengue"
"01",2021,51,2021-12-17,8,NA,"Dengue"
"01",2021,52,2021-12-24,6,NA,"Dengue"
"01",2022,1,2022-01-01,5,NA,"Dengue"
"01",2022,2,2022-01-08,5,NA,"Dengue"
"01",2022,3,2022-01-15,3,NA,"Dengue"
"01",2022,4,2022-01-22,3,NA,"Dengue"
"01",2022,5,2022-01-29,6,NA,"Dengue"
"01",2022,6,2022-02-05,4,NA,"Dengue"
"01",2022,7,2022-02-12,3,NA,"Dengue"
"01",2022,8,2022-02-19,8,NA,"Dengue"
"01",2022,9,2022-02-26,4,NA,"Dengue"
"01",2022,10,2022-03-05,8,NA,"Dengue"
"01",2022,11,2022-03-12,5,NA,"Dengue"
"01",2022,12,2022-03-19,4,NA,"Dengue"
"01",2022,13,2022-03-26,1,NA,"Dengue"
"01",2022,14,2022-04-02,6,NA,"Dengue"
"01",2022,15,2022-04-09,2,NA,"Dengue"
"01",2022,16,2022-04-16,7,NA,"Dengue"
"01",2022,17,2022-04-23,6,NA,"Dengue"
"01",2022,18,2022-04-30,7,NA,"Dengue"
"01",2022,19,2022-05-07,4,NA,"Dengue"
"01",2022,20,2022-05-14,8,NA,"Dengue"
"01",2022,21,2022-05-21,10,NA,"Dengue"
"01",2022,22,2022-05-28,1,NA,"Dengue"
"01",2022,23,2022-06-04,5,NA,"Dengue"
"01",2022,24,2022-06-11,7,NA,"Dengue"
"01",2022,25,2022-06-18,5,NA,"Dengue"
"01",2022,26,2022-06-25,7,NA,"Dengue"
"01",2022,27,2022-07-02,8,NA,"Dengue"
"01",2022,28,2022-07-09,6,NA,"Dengue"
"01",2022,29,2022-07-16,7,NA,"Dengue"
"01",2022,30,2022-07-23,3,NA,"Dengue"
"01",2022,31,2022-07-30,8,NA,"Dengue"
"01",2022,32,2022-08-06,9,NA,"Dengue"
"01",2022,33,2022-08-13,8,NA,"Dengue"
"01",2022,34,2022-08-20,6,NA,"Dengue"
"01",2022,36,2022-09-03,1,NA,"Dengue"
"01",2022,37,2022-09-10,3,NA,"Dengue"
"01",2022,38,2022-09-17,4,NA,"Dengue"
"01",2022,39,2022-09-24,1,NA,"Dengue"
"01",2022,40,2022-10-01,6,NA,"Dengue"
"01",2022,41,2022-10-08,9,NA,"Dengue"
"01",2022,42,2022-10-15,3,NA,"Dengue"
"01",2022,43,2022-10-22,5,NA,"Dengue"
"01",2022,44,2022-10-29,3,NA,"Dengue"
"01",2022,45,2022-11-05,1,NA,"Dengue"
"01",2022,46,2022-11-12,7,NA,"Dengue"
"01",2022,47,2022-11-19,3,NA,"Dengue"
"01",2022,48,2022-11-26,5,NA,"Dengue"
"01",2022,49,2022-12-03,7,NA,"Dengue"
"01",2022,50,2022-12-10,10,NA,"Dengue"
"01",2022,51,2022-12-17,2,NA,"Dengue"
"01",2022,52,2022-12-24,4,NA,"Dengue"
"01",2023,1,2023-01-01,2,NA,"Dengue"
"01",2023,2,2023-01-08,1,NA,"Dengue"
"01",2023,3,2023-01-15,8,NA,"Dengue"
"01",2023,4,2023-01-22,4,NA,"Dengue"
"01",2023,5,2023-01-29,5,NA,"Dengue"
"01",2023,6,2023-02-05,3,NA,"Dengue"
"01",2023,7,2023-02-12,5,NA,"Dengue"
"01",2023,8,2023-02-19,6,NA,"Dengue"
"01",2023,9,2023-02-26,3,NA,"Dengue"
"01",2023,10,2023-03-05,5,NA,"Dengue"
"01",2023,11,2023-03-12,4,NA,"Dengue"
"01",2023,12,2023-03-19,2,NA,"Dengue"
"01",2023,13,2023-03-26,4,NA,"Dengue"
"01",2023,14,2023-04-02,2,NA,"Dengue"
"01",2023,15,2023-04-09,2,NA,"Dengue"
"01",2023,16,2023-04-16,4,NA,"Dengue"
"01",2023,17,2023-04-23,3,NA,"Dengue"
"01",2023,18,2023-04-30,7,NA,"Dengue"
"01",2023,19,2023-05-07,4,NA,"Dengue"
"01",2023,20,2023-05-14,1,NA,"Dengue"
"01",2023,21,2023-05-21,3,NA,"Dengue"
"01",2023,22,2023-05-28,5,NA,"Dengue"
"01",2023,24,2023-06-11,2,NA,"Dengue"
"01",2023,25,2023-06-18,4,NA,"Dengue"
"01",2023,26,2023-06-25,6,NA,"Dengue"
"01",2023,27,2023-07-02,6,NA,"Dengue"
"01",2023,28,2023-07-09,3,NA,"Dengue"
"01",2023,29,2023-07-16,8,NA,"Dengue"
"01",2023,30,2023-07-23,7,NA,"Dengue"
"01",2023,31,2023-07-30,4,NA,"Dengue"
"01",2023,32,2023-08-06,5,NA,"Dengue"
"01",2023,33,2023-08-13,7,NA,"Dengue"
"01",2023,34,2023-08-20,2,NA,"Dengue"
"01",2023,35,2023-08-27,9,NA,"Dengue"
"01",2023,36,2023-09-03,9,NA,"Dengue"
"01",2023,37,2023-09-10,5,NA,"Dengue"
"01",2023,38,2023-09-17,5,NA,"Dengue"
"01",2023,39,2023-09-24,5,NA,"Dengue"
"01",2023,40,2023-10-01,5,NA,"Dengue"
"01",2023,41,2023-10-08,6,NA,"Dengue"
"01",2023,42,2023-10-15,13,NA,"Dengue"
"01",2023,43,2023-10-22,5,NA,"Dengue"
"01",2023,44,2023-10-29,5,NA,"Dengue"
"01",2023,45,2023-11-05,4,NA,"Dengue"
"01",2023,46,2023-11-12,3,NA,"Dengue"
"01",2023,47,2023-11-19,4,NA,"Dengue"
"01",2023,48,2023-11-26,6,NA,"Dengue"
"01",2023,49,2023-12-03,5,NA,"Dengue"
"01",2023,50,2023-12-10,8,NA,"Dengue"
"01",2023,51,2023-12-17,6,NA,"Dengue"
"01",2023,52,2023-12-24,5,NA,"Dengue"
"01",2024,1,2024-01-01,7,NA,"Dengue"
"01",2024,2,2024-01-08,12,NA,"Dengue"
"01",2024,3,2024-01-15,10,NA,"Dengue"
"01",2024,4,2024-01-22,5,NA,"Dengue"
"01",2024,5,2024-01-29,8,NA,"Dengue"
"01",2024,6,2024-02-05,2,NA,"Dengue"
"01",2024,7,2024-02-12,12,NA,"Dengue"
"01",2024,8,2024-02-19,9,NA,"Dengue"
"01",2024,9,2024-02-26,13,NA,"Dengue"
"01",2024,10,2024-03-04,10,NA,"Dengue"
"01",2024,11,2024-03-11,17,NA,"Dengue"
"01",2024,12,2024-03-18,17,NA,"Dengue"
"01",2024,13,2024-03-25,17,NA,"Dengue"
"01",2024,14,2024-04-01,14,NA,"Dengue"
"01",2024,15,2024-04-08,17,NA,"Dengue"
"01",2024,16,2024-04-15,16,NA,"Dengue"
"01",2024,17,2024-04-22,15,NA,"Dengue"
"01",2024,18,2024-04-29,13,NA,"Dengue"
"01",2024,19,2024-05-06,17,NA,"Dengue"
"01",2024,20,2024-05-13,9,NA,"Dengue"
"01",2024,21,2024-05-20,11,NA,"Dengue"
"01",2024,22,2024-05-27,15,NA,"Dengue"
"01",2024,23,2024-06-03,8,NA,"Dengue"
"01",2024,24,2024-06-10,14,NA,"Dengue"
"01",2024,25,2024-06-17,12,NA,"Dengue"
"01",2024,26,2024-06-24,8,NA,"Dengue"
"01",2024,27,2024-07-01,10,NA,"Dengue"
"01",2024,28,2024-07-08,6,NA,"Dengue"
"01",2024,29,2024-07-15,3,NA,"Dengue"
"01",2024,30,2024-07-22,4,NA,"Dengue"
"01",2024,31,2024-07-29,9,NA,"Dengue"
"01",2024,32,2024-08-05,8,NA,"Dengue"
"01",2024,33,2024-08-12,9,NA,"Dengue"
"01",2024,34,2024-08-19,8,NA,"Dengue"
"01",2024,35,2024-08-26,8,NA,"Dengue"
"01",2024,36,2024-09-02,5,NA,"Dengue"
"01",2024,37,2024-09-09,10,NA,"Dengue"
"01",2024,38,2024-09-16,4,NA,"Dengue"
"01",2024,39,2024-09-23,5,NA,"Dengue"
"01",2024,40,2024-09-30,1,NA,"Dengue"
"01",2024,41,2024-10-07,5,NA,"Dengue"
"01",2024,42,2024-10-14,5,NA,"Dengue"
"01",2024,43,2024-10-21,9,NA,"Dengue"
"01",2024,44,2024-10-28,5,NA,"Dengue"
"01",2024,45,2024-11-04,4,NA,"Dengue"
"01",2024,46,2024-11-11,5,NA,"Dengue"
"01",2024,47,2024-11-18,5,NA,"Dengue"
"01",2024,48,2024-11-25,5,NA,"Dengue"
"01",2024,49,2024-12-02,8,NA,"Dengue"
"01",2024,50,2024-12-09,5,NA,"Dengue"
"01",2024,51,2024-12-16,4,NA,"Dengue"
"01",2024,52,2024-12-23,3,NA,"Dengue"
"01",2025,1,2025-01-01,9,NA,"Dengue"
"01",2025,2,2025-01-08,4,NA,"Dengue"
"01",2025,3,2025-01-15,4,NA,"Dengue"
"01",2025,4,2025-01-22,5,NA,"Dengue"
"01",2025,5,2025-01-29,12,NA,"Dengue"
"01",2025,6,2025-02-05,5,NA,"Dengue"
"01",2025,7,2025-02-12,11,NA,"Dengue"
"01",2025,8,2025-02-19,8,NA,"Dengue"
"01",2025,10,2025-03-05,8,NA,"Dengue"
"01",2025,11,2025-03-12,7,NA,"Dengue"
"01",2025,12,2025-03-19,6,NA,"Dengue"
"01",2025,13,2025-03-26,3,NA,"Dengue"
"01",2025,14,2025-04-02,6,NA,"Dengue"
"01",2025,15,2025-04-09,8,NA,"Dengue"
"01",2025,16,2025-04-16,4,NA,"Dengue"
"01",2025,17,2025-04-23,6,NA,"Dengue"
"01",2025,18,2025-04-30,4,NA,"Dengue"
"01",2025,19,2025-05-07,6,NA,"Dengue"
"01",2025,20,2025-05-14,5,NA,"Dengue"
"01",2025,21,2025-05-21,2,NA,"Dengue"
"01",2025,22,2025-05-28,5,NA,"Dengue"
"01",2025,23,2025-06-04,6,NA,"Dengue"
"01",2025,24,2025-06-11,5,NA,"Dengue"
"01",2025,25,2025-06-18,8,NA,"Dengue"
"01",2025,26,2025-06-25,9,NA,"Dengue"
"01",2025,27,2025-07-02,7,NA,"Dengue"
"01",2025,28,2025-07-09,8,NA,"Dengue"
"01",2025,29,2025-07-16,7,NA,"Dengue"
"01",2025,30,2025-07-23,9,NA,"Dengue"
"01",2025,31,2025-07-30,3,NA,"Dengue"
"01",2025,32,2025-08-06,5,NA,"Dengue"
"01",2025,33,2025-08-13,3,NA,"Dengue"
"01",2025,34,2025-08-20,7,NA,"Dengue"
"01",2025,35,2025-08-27,5,NA,"Dengue"
"01",2025,36,2025-09-03,3,NA,"Dengue"
"01",2025,37,2025-09-10,5,NA,"Dengue"
"01",2025,38,2025-09-17,6,NA,"Dengue"
"01",2025,39,2025-09-24,3,NA,"Dengue"
"01",2025,40,2025-10-01,3,NA,"Dengue"
"01",2025,41,2025-10-08,5,NA,"Dengue"
"01",2025,42,2025-10-15,5,NA,"Dengue"
"01",2025,43,2025-10-22,4,NA,"Dengue"
"01",2025,44,2025-10-29,4,NA,"Dengue"
"01",2025,45,2025-11-05,3,NA,"Dengue"
"01",2025,46,2025-11-12,1,NA,"Dengue"
"01",2025,47,2025-11-19,4,NA,"Dengue"
"01",2025,48,2025-11-26,3,NA,"Dengue"
"01",2025,49,2025-12-03,2,NA,"Dengue"
"01",2025,50,2025-12-10,7,NA,"Dengue"
"01",2025,51,2025-12-17,5,NA,"Dengue"
"01",2025,52,2025-12-24,2,NA,"Dengue"
"01",2025,53,2025-12-31,6,NA,"Dengue"
"05",2020,1,2020-01-01,85,NA,"Dengue"
"05",2020,2,2020-01-08,107,NA,"Dengue"
"05",2020,3,2020-01-15,117,NA,"Dengue"
"05",2020,4,2020-01-22,92,NA,"Dengue"
"05",2020,5,2020-01-29,90,NA,"Dengue"
"05",2020,6,2020-02-05,103,NA,"Dengue"
"05",2020,7,2020-02-12,100,NA,"Dengue"
"05",2020,8,2020-02-19,87,NA,"Dengue"
"05",2020,9,2020-02-26,76,NA,"Dengue"
"05",2020,10,2020-03-04,81,NA,"Dengue"
"05",2020,11,2020-03-11,54,NA,"Dengue"
"05",2020,12,2020-03-18,33,NA,"Dengue"
"05",2020,13,2020-03-25,29,NA,"Dengue"
"05",2020,14,2020-04-01,31,NA,"Dengue"
"05",2020,15,2020-04-08,32,NA,"Dengue"
"05",2020,16,2020-04-15,23,NA,"Dengue"
"05",2020,17,2020-04-22,42,NA,"Dengue"
"05",2020,18,2020-04-29,23,NA,"Dengue"
"05",2020,19,2020-05-06,38,NA,"Dengue"
"05",2020,20,2020-05-13,49,NA,"Dengue"
"05",2020,21,2020-05-20,37,NA,"Dengue"
"05",2020,22,2020-05-27,37,NA,"Dengue"
"05",2020,23,2020-06-03,37,NA,"Dengue"
"05",2020,24,2020-06-10,40,NA,"Dengue"
"05",2020,25,2020-06-17,41,NA,"Dengue"
"05",2020,26,2020-06-24,29,NA,"Dengue"
"05",2020,27,2020-07-01,53,NA,"Dengue"
"05",2020,28,2020-07-08,42,NA,"Dengue"
"05",2020,29,2020-07-15,19,NA,"Dengue"
"05",2020,30,2020-07-22,22,NA,"Dengue"
"05",2020,31,2020-07-29,19,NA,"Dengue"
"05",2020,32,2020-08-05,15,NA,"Dengue"
"05",2020,33,2020-08-12,19,NA,"Dengue"
"05",2020,34,2020-08-19,19,NA,"Dengue"
"05",2020,35,2020-08-26,31,NA,"Dengue"
"05",2020,36,2020-09-02,25,NA,"Dengue"
"05",2020,37,2020-09-09,21,NA,"Dengue"
"05",2020,38,2020-09-16,28,NA,"Dengue"
"05",2020,39,2020-09-23,23,NA,"Dengue"
"05",2020,40,2020-09-30,19,NA,"Dengue"
"05",2020,41,2020-10-07,15,NA,"Dengue"
"05",2020,42,2020-10-14,22,NA,"Dengue"
"05",2020,43,2020-10-21,16,NA,"Dengue"
"05",2020,44,2020-10-28,18,NA,"Dengue"
"05",2020,45,2020-11-04,14,NA,"Dengue"
"05",2020,46,2020-11-11,26,NA,"Dengue"
"05",2020,47,2020-11-18,24,NA,"Dengue"
"05",2020,48,2020-11-25,20,NA,"Dengue"
"05",2020,49,2020-12-02,20,NA,"Dengue"
"05",2020,50,2020-12-09,27,NA,"Dengue"
"05",2020,51,2020-12-16,26,NA,"Dengue"
"05",2020,52,2020-12-23,17,NA,"Dengue"
"05",2020,53,2020-12-30,20,NA,"Dengue"
"05",2021,1,2021-01-01,16,NA,"Dengue"
"05",2021,2,2021-01-08,27,NA,"Dengue"
"05",2021,3,2021-01-15,19,NA,"Dengue"
"05",2021,4,2021-01-22,14,NA,"Dengue"
"05",2021,5,2021-01-29,20,NA,"Dengue"
"05",2021,6,2021-02-05,22,NA,"Dengue"
"05",2021,7,2021-02-12,23,NA,"Dengue"
"05",2021,8,2021-02-19,24,NA,"Dengue"
"05",2021,9,2021-02-26,29,NA,"Dengue"
"05",2021,10,2021-03-05,26,NA,"Dengue"
"05",2021,11,2021-03-12,20,NA,"Dengue"
"05",2021,12,2021-03-19,11,NA,"Dengue"
"05",2021,13,2021-03-26,16,NA,"Dengue"
"05",2021,14,2021-04-02,28,NA,"Dengue"
"05",2021,15,2021-04-09,13,NA,"Dengue"
"05",2021,16,2021-04-16,16,NA,"Dengue"
"05",2021,17,2021-04-23,12,NA,"Dengue"
"05",2021,18,2021-04-30,11,NA,"Dengue"
"05",2021,19,2021-05-07,22,NA,"Dengue"
"05",2021,20,2021-05-14,15,NA,"Dengue"
"05",2021,21,2021-05-21,12,NA,"Dengue"
"05",2021,22,2021-05-28,16,NA,"Dengue"
"05",2021,23,2021-06-04,21,NA,"Dengue"
"05",2021,24,2021-06-11,19,NA,"Dengue"
"05",2021,25,2021-06-18,19,NA,"Dengue"
"05",2021,26,2021-06-25,27,NA,"Dengue"
"05",2021,27,2021-07-02,17,NA,"Dengue"
"05",2021,28,2021-07-09,15,NA,"Dengue"
"05",2021,29,2021-07-16,22,NA,"Dengue"
"05",2021,30,2021-07-23,29,NA,"Dengue"
"05",2021,31,2021-07-30,27,NA,"Dengue"
"05",2021,32,2021-08-06,22,NA,"Dengue"
"05",2021,33,2021-08-13,30,NA,"Dengue"
"05",2021,34,2021-08-20,31,NA,"Dengue"
"05",2021,35,2021-08-27,24,NA,"Dengue"
"05",2021,36,2021-09-03,34,NA,"Dengue"
"05",2021,37,2021-09-10,22,NA,"Dengue"
"05",2021,38,2021-09-17,23,NA,"Dengue"
"05",2021,39,2021-09-24,32,NA,"Dengue"
"05",2021,40,2021-10-01,41,NA,"Dengue"
"05",2021,41,2021-10-08,37,NA,"Dengue"
"05",2021,42,2021-10-15,26,NA,"Dengue"
"05",2021,43,2021-10-22,34,NA,"Dengue"
"05",2021,44,2021-10-29,40,NA,"Dengue"
"05",2021,45,2021-11-05,36,NA,"Dengue"
"05",2021,46,2021-11-12,32,NA,"Dengue"
"05",2021,47,2021-11-19,29,NA,"Dengue"
"05",2021,48,2021-11-26,31,NA,"Dengue"
"05",2021,49,2021-12-03,35,NA,"Dengue"
"05",2021,50,2021-12-10,36,NA,"Dengue"
"05",2021,51,2021-12-17,18,NA,"Dengue"
"05",2021,52,2021-12-24,18,NA,"Dengue"
"05",2022,1,2022-01-01,18,NA,"Dengue"
"05",2022,2,2022-01-08,21,NA,"Dengue"
"05",2022,3,2022-01-15,20,NA,"Dengue"
"05",2022,4,2022-01-22,28,NA,"Dengue"
"05",2022,5,2022-01-29,24,NA,"Dengue"
"05",2022,6,2022-02-05,27,NA,"Dengue"
"05",2022,7,2022-02-12,22,NA,"Dengue"
"05",2022,8,2022-02-19,35,NA,"Dengue"
"05",2022,9,2022-02-26,25,NA,"Dengue"
"05",2022,10,2022-03-05,36,NA,"Dengue"
"05",2022,11,2022-03-12,28,NA,"Dengue"
"05",2022,12,2022-03-19,31,NA,"Dengue"
"05",2022,13,2022-03-26,39,NA,"Dengue"
"05",2022,14,2022-04-02,33,NA,"Dengue"
"05",2022,15,2022-04-09,38,NA,"Dengue"
"05",2022,16,2022-04-16,42,NA,"Dengue"
"05",2022,17,2022-04-23,32,NA,"Dengue"
"05",2022,18,2022-04-30,43,NA,"Dengue"
"05",2022,19,2022-05-07,45,NA,"Dengue"
"05",2022,20,2022-05-14,54,NA,"Dengue"
"05",2022,21,2022-05-21,53,NA,"Dengue"
"05",2022,22,2022-05-28,100,NA,"Dengue"
"05",2022,23,2022-06-04,58,NA,"Dengue"
"05",2022,24,2022-06-11,56,NA,"Dengue"
"05",2022,25,2022-06-18,62,NA,"Dengue"
"05",2022,26,2022-06-25,62,NA,"Dengue"
"05",2022,27,2022-07-02,56,NA,"Dengue"
"05",2022,28,2022-07-09,52,NA,"Dengue"
"05",2022,29,2022-07-16,58,NA,"Dengue"
"05",2022,30,2022-07-23,42,NA,"Dengue"
"05",2022,31,2022-07-30,51,NA,"Dengue"
"05",2022,32,2022-08-06,44,NA,"Dengue"
"05",2022,33,2022-08-13,48,NA,"Dengue"
"05",2022,34,2022-08-20,43,NA,"Dengue"
"05",2022,35,2022-08-27,45,NA,"Dengue"
"05",2022,36,2022-09-03,38,NA,"Dengue"
"05",2022,37,2022-09-10,36,NA,"Dengue"
"05",2022,38,2022-09-17,29,NA,"Dengue"
"05",2022,39,2022-09-24,34,NA,"Dengue"
"05",2022,40,2022-10-01,34,NA,"Dengue"
"05",2022,41,2022-10-08,23,NA,"Dengue"
"05",2022,42,2022-10-15,40,NA,"Dengue"
"05",2022,43,2022-10-22,35,NA,"Dengue"
"05",2022,44,2022-10-29,25,NA,"Dengue"
"05",2022,45,2022-11-05,42,NA,"Dengue"
"05",2022,46,2022-11-12,38,NA,"Dengue"
"05",2022,47,2022-11-19,36,NA,"Dengue"
"05",2022,48,2022-11-26,23,NA,"Dengue"
"05",2022,49,2022-12-03,26,NA,"Dengue"
"05",2022,50,2022-12-10,21,NA,"Dengue"
"05",2022,51,2022-12-17,27,NA,"Dengue"
"05",2022,52,2022-12-24,29,NA,"Dengue"
"05",2023,1,2023-01-01,42,NA,"Dengue"
"05",2023,2,2023-01-08,44,NA,"Dengue"
"05",2023,3,2023-01-15,40,NA,"Dengue"
"05",2023,4,2023-01-22,50,NA,"Dengue"
"05",2023,5,2023-01-29,37,NA,"Dengue"
"05",2023,6,2023-02-05,52,NA,"Dengue"
"05",2023,7,2023-02-12,33,NA,"Dengue"
"05",2023,8,2023-02-19,31,NA,"Dengue"
"05",2023,9,2023-02-26,47,NA,"Dengue"
"05",2023,10,2023-03-05,40,NA,"Dengue"
"05",2023,11,2023-03-12,41,NA,"Dengue"
"05",2023,12,2023-03-19,50,NA,"Dengue"
"05",2023,13,2023-03-26,44,NA,"Dengue"
"05",2023,14,2023-04-02,29,NA,"Dengue"
"05",2023,15,2023-04-09,49,NA,"Dengue"
"05",2023,16,2023-04-16,47,NA,"Dengue"
"05",2023,17,2023-04-23,47,NA,"Dengue"
"05",2023,18,2023-04-30,71,NA,"Dengue"
"05",2023,19,2023-05-07,107,NA,"Dengue"
"05",2023,20,2023-05-14,105,NA,"Dengue"
"05",2023,21,2023-05-21,90,NA,"Dengue"
"05",2023,22,2023-05-28,95,NA,"Dengue"
"05",2023,23,2023-06-04,96,NA,"Dengue"
"05",2023,24,2023-06-11,83,NA,"Dengue"
"05",2023,25,2023-06-18,102,NA,"Dengue"
"05",2023,26,2023-06-25,106,NA,"Dengue"
"05",2023,27,2023-07-02,154,NA,"Dengue"
"05",2023,28,2023-07-09,150,NA,"Dengue"
"05",2023,29,2023-07-16,157,NA,"Dengue"
"05",2023,30,2023-07-23,134,NA,"Dengue"
"05",2023,31,2023-07-30,120,NA,"Dengue"
"05",2023,32,2023-08-06,146,NA,"Dengue"
"05",2023,33,2023-08-13,104,NA,"Dengue"
"05",2023,34,2023-08-20,146,NA,"Dengue"
"05",2023,35,2023-08-27,152,NA,"Dengue"
"05",2023,36,2023-09-03,149,NA,"Dengue"
"05",2023,37,2023-09-10,119,NA,"Dengue"
"05",2023,38,2023-09-17,114,NA,"Dengue"
"05",2023,39,2023-09-24,150,NA,"Dengue"
"05",2023,40,2023-10-01,162,NA,"Dengue"
"05",2023,41,2023-10-08,129,NA,"Dengue"
"05",2023,42,2023-10-15,140,NA,"Dengue"
"05",2023,43,2023-10-22,140,NA,"Dengue"
"05",2023,44,2023-10-29,103,NA,"Dengue"
"05",2023,45,2023-11-05,130,NA,"Dengue"
"05",2023,46,2023-11-12,170,NA,"Dengue"
"05",2023,47,2023-11-19,146,NA,"Dengue"
"05",2023,48,2023-11-26,163,NA,"Dengue"
"05",2023,49,2023-12-03,147,NA,"Dengue"
"05",2023,50,2023-12-10,165,NA,"Dengue"
"05",2023,51,2023-12-17,149,NA,"Dengue"
"05",2023,52,2023-12-24,124,NA,"Dengue"
"05",2024,1,2024-01-01,169,NA,"Dengue"
"05",2024,2,2024-01-08,151,NA,"Dengue"
"05",2024,3,2024-01-15,159,NA,"Dengue"
"05",2024,4,2024-01-22,154,NA,"Dengue"
"05",2024,5,2024-01-29,188,NA,"Dengue"
"05",2024,6,2024-02-05,197,NA,"Dengue"
"05",2024,7,2024-02-12,156,NA,"Dengue"
"05",2024,8,2024-02-19,161,NA,"Dengue"
"05",2024,9,2024-02-26,173,NA,"Dengue"
"05",2024,10,2024-03-04,191,NA,"Dengue"
"05",2024,11,2024-03-11,204,NA,"Dengue"
"05",2024,12,2024-03-18,180,NA,"Dengue"
"05",2024,13,2024-03-25,181,NA,"Dengue"
"05",2024,14,2024-04-01,276,NA,"Dengue"
"05",2024,15,2024-04-08,239,NA,"Dengue"
"05",2024,16,2024-04-15,276,NA,"Dengue"
"05",2024,17,2024-04-22,218,NA,"Dengue"
"05",2024,18,2024-04-29,243,NA,"Dengue"
"05",2024,19,2024-05-06,284,NA,"Dengue"
"05",2024,20,2024-05-13,318,NA,"Dengue"
"05",2024,21,2024-05-20,393,NA,"Dengue"
"05",2024,22,2024-05-27,413,NA,"Dengue"
"05",2024,23,2024-06-03,438,NA,"Dengue"
"05",2024,24,2024-06-10,484,NA,"Dengue"
"05",2024,25,2024-06-17,469,NA,"Dengue"
"05",2024,26,2024-06-24,454,NA,"Dengue"
"05",2024,27,2024-07-01,599,NA,"Dengue"
"05",2024,28,2024-07-08,540,NA,"Dengue"
"05",2024,29,2024-07-15,508,NA,"Dengue"
"05",2024,30,2024-07-22,581,NA,"Dengue"
"05",2024,31,2024-07-29,551,NA,"Dengue"
"05",2024,32,2024-08-05,468,NA,"Dengue"
"05",2024,33,2024-08-12,438,NA,"Dengue"
"05",2024,34,2024-08-19,532,NA,"Dengue"
"05",2024,35,2024-08-26,471,NA,"Dengue"
"05",2024,36,2024-09-02,469,NA,"Dengue"
"05",2024,37,2024-09-09,490,NA,"Dengue"
"05",2024,38,2024-09-16,468,NA,"Dengue"
"05",2024,39,2024-09-23,465,NA,"Dengue"
"05",2024,40,2024-09-30,362,NA,"Dengue"
"05",2024,41,2024-10-07,427,NA,"Dengue"
"05",2024,42,2024-10-14,399,NA,"Dengue"
"05",2024,43,2024-10-21,338,NA,"Dengue"
"05",2024,44,2024-10-28,376,NA,"Dengue"
"05",2024,45,2024-11-04,327,NA,"Dengue"
"05",2024,46,2024-11-11,321,NA,"Dengue"
"05",2024,47,2024-11-18,291,NA,"Dengue"
"05",2024,48,2024-11-25,287,NA,"Dengue"
"05",2024,49,2024-12-02,301,NA,"Dengue"
"05",2024,50,2024-12-09,314,NA,"Dengue"
"05",2024,51,2024-12-16,234,NA,"Dengue"
"05",2024,52,2024-12-23,226,NA,"Dengue"
"05",2025,1,2025-01-01,225,NA,"Dengue"
"05",2025,2,2025-01-08,255,NA,"Dengue"
"05",2025,3,2025-01-15,249,NA,"Dengue"
"05",2025,4,2025-01-22,227,NA,"Dengue"
"05",2025,5,2025-01-29,267,NA,"Dengue"
"05",2025,6,2025-02-05,261,NA,"Dengue"
"05",2025,7,2025-02-12,208,NA,"Dengue"
"05",2025,8,2025-02-19,182,NA,"Dengue"
"05",2025,9,2025-02-26,191,NA,"Dengue"
"05",2025,10,2025-03-05,159,NA,"Dengue"
"05",2025,11,2025-03-12,175,NA,"Dengue"
"05",2025,12,2025-03-19,177,NA,"Dengue"
"05",2025,13,2025-03-26,181,NA,"Dengue"
"05",2025,14,2025-04-02,205,NA,"Dengue"
"05",2025,15,2025-04-09,172,NA,"Dengue"
"05",2025,16,2025-04-16,193,NA,"Dengue"
"05",2025,17,2025-04-23,211,NA,"Dengue"
"05",2025,18,2025-04-30,197,NA,"Dengue"
"05",2025,19,2025-05-07,245,NA,"Dengue"
"05",2025,20,2025-05-14,193,NA,"Dengue"
"05",2025,21,2025-05-21,204,NA,"Dengue"
"05",2025,22,2025-05-28,175,NA,"Dengue"
"05",2025,23,2025-06-04,224,NA,"Dengue"
"05",2025,24,2025-06-11,168,NA,"Dengue"
"05",2025,25,2025-06-18,121,NA,"Dengue"
"05",2025,26,2025-06-25,155,NA,"Dengue"
"05",2025,27,2025-07-02,169,NA,"Dengue"
"05",2025,28,2025-07-09,177,NA,"Dengue"
"05",2025,29,2025-07-16,129,NA,"Dengue"
"05",2025,30,2025-07-23,131,NA,"Dengue"
"05",2025,31,2025-07-30,100,NA,"Dengue"
"05",2025,32,2025-08-06,102,NA,"Dengue"
"05",2025,33,2025-08-13,88,NA,"Dengue"
"05",2025,34,2025-08-20,94,NA,"Dengue"
"05",2025,35,2025-08-27,103,NA,"Dengue"
"05",2025,36,2025-09-03,97,NA,"Dengue"
"05",2025,37,2025-09-10,92,NA,"Dengue"
"05",2025,38,2025-09-17,89,NA,"Dengue"
"05",2025,39,2025-09-24,80,NA,"Dengue"
"05",2025,40,2025-10-01,97,NA,"Dengue"
"05",2025,41,2025-10-08,86,NA,"Dengue"
"05",2025,42,2025-10-15,72,NA,"Dengue"
"05",2025,43,2025-10-22,75,NA,"Dengue"
"05",2025,44,2025-10-29,63,NA,"Dengue"
"05",2025,45,2025-11-05,63,NA,"Dengue"
"05",2025,46,2025-11-12,79,NA,"Dengue"
"05",2025,47,2025-11-19,71,NA,"Dengue"
"05",2025,48,2025-11-26,61,NA,"Dengue"
"05",2025,49,2025-12-03,57,NA,"Dengue"
"05",2025,50,2025-12-10,54,NA,"Dengue"
"05",2025,51,2025-12-17,61,NA,"Dengue"
"05",2025,52,2025-12-24,70,NA,"Dengue"
"05",2025,53,2025-12-31,90,NA,"Dengue"
"08",2020,1,2020-01-01,232,NA,"Dengue"
"08",2020,2,2020-01-08,266,NA,"Dengue"
"08",2020,3,2020-01-15,231,NA,"Dengue"
"08",2020,4,2020-01-22,186,NA,"Dengue"
"08",2020,5,2020-01-29,146,NA,"Dengue"
"08",2020,6,2020-02-05,134,NA,"Dengue"
"08",2020,7,2020-02-12,108,NA,"Dengue"
"08",2020,8,2020-02-19,71,NA,"Dengue"
"08",2020,9,2020-02-26,69,NA,"Dengue"
"08",2020,10,2020-03-04,45,NA,"Dengue"
"08",2020,11,2020-03-11,28,NA,"Dengue"
"08",2020,12,2020-03-18,20,NA,"Dengue"
"08",2020,13,2020-03-25,16,NA,"Dengue"
"08",2020,14,2020-04-01,18,NA,"Dengue"
"08",2020,15,2020-04-08,11,NA,"Dengue"
"08",2020,16,2020-04-15,16,NA,"Dengue"
"08",2020,17,2020-04-22,12,NA,"Dengue"
"08",2020,18,2020-04-29,12,NA,"Dengue"
"08",2020,19,2020-05-06,13,NA,"Dengue"
"08",2020,20,2020-05-13,13,NA,"Dengue"
"08",2020,21,2020-05-20,10,NA,"Dengue"
"08",2020,22,2020-05-27,11,NA,"Dengue"
"08",2020,23,2020-06-03,11,NA,"Dengue"
"08",2020,24,2020-06-10,6,NA,"Dengue"
"08",2020,25,2020-06-17,5,NA,"Dengue"
"08",2020,26,2020-06-24,5,NA,"Dengue"
"08",2020,27,2020-07-01,3,NA,"Dengue"
"08",2020,28,2020-07-08,3,NA,"Dengue"
"08",2020,29,2020-07-15,3,NA,"Dengue"
"08",2020,30,2020-07-22,10,NA,"Dengue"
"08",2020,31,2020-07-29,7,NA,"Dengue"
"08",2020,32,2020-08-05,14,NA,"Dengue"
"08",2020,33,2020-08-12,9,NA,"Dengue"
"08",2020,34,2020-08-19,26,NA,"Dengue"
"08",2020,35,2020-08-26,17,NA,"Dengue"
"08",2020,36,2020-09-02,16,NA,"Dengue"
"08",2020,37,2020-09-09,14,NA,"Dengue"
"08",2020,38,2020-09-16,21,NA,"Dengue"
"08",2020,39,2020-09-23,23,NA,"Dengue"
"08",2020,40,2020-09-30,37,NA,"Dengue"
"08",2020,41,2020-10-07,29,NA,"Dengue"
"08",2020,42,2020-10-14,33,NA,"Dengue"
"08",2020,43,2020-10-21,32,NA,"Dengue"
"08",2020,44,2020-10-28,27,NA,"Dengue"
"08",2020,45,2020-11-04,33,NA,"Dengue"
"08",2020,46,2020-11-11,53,NA,"Dengue"
"08",2020,47,2020-11-18,35,NA,"Dengue"
"08",2020,48,2020-11-25,49,NA,"Dengue"
"08",2020,49,2020-12-02,69,NA,"Dengue"
"08",2020,50,2020-12-09,69,NA,"Dengue"
"08",2020,51,2020-12-16,91,NA,"Dengue"
"08",2020,52,2020-12-23,94,NA,"Dengue"
"08",2020,53,2020-12-30,101,NA,"Dengue"
"08",2021,1,2021-01-01,81,NA,"Dengue"
"08",2021,2,2021-01-08,68,NA,"Dengue"
"08",2021,3,2021-01-15,40,NA,"Dengue"
"08",2021,4,2021-01-22,47,NA,"Dengue"
"08",2021,5,2021-01-29,45,NA,"Dengue"
"08",2021,6,2021-02-05,30,NA,"Dengue"
"08",2021,7,2021-02-12,42,NA,"Dengue"
"08",2021,8,2021-02-19,26,NA,"Dengue"
"08",2021,9,2021-02-26,30,NA,"Dengue"
"08",2021,10,2021-03-05,18,NA,"Dengue"
"08",2021,11,2021-03-12,20,NA,"Dengue"
"08",2021,12,2021-03-19,18,NA,"Dengue"
"08",2021,13,2021-03-26,17,NA,"Dengue"
"08",2021,14,2021-04-02,13,NA,"Dengue"
"08",2021,15,2021-04-09,11,NA,"Dengue"
"08",2021,16,2021-04-16,13,NA,"Dengue"
"08",2021,17,2021-04-23,4,NA,"Dengue"
"08",2021,18,2021-04-30,11,NA,"Dengue"
"08",2021,19,2021-05-07,9,NA,"Dengue"
"08",2021,20,2021-05-14,13,NA,"Dengue"
"08",2021,21,2021-05-21,11,NA,"Dengue"
"08",2021,22,2021-05-28,12,NA,"Dengue"
"08",2021,23,2021-06-04,7,NA,"Dengue"
"08",2021,24,2021-06-11,14,NA,"Dengue"
"08",2021,25,2021-06-18,16,NA,"Dengue"
"08",2021,26,2021-06-25,25,NA,"Dengue"
"08",2021,27,2021-07-02,34,NA,"Dengue"
"08",2021,28,2021-07-09,34,NA,"Dengue"
"08",2021,29,2021-07-16,33,NA,"Dengue"
"08",2021,30,2021-07-23,57,NA,"Dengue"
"08",2021,31,2021-07-30,70,NA,"Dengue"
"08",2021,32,2021-08-06,59,NA,"Dengue"
"08",2021,33,2021-08-13,96,NA,"Dengue"
"08",2021,34,2021-08-20,80,NA,"Dengue"
"08",2021,35,2021-08-27,131,NA,"Dengue"
"08",2021,36,2021-09-03,169,NA,"Dengue"
"08",2021,37,2021-09-10,181,NA,"Dengue"
"08",2021,38,2021-09-17,221,NA,"Dengue"
"08",2021,39,2021-09-24,264,NA,"Dengue"
"08",2021,40,2021-10-01,280,NA,"Dengue"
"08",2021,41,2021-10-08,325,NA,"Dengue"
"08",2021,42,2021-10-15,265,NA,"Dengue"
"08",2021,43,2021-10-22,314,NA,"Dengue"
"08",2021,44,2021-10-29,400,NA,"Dengue"
"08",2021,45,2021-11-05,575,NA,"Dengue"
"08",2021,46,2021-11-12,650,NA,"Dengue"
"08",2021,47,2021-11-19,598,NA,"Dengue"
"08",2021,48,2021-11-26,529,NA,"Dengue"
"08",2021,49,2021-12-03,506,NA,"Dengue"
"08",2021,50,2021-12-10,377,NA,"Dengue"
"08",2021,51,2021-12-17,412,NA,"Dengue"
"08",2021,52,2021-12-24,362,NA,"Dengue"
"08",2022,1,2022-01-01,273,NA,"Dengue"
"08",2022,2,2022-01-08,184,NA,"Dengue"
"08",2022,3,2022-01-15,188,NA,"Dengue"
"08",2022,4,2022-01-22,173,NA,"Dengue"
"08",2022,5,2022-01-29,182,NA,"Dengue"
"08",2022,6,2022-02-05,157,NA,"Dengue"
"08",2022,7,2022-02-12,107,NA,"Dengue"
"08",2022,8,2022-02-19,85,NA,"Dengue"
"08",2022,9,2022-02-26,90,NA,"Dengue"
"08",2022,10,2022-03-05,69,NA,"Dengue"
"08",2022,11,2022-03-12,61,NA,"Dengue"
"08",2022,12,2022-03-19,45,NA,"Dengue"
"08",2022,13,2022-03-26,42,NA,"Dengue"
"08",2022,14,2022-04-02,41,NA,"Dengue"
"08",2022,15,2022-04-09,20,NA,"Dengue"
"08",2022,16,2022-04-16,47,NA,"Dengue"
"08",2022,17,2022-04-23,24,NA,"Dengue"
"08",2022,18,2022-04-30,35,NA,"Dengue"
"08",2022,19,2022-05-07,43,NA,"Dengue"
"08",2022,20,2022-05-14,42,NA,"Dengue"
"08",2022,21,2022-05-21,63,NA,"Dengue"
"08",2022,22,2022-05-28,69,NA,"Dengue"
"08",2022,23,2022-06-04,67,NA,"Dengue"
"08",2022,24,2022-06-11,63,NA,"Dengue"
"08",2022,25,2022-06-18,85,NA,"Dengue"
"08",2022,26,2022-06-25,93,NA,"Dengue"
"08",2022,27,2022-07-02,117,NA,"Dengue"
"08",2022,28,2022-07-09,145,NA,"Dengue"
"08",2022,29,2022-07-16,186,NA,"Dengue"
"08",2022,30,2022-07-23,189,NA,"Dengue"
"08",2022,31,2022-07-30,227,NA,"Dengue"
"08",2022,32,2022-08-06,161,NA,"Dengue"
"08",2022,33,2022-08-13,182,NA,"Dengue"
"08",2022,34,2022-08-20,193,NA,"Dengue"
"08",2022,35,2022-08-27,211,NA,"Dengue"
"08",2022,36,2022-09-03,182,NA,"Dengue"
"08",2022,37,2022-09-10,214,NA,"Dengue"
"08",2022,38,2022-09-17,248,NA,"Dengue"
"08",2022,39,2022-09-24,214,NA,"Dengue"
"08",2022,40,2022-10-01,232,NA,"Dengue"
"08",2022,41,2022-10-08,270,NA,"Dengue"
"08",2022,42,2022-10-15,378,NA,"Dengue"
"08",2022,43,2022-10-22,311,NA,"Dengue"
"08",2022,44,2022-10-29,371,NA,"Dengue"
"08",2022,45,2022-11-05,386,NA,"Dengue"
"08",2022,46,2022-11-12,471,NA,"Dengue"
"08",2022,47,2022-11-19,444,NA,"Dengue"
"08",2022,48,2022-11-26,483,NA,"Dengue"
"08",2022,49,2022-12-03,521,NA,"Dengue"
"08",2022,50,2022-12-10,521,NA,"Dengue"
"08",2022,51,2022-12-17,499,NA,"Dengue"
"08",2022,52,2022-12-24,444,NA,"Dengue"
"08",2023,1,2023-01-01,432,NA,"Dengue"
"08",2023,2,2023-01-08,348,NA,"Dengue"
"08",2023,3,2023-01-15,345,NA,"Dengue"
"08",2023,4,2023-01-22,241,NA,"Dengue"
"08",2023,5,2023-01-29,210,NA,"Dengue"
"08",2023,6,2023-02-05,209,NA,"Dengue"
"08",2023,7,2023-02-12,115,NA,"Dengue"
"08",2023,8,2023-02-19,84,NA,"Dengue"
"08",2023,9,2023-02-26,89,NA,"Dengue"
"08",2023,10,2023-03-05,63,NA,"Dengue"
"08",2023,11,2023-03-12,54,NA,"Dengue"
"08",2023,12,2023-03-19,59,NA,"Dengue"
"08",2023,13,2023-03-26,37,NA,"Dengue"
"08",2023,14,2023-04-02,32,NA,"Dengue"
"08",2023,15,2023-04-09,26,NA,"Dengue"
"08",2023,16,2023-04-16,35,NA,"Dengue"
"08",2023,17,2023-04-23,23,NA,"Dengue"
"08",2023,18,2023-04-30,45,NA,"Dengue"
"08",2023,19,2023-05-07,38,NA,"Dengue"
"08",2023,20,2023-05-14,43,NA,"Dengue"
"08",2023,21,2023-05-21,25,NA,"Dengue"
"08",2023,22,2023-05-28,24,NA,"Dengue"
"08",2023,23,2023-06-04,25,NA,"Dengue"
"08",2023,24,2023-06-11,30,NA,"Dengue"
"08",2023,25,2023-06-18,34,NA,"Dengue"
"08",2023,26,2023-06-25,36,NA,"Dengue"
"08",2023,27,2023-07-02,69,NA,"Dengue"
"08",2023,28,2023-07-09,88,NA,"Dengue"
"08",2023,29,2023-07-16,118,NA,"Dengue"
"08",2023,30,2023-07-23,78,NA,"Dengue"
"08",2023,31,2023-07-30,106,NA,"Dengue"
"08",2023,32,2023-08-06,63,NA,"Dengue"
"08",2023,33,2023-08-13,59,NA,"Dengue"
"08",2023,34,2023-08-20,75,NA,"Dengue"
"08",2023,35,2023-08-27,58,NA,"Dengue"
"08",2023,36,2023-09-03,66,NA,"Dengue"
"08",2023,37,2023-09-10,70,NA,"Dengue"
"08",2023,38,2023-09-17,77,NA,"Dengue"
"08",2023,39,2023-09-24,63,NA,"Dengue"
"08",2023,40,2023-10-01,85,NA,"Dengue"
"08",2023,41,2023-10-08,52,NA,"Dengue"
"08",2023,42,2023-10-15,64,NA,"Dengue"
"08",2023,43,2023-10-22,70,NA,"Dengue"
"08",2023,44,2023-10-29,73,NA,"Dengue"
"08",2023,45,2023-11-05,96,NA,"Dengue"
"08",2023,46,2023-11-12,97,NA,"Dengue"
"08",2023,47,2023-11-19,127,NA,"Dengue"
"08",2023,48,2023-11-26,156,NA,"Dengue"
"08",2023,49,2023-12-03,195,NA,"Dengue"
"08",2023,50,2023-12-10,217,NA,"Dengue"
"08",2023,51,2023-12-17,222,NA,"Dengue"
"08",2023,52,2023-12-24,238,NA,"Dengue"
"08",2024,1,2024-01-01,252,NA,"Dengue"
"08",2024,2,2024-01-08,224,NA,"Dengue"
"08",2024,3,2024-01-15,195,NA,"Dengue"
"08",2024,4,2024-01-22,151,NA,"Dengue"
"08",2024,5,2024-01-29,136,NA,"Dengue"
"08",2024,6,2024-02-05,134,NA,"Dengue"
"08",2024,7,2024-02-12,124,NA,"Dengue"
"08",2024,8,2024-02-19,108,NA,"Dengue"
"08",2024,9,2024-02-26,96,NA,"Dengue"
"08",2024,10,2024-03-04,77,NA,"Dengue"
"08",2024,11,2024-03-11,81,NA,"Dengue"
"08",2024,12,2024-03-18,71,NA,"Dengue"
"08",2024,13,2024-03-25,42,NA,"Dengue"
"08",2024,14,2024-04-01,61,NA,"Dengue"
"08",2024,15,2024-04-08,52,NA,"Dengue"
"08",2024,16,2024-04-15,57,NA,"Dengue"
"08",2024,17,2024-04-22,50,NA,"Dengue"
"08",2024,18,2024-04-29,51,NA,"Dengue"
"08",2024,19,2024-05-06,63,NA,"Dengue"
"08",2024,20,2024-05-13,59,NA,"Dengue"
"08",2024,21,2024-05-20,55,NA,"Dengue"
"08",2024,22,2024-05-27,78,NA,"Dengue"
"08",2024,23,2024-06-03,89,NA,"Dengue"
"08",2024,24,2024-06-10,102,NA,"Dengue"
"08",2024,25,2024-06-17,90,NA,"Dengue"
"08",2024,26,2024-06-24,84,NA,"Dengue"
"08",2024,27,2024-07-01,125,NA,"Dengue"
"08",2024,28,2024-07-08,127,NA,"Dengue"
"08",2024,29,2024-07-15,214,NA,"Dengue"
"08",2024,30,2024-07-22,229,NA,"Dengue"
"08",2024,31,2024-07-29,182,NA,"Dengue"
"08",2024,32,2024-08-05,187,NA,"Dengue"
"08",2024,33,2024-08-12,164,NA,"Dengue"
"08",2024,34,2024-08-19,175,NA,"Dengue"
"08",2024,35,2024-08-26,153,NA,"Dengue"
"08",2024,36,2024-09-02,149,NA,"Dengue"
"08",2024,37,2024-09-09,134,NA,"Dengue"
"08",2024,38,2024-09-16,158,NA,"Dengue"
"08",2024,39,2024-09-23,157,NA,"Dengue"
"08",2024,40,2024-09-30,156,NA,"Dengue"
"08",2024,41,2024-10-07,151,NA,"Dengue"
"08",2024,42,2024-10-14,173,NA,"Dengue"
"08",2024,43,2024-10-21,212,NA,"Dengue"
"08",2024,44,2024-10-28,202,NA,"Dengue"
"08",2024,45,2024-11-04,242,NA,"Dengue"
"08",2024,46,2024-11-11,238,NA,"Dengue"
"08",2024,47,2024-11-18,241,NA,"Dengue"
"08",2024,48,2024-11-25,244,NA,"Dengue"
"08",2024,49,2024-12-02,352,NA,"Dengue"
"08",2024,50,2024-12-09,400,NA,"Dengue"
"08",2024,51,2024-12-16,429,NA,"Dengue"
"08",2024,52,2024-12-23,456,NA,"Dengue"
"08",2025,1,2025-01-01,475,NA,"Dengue"
"08",2025,2,2025-01-08,550,NA,"Dengue"
"08",2025,3,2025-01-15,466,NA,"Dengue"
"08",2025,4,2025-01-22,482,NA,"Dengue"
"08",2025,5,2025-01-29,411,NA,"Dengue"
"08",2025,6,2025-02-05,329,NA,"Dengue"
"08",2025,7,2025-02-12,256,NA,"Dengue"
"08",2025,8,2025-02-19,196,NA,"Dengue"
"08",2025,9,2025-02-26,153,NA,"Dengue"
"08",2025,10,2025-03-05,131,NA,"Dengue"
"08",2025,11,2025-03-12,115,NA,"Dengue"
"08",2025,12,2025-03-19,68,NA,"Dengue"
"08",2025,13,2025-03-26,63,NA,"Dengue"
"08",2025,14,2025-04-02,54,NA,"Dengue"
"08",2025,15,2025-04-09,45,NA,"Dengue"
"08",2025,16,2025-04-16,38,NA,"Dengue"
"08",2025,17,2025-04-23,54,NA,"Dengue"
"08",2025,18,2025-04-30,36,NA,"Dengue"
"08",2025,19,2025-05-07,49,NA,"Dengue"
"08",2025,20,2025-05-14,36,NA,"Dengue"
"08",2025,21,2025-05-21,36,NA,"Dengue"
"08",2025,22,2025-05-28,58,NA,"Dengue"
"08",2025,23,2025-06-04,64,NA,"Dengue"
"08",2025,24,2025-06-11,70,NA,"Dengue"
"08",2025,25,2025-06-18,72,NA,"Dengue"
"08",2025,26,2025-06-25,90,NA,"Dengue"
"08",2025,27,2025-07-02,112,NA,"Dengue"
"08",2025,28,2025-07-09,112,NA,"Dengue"
"08",2025,29,2025-07-16,102,NA,"Dengue"
"08",2025,30,2025-07-23,113,NA,"Dengue"
"08",2025,31,2025-07-30,96,NA,"Dengue"
"08",2025,32,2025-08-06,103,NA,"Dengue"
"08",2025,33,2025-08-13,89,NA,"Dengue"
"08",2025,34,2025-08-20,94,NA,"Dengue"
"08",2025,35,2025-08-27,86,NA,"Dengue"
"08",2025,36,2025-09-03,73,NA,"Dengue"
"08",2025,37,2025-09-10,76,NA,"Dengue"
"08",2025,38,2025-09-17,78,NA,"Dengue"
"08",2025,39,2025-09-24,91,NA,"Dengue"
"08",2025,40,2025-10-01,102,NA,"Dengue"
"08",2025,41,2025-10-08,85,NA,"Dengue"
"08",2025,42,2025-10-15,138,NA,"Dengue"
"08",2025,43,2025-10-22,127,NA,"Dengue"
"08",2025,44,2025-10-29,142,NA,"Dengue"
"08",2025,45,2025-11-05,186,NA,"Dengue"
"08",2025,46,2025-11-12,222,NA,"Dengue"
"08",2025,47,2025-11-19,198,NA,"Dengue"
"08",2025,48,2025-11-26,193,NA,"Dengue"
"08",2025,49,2025-12-03,211,NA,"Dengue"
"08",2025,50,2025-12-10,208,NA,"Dengue"
"08",2025,51,2025-12-17,225,NA,"Dengue"
"08",2025,52,2025-12-24,214,NA,"Dengue"
"08",2025,53,2025-12-31,244,NA,"Dengue"
"13",2020,1,2020-01-01,153,NA,"Dengue"
"13",2020,2,2020-01-08,178,NA,"Dengue"
"13",2020,3,2020-01-15,132,NA,"Dengue"
"13",2020,4,2020-01-22,95,NA,"Dengue"
"13",2020,5,2020-01-29,110,NA,"Dengue"
"13",2020,6,2020-02-05,81,NA,"Dengue"
"13",2020,7,2020-02-12,62,NA,"Dengue"
"13",2020,8,2020-02-19,42,NA,"Dengue"
"13",2020,9,2020-02-26,42,NA,"Dengue"
"13",2020,10,2020-03-04,36,NA,"Dengue"
"13",2020,11,2020-03-11,25,NA,"Dengue"
"13",2020,12,2020-03-18,14,NA,"Dengue"
"13",2020,13,2020-03-25,6,NA,"Dengue"
"13",2020,14,2020-04-01,11,NA,"Dengue"
"13",2020,15,2020-04-08,12,NA,"Dengue"
"13",2020,16,2020-04-15,5,NA,"Dengue"
"13",2020,17,2020-04-22,9,NA,"Dengue"
"13",2020,18,2020-04-29,10,NA,"Dengue"
"13",2020,19,2020-05-06,3,NA,"Dengue"
"13",2020,20,2020-05-13,10,NA,"Dengue"
"13",2020,21,2020-05-20,8,NA,"Dengue"
"13",2020,22,2020-05-27,3,NA,"Dengue"
"13",2020,23,2020-06-03,10,NA,"Dengue"
"13",2020,24,2020-06-10,15,NA,"Dengue"
"13",2020,25,2020-06-17,8,NA,"Dengue"
"13",2020,26,2020-06-24,11,NA,"Dengue"
"13",2020,27,2020-07-01,15,NA,"Dengue"
"13",2020,28,2020-07-08,14,NA,"Dengue"
"13",2020,29,2020-07-15,8,NA,"Dengue"
"13",2020,30,2020-07-22,19,NA,"Dengue"
"13",2020,31,2020-07-29,15,NA,"Dengue"
"13",2020,32,2020-08-05,23,NA,"Dengue"
"13",2020,33,2020-08-12,23,NA,"Dengue"
"13",2020,34,2020-08-19,30,NA,"Dengue"
"13",2020,35,2020-08-26,36,NA,"Dengue"
"13",2020,36,2020-09-02,24,NA,"Dengue"
"13",2020,37,2020-09-09,38,NA,"Dengue"
"13",2020,38,2020-09-16,35,NA,"Dengue"
"13",2020,39,2020-09-23,68,NA,"Dengue"
"13",2020,40,2020-09-30,75,NA,"Dengue"
"13",2020,41,2020-10-07,78,NA,"Dengue"
"13",2020,42,2020-10-14,59,NA,"Dengue"
"13",2020,43,2020-10-21,68,NA,"Dengue"
"13",2020,44,2020-10-28,60,NA,"Dengue"
"13",2020,45,2020-11-04,73,NA,"Dengue"
"13",2020,46,2020-11-11,73,NA,"Dengue"
"13",2020,47,2020-11-18,70,NA,"Dengue"
"13",2020,48,2020-11-25,74,NA,"Dengue"
"13",2020,49,2020-12-02,66,NA,"Dengue"
"13",2020,50,2020-12-09,70,NA,"Dengue"
"13",2020,51,2020-12-16,88,NA,"Dengue"
"13",2020,52,2020-12-23,77,NA,"Dengue"
"13",2020,53,2020-12-30,70,NA,"Dengue"
"13",2021,1,2021-01-01,94,NA,"Dengue"
"13",2021,2,2021-01-08,73,NA,"Dengue"
"13",2021,3,2021-01-15,86,NA,"Dengue"
"13",2021,4,2021-01-22,66,NA,"Dengue"
"13",2021,5,2021-01-29,65,NA,"Dengue"
"13",2021,6,2021-02-05,70,NA,"Dengue"
"13",2021,7,2021-02-12,75,NA,"Dengue"
"13",2021,8,2021-02-19,53,NA,"Dengue"
"13",2021,9,2021-02-26,51,NA,"Dengue"
"13",2021,10,2021-03-05,33,NA,"Dengue"
"13",2021,11,2021-03-12,31,NA,"Dengue"
"13",2021,12,2021-03-19,25,NA,"Dengue"
"13",2021,13,2021-03-26,31,NA,"Dengue"
"13",2021,14,2021-04-02,18,NA,"Dengue"
"13",2021,15,2021-04-09,22,NA,"Dengue"
"13",2021,16,2021-04-16,13,NA,"Dengue"
"13",2021,17,2021-04-23,9,NA,"Dengue"
"13",2021,18,2021-04-30,15,NA,"Dengue"
"13",2021,19,2021-05-07,5,NA,"Dengue"
"13",2021,20,2021-05-14,14,NA,"Dengue"
"13",2021,21,2021-05-21,27,NA,"Dengue"
"13",2021,22,2021-05-28,19,NA,"Dengue"
"13",2021,23,2021-06-04,18,NA,"Dengue"
"13",2021,24,2021-06-11,15,NA,"Dengue"
"13",2021,25,2021-06-18,26,NA,"Dengue"
"13",2021,26,2021-06-25,32,NA,"Dengue"
"13",2021,27,2021-07-02,44,NA,"Dengue"
"13",2021,28,2021-07-09,66,NA,"Dengue"
"13",2021,29,2021-07-16,78,NA,"Dengue"
"13",2021,30,2021-07-23,83,NA,"Dengue"
"13",2021,31,2021-07-30,128,NA,"Dengue"
"13",2021,32,2021-08-06,179,NA,"Dengue"
"13",2021,33,2021-08-13,143,NA,"Dengue"
"13",2021,34,2021-08-20,177,NA,"Dengue"
"13",2021,35,2021-08-27,224,NA,"Dengue"
"13",2021,36,2021-09-03,282,NA,"Dengue"
"13",2021,37,2021-09-10,251,NA,"Dengue"
"13",2021,38,2021-09-17,293,NA,"Dengue"
"13",2021,39,2021-09-24,287,NA,"Dengue"
"13",2021,40,2021-10-01,320,NA,"Dengue"
"13",2021,41,2021-10-08,351,NA,"Dengue"
"13",2021,42,2021-10-15,363,NA,"Dengue"
"13",2021,43,2021-10-22,474,NA,"Dengue"
"13",2021,44,2021-10-29,505,NA,"Dengue"
"13",2021,45,2021-11-05,486,NA,"Dengue"
"13",2021,46,2021-11-12,472,NA,"Dengue"
"13",2021,47,2021-11-19,491,NA,"Dengue"
"13",2021,48,2021-11-26,378,NA,"Dengue"
"13",2021,49,2021-12-03,303,NA,"Dengue"
"13",2021,50,2021-12-10,320,NA,"Dengue"
"13",2021,51,2021-12-17,262,NA,"Dengue"
"13",2021,52,2021-12-24,197,NA,"Dengue"
"13",2022,1,2022-01-01,115,NA,"Dengue"
"13",2022,2,2022-01-08,92,NA,"Dengue"
"13",2022,3,2022-01-15,85,NA,"Dengue"
"13",2022,4,2022-01-22,66,NA,"Dengue"
"13",2022,5,2022-01-29,80,NA,"Dengue"
"13",2022,6,2022-02-05,90,NA,"Dengue"
"13",2022,7,2022-02-12,69,NA,"Dengue"
"13",2022,8,2022-02-19,62,NA,"Dengue"
"13",2022,9,2022-02-26,69,NA,"Dengue"
"13",2022,10,2022-03-05,52,NA,"Dengue"
"13",2022,11,2022-03-12,45,NA,"Dengue"
"13",2022,12,2022-03-19,54,NA,"Dengue"
"13",2022,13,2022-03-26,55,NA,"Dengue"
"13",2022,14,2022-04-02,51,NA,"Dengue"
"13",2022,15,2022-04-09,60,NA,"Dengue"
"13",2022,16,2022-04-16,73,NA,"Dengue"
"13",2022,17,2022-04-23,84,NA,"Dengue"
"13",2022,18,2022-04-30,106,NA,"Dengue"
"13",2022,19,2022-05-07,124,NA,"Dengue"
"13",2022,20,2022-05-14,152,NA,"Dengue"
"13",2022,21,2022-05-21,238,NA,"Dengue"
"13",2022,22,2022-05-28,204,NA,"Dengue"
"13",2022,23,2022-06-04,149,NA,"Dengue"
"13",2022,24,2022-06-11,137,NA,"Dengue"
"13",2022,25,2022-06-18,154,NA,"Dengue"
"13",2022,26,2022-06-25,147,NA,"Dengue"
"13",2022,27,2022-07-02,161,NA,"Dengue"
"13",2022,28,2022-07-09,148,NA,"Dengue"
"13",2022,29,2022-07-16,168,NA,"Dengue"
"13",2022,30,2022-07-23,150,NA,"Dengue"
"13",2022,31,2022-07-30,164,NA,"Dengue"
"13",2022,32,2022-08-06,168,NA,"Dengue"
"13",2022,33,2022-08-13,174,NA,"Dengue"
"13",2022,34,2022-08-20,128,NA,"Dengue"
"13",2022,35,2022-08-27,160,NA,"Dengue"
"13",2022,36,2022-09-03,163,NA,"Dengue"
"13",2022,37,2022-09-10,118,NA,"Dengue"
"13",2022,38,2022-09-17,142,NA,"Dengue"
"13",2022,39,2022-09-24,132,NA,"Dengue"
"13",2022,40,2022-10-01,150,NA,"Dengue"
"13",2022,41,2022-10-08,157,NA,"Dengue"
"13",2022,42,2022-10-15,166,NA,"Dengue"
"13",2022,43,2022-10-22,181,NA,"Dengue"
"13",2022,44,2022-10-29,159,NA,"Dengue"
"13",2022,45,2022-11-05,144,NA,"Dengue"
"13",2022,46,2022-11-12,251,NA,"Dengue"
"13",2022,47,2022-11-19,231,NA,"Dengue"
"13",2022,48,2022-11-26,172,NA,"Dengue"
"13",2022,49,2022-12-03,196,NA,"Dengue"
"13",2022,50,2022-12-10,172,NA,"Dengue"
"13",2022,51,2022-12-17,167,NA,"Dengue"
"13",2022,52,2022-12-24,164,NA,"Dengue"
"13",2023,1,2023-01-01,168,NA,"Dengue"
"13",2023,2,2023-01-08,153,NA,"Dengue"
"13",2023,3,2023-01-15,144,NA,"Dengue"
"13",2023,4,2023-01-22,102,NA,"Dengue"
"13",2023,5,2023-01-29,116,NA,"Dengue"
"13",2023,6,2023-02-05,121,NA,"Dengue"
"13",2023,7,2023-02-12,95,NA,"Dengue"
"13",2023,8,2023-02-19,81,NA,"Dengue"
"13",2023,9,2023-02-26,104,NA,"Dengue"
"13",2023,10,2023-03-05,93,NA,"Dengue"
"13",2023,11,2023-03-12,98,NA,"Dengue"
"13",2023,12,2023-03-19,112,NA,"Dengue"
"13",2023,13,2023-03-26,115,NA,"Dengue"
"13",2023,14,2023-04-02,109,NA,"Dengue"
"13",2023,15,2023-04-09,100,NA,"Dengue"
"13",2023,16,2023-04-16,102,NA,"Dengue"
"13",2023,17,2023-04-23,103,NA,"Dengue"
"13",2023,18,2023-04-30,127,NA,"Dengue"
"13",2023,19,2023-05-07,130,NA,"Dengue"
"13",2023,20,2023-05-14,142,NA,"Dengue"
"13",2023,21,2023-05-21,138,NA,"Dengue"
"13",2023,22,2023-05-28,131,NA,"Dengue"
"13",2023,23,2023-06-04,158,NA,"Dengue"
"13",2023,24,2023-06-11,113,NA,"Dengue"
"13",2023,25,2023-06-18,131,NA,"Dengue"
"13",2023,26,2023-06-25,111,NA,"Dengue"
"13",2023,27,2023-07-02,153,NA,"Dengue"
"13",2023,28,2023-07-09,186,NA,"Dengue"
"13",2023,29,2023-07-16,190,NA,"Dengue"
"13",2023,30,2023-07-23,180,NA,"Dengue"
"13",2023,31,2023-07-30,183,NA,"Dengue"
"13",2023,32,2023-08-06,170,NA,"Dengue"
"13",2023,33,2023-08-13,143,NA,"Dengue"
"13",2023,34,2023-08-20,164,NA,"Dengue"
"13",2023,35,2023-08-27,154,NA,"Dengue"
"13",2023,36,2023-09-03,176,NA,"Dengue"
"13",2023,37,2023-09-10,161,NA,"Dengue"
"13",2023,38,2023-09-17,177,NA,"Dengue"
"13",2023,39,2023-09-24,153,NA,"Dengue"
"13",2023,40,2023-10-01,208,NA,"Dengue"
"13",2023,41,2023-10-08,190,NA,"Dengue"
"13",2023,42,2023-10-15,237,NA,"Dengue"
"13",2023,43,2023-10-22,211,NA,"Dengue"
"13",2023,44,2023-10-29,216,NA,"Dengue"
"13",2023,45,2023-11-05,233,NA,"Dengue"
"13",2023,46,2023-11-12,315,NA,"Dengue"
"13",2023,47,2023-11-19,306,NA,"Dengue"
"13",2023,48,2023-11-26,330,NA,"Dengue"
"13",2023,49,2023-12-03,306,NA,"Dengue"
"13",2023,50,2023-12-10,266,NA,"Dengue"
"13",2023,51,2023-12-17,250,NA,"Dengue"
"13",2023,52,2023-12-24,257,NA,"Dengue"
"13",2024,1,2024-01-01,238,NA,"Dengue"
"13",2024,2,2024-01-08,226,NA,"Dengue"
"13",2024,3,2024-01-15,197,NA,"Dengue"
"13",2024,4,2024-01-22,182,NA,"Dengue"
"13",2024,5,2024-01-29,170,NA,"Dengue"
"13",2024,6,2024-02-05,149,NA,"Dengue"
"13",2024,7,2024-02-12,166,NA,"Dengue"
"13",2024,8,2024-02-19,132,NA,"Dengue"
"13",2024,9,2024-02-26,122,NA,"Dengue"
"13",2024,10,2024-03-04,125,NA,"Dengue"
"13",2024,11,2024-03-11,136,NA,"Dengue"
"13",2024,12,2024-03-18,120,NA,"Dengue"
"13",2024,13,2024-03-25,77,NA,"Dengue"
"13",2024,14,2024-04-01,95,NA,"Dengue"
"13",2024,15,2024-04-08,83,NA,"Dengue"
"13",2024,16,2024-04-15,74,NA,"Dengue"
"13",2024,17,2024-04-22,71,NA,"Dengue"
"13",2024,18,2024-04-29,110,NA,"Dengue"
"13",2024,19,2024-05-06,102,NA,"Dengue"
"13",2024,20,2024-05-13,122,NA,"Dengue"
"13",2024,21,2024-05-20,166,NA,"Dengue"
"13",2024,22,2024-05-27,172,NA,"Dengue"
"13",2024,23,2024-06-03,190,NA,"Dengue"
"13",2024,24,2024-06-10,192,NA,"Dengue"
"13",2024,25,2024-06-17,200,NA,"Dengue"
"13",2024,26,2024-06-24,168,NA,"Dengue"
"13",2024,27,2024-07-01,214,NA,"Dengue"
"13",2024,28,2024-07-08,238,NA,"Dengue"
"13",2024,29,2024-07-15,276,NA,"Dengue"
"13",2024,30,2024-07-22,217,NA,"Dengue"
"13",2024,31,2024-07-29,226,NA,"Dengue"
"13",2024,32,2024-08-05,235,NA,"Dengue"
"13",2024,33,2024-08-12,248,NA,"Dengue"
"13",2024,34,2024-08-19,207,NA,"Dengue"
"13",2024,35,2024-08-26,280,NA,"Dengue"
"13",2024,36,2024-09-02,341,NA,"Dengue"
"13",2024,37,2024-09-09,319,NA,"Dengue"
"13",2024,38,2024-09-16,323,NA,"Dengue"
"13",2024,39,2024-09-23,340,NA,"Dengue"
"13",2024,40,2024-09-30,318,NA,"Dengue"
"13",2024,41,2024-10-07,364,NA,"Dengue"
"13",2024,42,2024-10-14,451,NA,"Dengue"
"13",2024,43,2024-10-21,356,NA,"Dengue"
"13",2024,44,2024-10-28,412,NA,"Dengue"
"13",2024,45,2024-11-04,349,NA,"Dengue"
"13",2024,46,2024-11-11,460,NA,"Dengue"
"13",2024,47,2024-11-18,405,NA,"Dengue"
"13",2024,48,2024-11-25,399,NA,"Dengue"
"13",2024,49,2024-12-02,535,NA,"Dengue"
"13",2024,50,2024-12-09,608,NA,"Dengue"
"13",2024,51,2024-12-16,554,NA,"Dengue"
"13",2024,52,2024-12-23,548,NA,"Dengue"
"13",2025,1,2025-01-01,477,NA,"Dengue"
"13",2025,2,2025-01-08,446,NA,"Dengue"
"13",2025,3,2025-01-15,521,NA,"Dengue"
"13",2025,4,2025-01-22,600,NA,"Dengue"
"13",2025,5,2025-01-29,622,NA,"Dengue"
"13",2025,6,2025-02-05,486,NA,"Dengue"
"13",2025,7,2025-02-12,441,NA,"Dengue"
"13",2025,8,2025-02-19,313,NA,"Dengue"
"13",2025,9,2025-02-26,272,NA,"Dengue"
"13",2025,10,2025-03-05,238,NA,"Dengue"
"13",2025,11,2025-03-12,183,NA,"Dengue"
"13",2025,12,2025-03-19,175,NA,"Dengue"
"13",2025,13,2025-03-26,111,NA,"Dengue"
"13",2025,14,2025-04-02,115,NA,"Dengue"
"13",2025,15,2025-04-09,97,NA,"Dengue"
"13",2025,16,2025-04-16,103,NA,"Dengue"
"13",2025,17,2025-04-23,124,NA,"Dengue"
"13",2025,18,2025-04-30,81,NA,"Dengue"
"13",2025,19,2025-05-07,94,NA,"Dengue"
"13",2025,20,2025-05-14,93,NA,"Dengue"
"13",2025,21,2025-05-21,137,NA,"Dengue"
"13",2025,22,2025-05-28,125,NA,"Dengue"
"13",2025,23,2025-06-04,165,NA,"Dengue"
"13",2025,24,2025-06-11,154,NA,"Dengue"
"13",2025,25,2025-06-18,133,NA,"Dengue"
"13",2025,26,2025-06-25,119,NA,"Dengue"
"13",2025,27,2025-07-02,152,NA,"Dengue"
"13",2025,28,2025-07-09,182,NA,"Dengue"
"13",2025,29,2025-07-16,134,NA,"Dengue"
"13",2025,30,2025-07-23,166,NA,"Dengue"
"13",2025,31,2025-07-30,148,NA,"Dengue"
"13",2025,32,2025-08-06,126,NA,"Dengue"
"13",2025,33,2025-08-13,116,NA,"Dengue"
"13",2025,34,2025-08-20,148,NA,"Dengue"
"13",2025,35,2025-08-27,127,NA,"Dengue"
"13",2025,36,2025-09-03,141,NA,"Dengue"
"13",2025,37,2025-09-10,143,NA,"Dengue"
"13",2025,38,2025-09-17,104,NA,"Dengue"
"13",2025,39,2025-09-24,115,NA,"Dengue"
"13",2025,40,2025-10-01,132,NA,"Dengue"
"13",2025,41,2025-10-08,153,NA,"Dengue"
"13",2025,42,2025-10-15,168,NA,"Dengue"
"13",2025,43,2025-10-22,193,NA,"Dengue"
"13",2025,44,2025-10-29,213,NA,"Dengue"
"13",2025,45,2025-11-05,242,NA,"Dengue"
"13",2025,46,2025-11-12,260,NA,"Dengue"
"13",2025,47,2025-11-19,280,NA,"Dengue"
"13",2025,48,2025-11-26,279,NA,"Dengue"
"13",2025,49,2025-12-03,315,NA,"Dengue"
"13",2025,50,2025-12-10,313,NA,"Dengue"
"13",2025,51,2025-12-17,291,NA,"Dengue"
"13",2025,52,2025-12-24,273,NA,"Dengue"
"13",2025,53,2025-12-31,329,NA,"Dengue"
"15",2020,1,2020-01-01,6,NA,"Dengue"
"15",2020,2,2020-01-08,12,NA,"Dengue"
"15",2020,3,2020-01-15,17,NA,"Dengue"
"15",2020,4,2020-01-22,7,NA,"Dengue"
"15",2020,5,2020-01-29,15,NA,"Dengue"
"15",2020,6,2020-02-05,21,NA,"Dengue"
"15",2020,7,2020-02-12,32,NA,"Dengue"
"15",2020,8,2020-02-19,16,NA,"Dengue"
"15",2020,9,2020-02-26,19,NA,"Dengue"
"15",2020,10,2020-03-04,17,NA,"Dengue"
"15",2020,11,2020-03-11,12,NA,"Dengue"
"15",2020,12,2020-03-18,14,NA,"Dengue"
"15",2020,13,2020-03-25,9,NA,"Dengue"
"15",2020,14,2020-04-01,14,NA,"Dengue"
"15",2020,15,2020-04-08,17,NA,"Dengue"
"15",2020,16,2020-04-15,17,NA,"Dengue"
"15",2020,17,2020-04-22,27,NA,"Dengue"
"15",2020,18,2020-04-29,7,NA,"Dengue"
"15",2020,19,2020-05-06,10,NA,"Dengue"
"15",2020,20,2020-05-13,15,NA,"Dengue"
"15",2020,21,2020-05-20,13,NA,"Dengue"
"15",2020,22,2020-05-27,16,NA,"Dengue"
"15",2020,23,2020-06-03,12,NA,"Dengue"
"15",2020,24,2020-06-10,9,NA,"Dengue"
"15",2020,25,2020-06-17,8,NA,"Dengue"
"15",2020,26,2020-06-24,13,NA,"Dengue"
"15",2020,27,2020-07-01,7,NA,"Dengue"
"15",2020,28,2020-07-08,2,NA,"Dengue"
"15",2020,29,2020-07-15,8,NA,"Dengue"
"15",2020,30,2020-07-22,3,NA,"Dengue"
"15",2020,32,2020-08-05,3,NA,"Dengue"
"15",2020,33,2020-08-12,2,NA,"Dengue"
"15",2020,34,2020-08-19,8,NA,"Dengue"
"15",2020,35,2020-08-26,10,NA,"Dengue"
"15",2020,36,2020-09-02,5,NA,"Dengue"
"15",2020,37,2020-09-09,3,NA,"Dengue"
"15",2020,38,2020-09-16,1,NA,"Dengue"
"15",2020,39,2020-09-23,3,NA,"Dengue"
"15",2020,40,2020-09-30,5,NA,"Dengue"
"15",2020,41,2020-10-07,12,NA,"Dengue"
"15",2020,42,2020-10-14,12,NA,"Dengue"
"15",2020,43,2020-10-21,7,NA,"Dengue"
"15",2020,44,2020-10-28,10,NA,"Dengue"
"15",2020,45,2020-11-04,2,NA,"Dengue"
"15",2020,46,2020-11-11,2,NA,"Dengue"
"15",2020,47,2020-11-18,8,NA,"Dengue"
"15",2020,48,2020-11-25,4,NA,"Dengue"
"15",2020,49,2020-12-02,6,NA,"Dengue"
"15",2020,50,2020-12-09,2,NA,"Dengue"
"15",2020,51,2020-12-16,1,NA,"Dengue"
"15",2020,52,2020-12-23,1,NA,"Dengue"
"15",2020,53,2020-12-30,3,NA,"Dengue"
"15",2021,1,2021-01-01,4,NA,"Dengue"
"15",2021,2,2021-01-08,13,NA,"Dengue"
"15",2021,3,2021-01-15,2,NA,"Dengue"
"15",2021,4,2021-01-22,11,NA,"Dengue"
"15",2021,5,2021-01-29,8,NA,"Dengue"
"15",2021,6,2021-02-05,5,NA,"Dengue"
"15",2021,7,2021-02-12,8,NA,"Dengue"
"15",2021,8,2021-02-19,6,NA,"Dengue"
"15",2021,9,2021-02-26,7,NA,"Dengue"
"15",2021,10,2021-03-05,10,NA,"Dengue"
"15",2021,11,2021-03-12,7,NA,"Dengue"
"15",2021,12,2021-03-19,4,NA,"Dengue"
"15",2021,13,2021-03-26,6,NA,"Dengue"
"15",2021,14,2021-04-02,4,NA,"Dengue"
"15",2021,15,2021-04-09,7,NA,"Dengue"
"15",2021,16,2021-04-16,10,NA,"Dengue"
"15",2021,17,2021-04-23,11,NA,"Dengue"
"15",2021,18,2021-04-30,3,NA,"Dengue"
"15",2021,19,2021-05-07,8,NA,"Dengue"
"15",2021,20,2021-05-14,12,NA,"Dengue"
"15",2021,21,2021-05-21,11,NA,"Dengue"
"15",2021,22,2021-05-28,7,NA,"Dengue"
"15",2021,23,2021-06-04,5,NA,"Dengue"
"15",2021,24,2021-06-11,5,NA,"Dengue"
"15",2021,25,2021-06-18,2,NA,"Dengue"
"15",2021,26,2021-06-25,4,NA,"Dengue"
"15",2021,27,2021-07-02,3,NA,"Dengue"
"15",2021,28,2021-07-09,5,NA,"Dengue"
"15",2021,29,2021-07-16,1,NA,"Dengue"
"15",2021,30,2021-07-23,3,NA,"Dengue"
"15",2021,31,2021-07-30,3,NA,"Dengue"
"15",2021,32,2021-08-06,2,NA,"Dengue"
"15",2021,33,2021-08-13,3,NA,"Dengue"
"15",2021,34,2021-08-20,6,NA,"Dengue"
"15",2021,35,2021-08-27,5,NA,"Dengue"
"15",2021,36,2021-09-03,1,NA,"Dengue"
"15",2021,38,2021-09-17,4,NA,"Dengue"
"15",2021,39,2021-09-24,5,NA,"Dengue"
"15",2021,40,2021-10-01,8,NA,"Dengue"
"15",2021,41,2021-10-08,4,NA,"Dengue"
"15",2021,42,2021-10-15,7,NA,"Dengue"
"15",2021,43,2021-10-22,6,NA,"Dengue"
"15",2021,44,2021-10-29,4,NA,"Dengue"
"15",2021,45,2021-11-05,6,NA,"Dengue"
"15",2021,46,2021-11-12,6,NA,"Dengue"
"15",2021,47,2021-11-19,1,NA,"Dengue"
"15",2021,48,2021-11-26,3,NA,"Dengue"
"15",2021,49,2021-12-03,7,NA,"Dengue"
"15",2021,50,2021-12-10,5,NA,"Dengue"
"15",2021,51,2021-12-17,4,NA,"Dengue"
"15",2021,52,2021-12-24,5,NA,"Dengue"
"15",2022,3,2022-01-15,1,NA,"Dengue"
"15",2022,4,2022-01-22,4,NA,"Dengue"
"15",2022,6,2022-02-05,2,NA,"Dengue"
"15",2022,7,2022-02-12,1,NA,"Dengue"
"15",2022,9,2022-02-26,2,NA,"Dengue"
"15",2022,10,2022-03-05,1,NA,"Dengue"
"15",2022,11,2022-03-12,7,NA,"Dengue"
"15",2022,12,2022-03-19,7,NA,"Dengue"
"15",2022,13,2022-03-26,3,NA,"Dengue"
"15",2022,14,2022-04-02,5,NA,"Dengue"
"15",2022,15,2022-04-09,2,NA,"Dengue"
"15",2022,16,2022-04-16,6,NA,"Dengue"
"15",2022,17,2022-04-23,7,NA,"Dengue"
"15",2022,18,2022-04-30,5,NA,"Dengue"
"15",2022,19,2022-05-07,10,NA,"Dengue"
"15",2022,20,2022-05-14,11,NA,"Dengue"
"15",2022,21,2022-05-21,4,NA,"Dengue"
"15",2022,22,2022-05-28,5,NA,"Dengue"
"15",2022,23,2022-06-04,4,NA,"Dengue"
"15",2022,24,2022-06-11,3,NA,"Dengue"
"15",2022,25,2022-06-18,5,NA,"Dengue"
"15",2022,26,2022-06-25,2,NA,"Dengue"
"15",2022,27,2022-07-02,5,NA,"Dengue"
"15",2022,28,2022-07-09,2,NA,"Dengue"
"15",2022,29,2022-07-16,3,NA,"Dengue"
"15",2022,30,2022-07-23,9,NA,"Dengue"
"15",2022,31,2022-07-30,6,NA,"Dengue"
"15",2022,32,2022-08-06,2,NA,"Dengue"
"15",2022,33,2022-08-13,7,NA,"Dengue"
"15",2022,34,2022-08-20,6,NA,"Dengue"
"15",2022,35,2022-08-27,4,NA,"Dengue"
"15",2022,36,2022-09-03,5,NA,"Dengue"
"15",2022,37,2022-09-10,2,NA,"Dengue"
"15",2022,38,2022-09-17,1,NA,"Dengue"
"15",2022,39,2022-09-24,1,NA,"Dengue"
"15",2022,40,2022-10-01,1,NA,"Dengue"
"15",2022,41,2022-10-08,3,NA,"Dengue"
"15",2022,42,2022-10-15,2,NA,"Dengue"
"15",2022,43,2022-10-22,3,NA,"Dengue"
"15",2022,44,2022-10-29,4,NA,"Dengue"
"15",2022,45,2022-11-05,4,NA,"Dengue"
"15",2022,47,2022-11-19,3,NA,"Dengue"
"15",2022,48,2022-11-26,3,NA,"Dengue"
"15",2022,49,2022-12-03,3,NA,"Dengue"
"15",2022,50,2022-12-10,6,NA,"Dengue"
"15",2022,51,2022-12-17,5,NA,"Dengue"
"15",2022,52,2022-12-24,5,NA,"Dengue"
"15",2023,1,2023-01-01,1,NA,"Dengue"
"15",2023,2,2023-01-08,6,NA,"Dengue"
"15",2023,3,2023-01-15,3,NA,"Dengue"
"15",2023,4,2023-01-22,4,NA,"Dengue"
"15",2023,5,2023-01-29,4,NA,"Dengue"
"15",2023,6,2023-02-05,10,NA,"Dengue"
"15",2023,7,2023-02-12,14,NA,"Dengue"
"15",2023,8,2023-02-19,11,NA,"Dengue"
"15",2023,9,2023-02-26,13,NA,"Dengue"
"15",2023,10,2023-03-05,11,NA,"Dengue"
"15",2023,11,2023-03-12,11,NA,"Dengue"
"15",2023,12,2023-03-19,1,NA,"Dengue"
"15",2023,13,2023-03-26,6,NA,"Dengue"
"15",2023,14,2023-04-02,2,NA,"Dengue"
"15",2023,15,2023-04-09,8,NA,"Dengue"
"15",2023,16,2023-04-16,5,NA,"Dengue"
"15",2023,17,2023-04-23,11,NA,"Dengue"
"15",2023,18,2023-04-30,8,NA,"Dengue"
"15",2023,19,2023-05-07,19,NA,"Dengue"
"15",2023,20,2023-05-14,10,NA,"Dengue"
"15",2023,21,2023-05-21,4,NA,"Dengue"
"15",2023,22,2023-05-28,7,NA,"Dengue"
"15",2023,23,2023-06-04,8,NA,"Dengue"
"15",2023,24,2023-06-11,5,NA,"Dengue"
"15",2023,25,2023-06-18,8,NA,"Dengue"
"15",2023,26,2023-06-25,11,NA,"Dengue"
"15",2023,27,2023-07-02,8,NA,"Dengue"
"15",2023,28,2023-07-09,5,NA,"Dengue"
"15",2023,29,2023-07-16,7,NA,"Dengue"
"15",2023,30,2023-07-23,1,NA,"Dengue"
"15",2023,31,2023-07-30,8,NA,"Dengue"
"15",2023,32,2023-08-06,7,NA,"Dengue"
"15",2023,33,2023-08-13,10,NA,"Dengue"
"15",2023,34,2023-08-20,12,NA,"Dengue"
"15",2023,35,2023-08-27,4,NA,"Dengue"
"15",2023,36,2023-09-03,4,NA,"Dengue"
"15",2023,37,2023-09-10,2,NA,"Dengue"
"15",2023,38,2023-09-17,5,NA,"Dengue"
"15",2023,39,2023-09-24,2,NA,"Dengue"
"15",2023,40,2023-10-01,2,NA,"Dengue"
"15",2023,41,2023-10-08,2,NA,"Dengue"
"15",2023,42,2023-10-15,2,NA,"Dengue"
"15",2023,43,2023-10-22,1,NA,"Dengue"
"15",2023,44,2023-10-29,2,NA,"Dengue"
"15",2023,45,2023-11-05,6,NA,"Dengue"
"15",2023,46,2023-11-12,4,NA,"Dengue"
"15",2023,47,2023-11-19,5,NA,"Dengue"
"15",2023,48,2023-11-26,4,NA,"Dengue"
"15",2023,49,2023-12-03,4,NA,"Dengue"
"15",2023,50,2023-12-10,6,NA,"Dengue"
"15",2023,51,2023-12-17,6,NA,"Dengue"
"15",2023,52,2023-12-24,11,NA,"Dengue"
"15",2024,1,2024-01-01,5,NA,"Dengue"
"15",2024,2,2024-01-08,8,NA,"Dengue"
"15",2024,3,2024-01-15,8,NA,"Dengue"
"15",2024,4,2024-01-22,9,NA,"Dengue"
"15",2024,5,2024-01-29,9,NA,"Dengue"
"15",2024,6,2024-02-05,8,NA,"Dengue"
"15",2024,7,2024-02-12,16,NA,"Dengue"
"15",2024,8,2024-02-19,9,NA,"Dengue"
"15",2024,9,2024-02-26,14,NA,"Dengue"
"15",2024,10,2024-03-04,26,NA,"Dengue"
"15",2024,11,2024-03-11,38,NA,"Dengue"
"15",2024,12,2024-03-18,48,NA,"Dengue"
"15",2024,13,2024-03-25,40,NA,"Dengue"
"15",2024,14,2024-04-01,35,NA,"Dengue"
"15",2024,15,2024-04-08,37,NA,"Dengue"
"15",2024,16,2024-04-15,53,NA,"Dengue"
"15",2024,17,2024-04-22,49,NA,"Dengue"
"15",2024,18,2024-04-29,63,NA,"Dengue"
"15",2024,19,2024-05-06,59,NA,"Dengue"
"15",2024,20,2024-05-13,71,NA,"Dengue"
"15",2024,21,2024-05-20,82,NA,"Dengue"
"15",2024,22,2024-05-27,99,NA,"Dengue"
"15",2024,23,2024-06-03,63,NA,"Dengue"
"15",2024,24,2024-06-10,59,NA,"Dengue"
"15",2024,25,2024-06-17,49,NA,"Dengue"
"15",2024,26,2024-06-24,58,NA,"Dengue"
"15",2024,27,2024-07-01,56,NA,"Dengue"
"15",2024,28,2024-07-08,42,NA,"Dengue"
"15",2024,29,2024-07-15,44,NA,"Dengue"
"15",2024,30,2024-07-22,39,NA,"Dengue"
"15",2024,31,2024-07-29,48,NA,"Dengue"
"15",2024,32,2024-08-05,49,NA,"Dengue"
"15",2024,33,2024-08-12,41,NA,"Dengue"
"15",2024,34,2024-08-19,33,NA,"Dengue"
"15",2024,35,2024-08-26,23,NA,"Dengue"
"15",2024,36,2024-09-02,28,NA,"Dengue"
"15",2024,37,2024-09-09,32,NA,"Dengue"
"15",2024,38,2024-09-16,30,NA,"Dengue"
"15",2024,39,2024-09-23,37,NA,"Dengue"
"15",2024,40,2024-09-30,41,NA,"Dengue"
"15",2024,41,2024-10-07,19,NA,"Dengue"
"15",2024,42,2024-10-14,29,NA,"Dengue"
"15",2024,43,2024-10-21,22,NA,"Dengue"
"15",2024,44,2024-10-28,33,NA,"Dengue"
"15",2024,45,2024-11-04,23,NA,"Dengue"
"15",2024,46,2024-11-11,18,NA,"Dengue"
"15",2024,47,2024-11-18,23,NA,"Dengue"
"15",2024,48,2024-11-25,17,NA,"Dengue"
"15",2024,49,2024-12-02,16,NA,"Dengue"
"15",2024,50,2024-12-09,22,NA,"Dengue"
"15",2024,51,2024-12-16,21,NA,"Dengue"
"15",2024,52,2024-12-23,19,NA,"Dengue"
"15",2025,1,2025-01-01,27,NA,"Dengue"
"15",2025,2,2025-01-08,15,NA,"Dengue"
"15",2025,3,2025-01-15,17,NA,"Dengue"
"15",2025,4,2025-01-22,17,NA,"Dengue"
"15",2025,5,2025-01-29,27,NA,"Dengue"
"15",2025,6,2025-02-05,20,NA,"Dengue"
"15",2025,7,2025-02-12,21,NA,"Dengue"
"15",2025,8,2025-02-19,17,NA,"Dengue"
"15",2025,9,2025-02-26,21,NA,"Dengue"
"15",2025,10,2025-03-05,21,NA,"Dengue"
"15",2025,11,2025-03-12,30,NA,"Dengue"
"15",2025,12,2025-03-19,23,NA,"Dengue"
"15",2025,13,2025-03-26,24,NA,"Dengue"
"15",2025,14,2025-04-02,16,NA,"Dengue"
"15",2025,15,2025-04-09,20,NA,"Dengue"
"15",2025,16,2025-04-16,19,NA,"Dengue"
"15",2025,17,2025-04-23,18,NA,"Dengue"
"15",2025,18,2025-04-30,14,NA,"Dengue"
"15",2025,19,2025-05-07,17,NA,"Dengue"
"15",2025,20,2025-05-14,11,NA,"Dengue"
"15",2025,21,2025-05-21,16,NA,"Dengue"
"15",2025,22,2025-05-28,10,NA,"Dengue"
"15",2025,23,2025-06-04,19,NA,"Dengue"
"15",2025,24,2025-06-11,15,NA,"Dengue"
"15",2025,25,2025-06-18,13,NA,"Dengue"
"15",2025,26,2025-06-25,7,NA,"Dengue"
"15",2025,27,2025-07-02,11,NA,"Dengue"
"15",2025,28,2025-07-09,12,NA,"Dengue"
"15",2025,29,2025-07-16,10,NA,"Dengue"
"15",2025,30,2025-07-23,7,NA,"Dengue"
"15",2025,31,2025-07-30,14,NA,"Dengue"
"15",2025,32,2025-08-06,4,NA,"Dengue"
"15",2025,33,2025-08-13,6,NA,"Dengue"
"15",2025,34,2025-08-20,12,NA,"Dengue"
"15",2025,35,2025-08-27,9,NA,"Dengue"
"15",2025,36,2025-09-03,7,NA,"Dengue"
"15",2025,37,2025-09-10,7,NA,"Dengue"
"15",2025,38,2025-09-17,4,NA,"Dengue"
"15",2025,39,2025-09-24,4,NA,"Dengue"
"15",2025,40,2025-10-01,5,NA,"Dengue"
"15",2025,41,2025-10-08,5,NA,"Dengue"
"15",2025,42,2025-10-15,5,NA,"Dengue"
"15",2025,43,2025-10-22,2,NA,"Dengue"
"15",2025,44,2025-10-29,2,NA,"Dengue"
"15",2025,45,2025-11-05,2,NA,"Dengue"
"15",2025,46,2025-11-12,5,NA,"Dengue"
"15",2025,47,2025-11-19,2,NA,"Dengue"
"15",2025,48,2025-11-26,6,NA,"Dengue"
"15",2025,49,2025-12-03,5,NA,"Dengue"
"15",2025,50,2025-12-10,3,NA,"Dengue"
"15",2025,51,2025-12-17,5,NA,"Dengue"
"15",2025,52,2025-12-24,4,NA,"Dengue"
"15",2025,53,2025-12-31,3,NA,"Dengue"
"17",2020,1,2020-01-01,8,NA,"Dengue"
"17",2020,2,2020-01-08,21,NA,"Dengue"
"17",2020,3,2020-01-15,14,NA,"Dengue"
"17",2020,4,2020-01-22,14,NA,"Dengue"
"17",2020,5,2020-01-29,13,NA,"Dengue"
"17",2020,6,2020-02-05,15,NA,"Dengue"
"17",2020,7,2020-02-12,10,NA,"Dengue"
"17",2020,8,2020-02-19,13,NA,"Dengue"
"17",2020,9,2020-02-26,14,NA,"Dengue"
"17",2020,10,2020-03-04,14,NA,"Dengue"
"17",2020,11,2020-03-11,9,NA,"Dengue"
"17",2020,12,2020-03-18,4,NA,"Dengue"
"17",2020,13,2020-03-25,8,NA,"Dengue"
"17",2020,14,2020-04-01,5,NA,"Dengue"
"17",2020,15,2020-04-08,11,NA,"Dengue"
"17",2020,16,2020-04-15,6,NA,"Dengue"
"17",2020,17,2020-04-22,11,NA,"Dengue"
"17",2020,18,2020-04-29,3,NA,"Dengue"
"17",2020,19,2020-05-06,9,NA,"Dengue"
"17",2020,20,2020-05-13,21,NA,"Dengue"
"17",2020,21,2020-05-20,15,NA,"Dengue"
"17",2020,22,2020-05-27,13,NA,"Dengue"
"17",2020,23,2020-06-03,25,NA,"Dengue"
"17",2020,24,2020-06-10,22,NA,"Dengue"
"17",2020,25,2020-06-17,17,NA,"Dengue"
"17",2020,26,2020-06-24,16,NA,"Dengue"
"17",2020,27,2020-07-01,20,NA,"Dengue"
"17",2020,28,2020-07-08,21,NA,"Dengue"
"17",2020,29,2020-07-15,11,NA,"Dengue"
"17",2020,30,2020-07-22,7,NA,"Dengue"
"17",2020,31,2020-07-29,8,NA,"Dengue"
"17",2020,32,2020-08-05,8,NA,"Dengue"
"17",2020,33,2020-08-12,10,NA,"Dengue"
"17",2020,34,2020-08-19,10,NA,"Dengue"
"17",2020,35,2020-08-26,10,NA,"Dengue"
"17",2020,36,2020-09-02,6,NA,"Dengue"
"17",2020,37,2020-09-09,7,NA,"Dengue"
"17",2020,38,2020-09-16,9,NA,"Dengue"
"17",2020,39,2020-09-23,4,NA,"Dengue"
"17",2020,40,2020-09-30,5,NA,"Dengue"
"17",2020,41,2020-10-07,1,NA,"Dengue"
"17",2020,42,2020-10-14,2,NA,"Dengue"
"17",2020,43,2020-10-21,5,NA,"Dengue"
"17",2020,44,2020-10-28,4,NA,"Dengue"
"17",2020,45,2020-11-04,1,NA,"Dengue"
"17",2020,47,2020-11-18,4,NA,"Dengue"
"17",2020,48,2020-11-25,3,NA,"Dengue"
"17",2020,50,2020-12-09,2,NA,"Dengue"
"17",2020,51,2020-12-16,3,NA,"Dengue"
"17",2020,53,2020-12-30,1,NA,"Dengue"
"17",2021,1,2021-01-01,1,NA,"Dengue"
"17",2021,2,2021-01-08,2,NA,"Dengue"
"17",2021,3,2021-01-15,1,NA,"Dengue"
"17",2021,4,2021-01-22,3,NA,"Dengue"
"17",2021,5,2021-01-29,3,NA,"Dengue"
"17",2021,6,2021-02-05,3,NA,"Dengue"
"17",2021,7,2021-02-12,1,NA,"Dengue"
"17",2021,8,2021-02-19,1,NA,"Dengue"
"17",2021,9,2021-02-26,1,NA,"Dengue"
"17",2021,10,2021-03-05,1,NA,"Dengue"
"17",2021,11,2021-03-12,3,NA,"Dengue"
"17",2021,13,2021-03-26,2,NA,"Dengue"
"17",2021,14,2021-04-02,2,NA,"Dengue"
"17",2021,16,2021-04-16,3,NA,"Dengue"
"17",2021,17,2021-04-23,1,NA,"Dengue"
"17",2021,19,2021-05-07,4,NA,"Dengue"
"17",2021,20,2021-05-14,1,NA,"Dengue"
"17",2021,21,2021-05-21,2,NA,"Dengue"
"17",2021,22,2021-05-28,2,NA,"Dengue"
"17",2021,23,2021-06-04,1,NA,"Dengue"
"17",2021,24,2021-06-11,2,NA,"Dengue"
"17",2021,26,2021-06-25,2,NA,"Dengue"
"17",2021,27,2021-07-02,4,NA,"Dengue"
"17",2021,29,2021-07-16,1,NA,"Dengue"
"17",2021,30,2021-07-23,1,NA,"Dengue"
"17",2021,31,2021-07-30,1,NA,"Dengue"
"17",2021,34,2021-08-20,2,NA,"Dengue"
"17",2021,35,2021-08-27,1,NA,"Dengue"
"17",2021,36,2021-09-03,1,NA,"Dengue"
"17",2021,40,2021-10-01,1,NA,"Dengue"
"17",2021,41,2021-10-08,2,NA,"Dengue"
"17",2021,43,2021-10-22,1,NA,"Dengue"
"17",2021,44,2021-10-29,1,NA,"Dengue"
"17",2021,45,2021-11-05,4,NA,"Dengue"
"17",2021,46,2021-11-12,2,NA,"Dengue"
"17",2021,47,2021-11-19,2,NA,"Dengue"
"17",2021,48,2021-11-26,4,NA,"Dengue"
"17",2021,50,2021-12-10,2,NA,"Dengue"
"17",2021,51,2021-12-17,2,NA,"Dengue"
"17",2022,1,2022-01-01,2,NA,"Dengue"
"17",2022,3,2022-01-15,2,NA,"Dengue"
"17",2022,4,2022-01-22,1,NA,"Dengue"
"17",2022,5,2022-01-29,4,NA,"Dengue"
"17",2022,7,2022-02-12,2,NA,"Dengue"
"17",2022,8,2022-02-19,1,NA,"Dengue"
"17",2022,9,2022-02-26,1,NA,"Dengue"
"17",2022,10,2022-03-05,2,NA,"Dengue"
"17",2022,11,2022-03-12,3,NA,"Dengue"
"17",2022,12,2022-03-19,1,NA,"Dengue"
"17",2022,13,2022-03-26,3,NA,"Dengue"
"17",2022,14,2022-04-02,4,NA,"Dengue"
"17",2022,15,2022-04-09,2,NA,"Dengue"
"17",2022,16,2022-04-16,8,NA,"Dengue"
"17",2022,17,2022-04-23,7,NA,"Dengue"
"17",2022,18,2022-04-30,6,NA,"Dengue"
"17",2022,19,2022-05-07,4,NA,"Dengue"
"17",2022,20,2022-05-14,5,NA,"Dengue"
"17",2022,21,2022-05-21,1,NA,"Dengue"
"17",2022,22,2022-05-28,6,NA,"Dengue"
"17",2022,23,2022-06-04,2,NA,"Dengue"
"17",2022,24,2022-06-11,4,NA,"Dengue"
"17",2022,25,2022-06-18,8,NA,"Dengue"
"17",2022,26,2022-06-25,5,NA,"Dengue"
"17",2022,27,2022-07-02,2,NA,"Dengue"
"17",2022,28,2022-07-09,6,NA,"Dengue"
"17",2022,29,2022-07-16,6,NA,"Dengue"
"17",2022,30,2022-07-23,3,NA,"Dengue"
"17",2022,31,2022-07-30,10,NA,"Dengue"
"17",2022,32,2022-08-06,5,NA,"Dengue"
"17",2022,33,2022-08-13,8,NA,"Dengue"
"17",2022,34,2022-08-20,3,NA,"Dengue"
"17",2022,35,2022-08-27,5,NA,"Dengue"
"17",2022,36,2022-09-03,4,NA,"Dengue"
"17",2022,37,2022-09-10,1,NA,"Dengue"
"17",2022,38,2022-09-17,2,NA,"Dengue"
"17",2022,39,2022-09-24,5,NA,"Dengue"
"17",2022,40,2022-10-01,6,NA,"Dengue"
"17",2022,42,2022-10-15,3,NA,"Dengue"
"17",2022,43,2022-10-22,1,NA,"Dengue"
"17",2022,44,2022-10-29,2,NA,"Dengue"
"17",2022,45,2022-11-05,1,NA,"Dengue"
"17",2022,46,2022-11-12,2,NA,"Dengue"
"17",2022,47,2022-11-19,3,NA,"Dengue"
"17",2022,48,2022-11-26,6,NA,"Dengue"
"17",2022,49,2022-12-03,4,NA,"Dengue"
"17",2022,50,2022-12-10,4,NA,"Dengue"
"17",2022,51,2022-12-17,1,NA,"Dengue"
"17",2022,52,2022-12-24,3,NA,"Dengue"
"17",2023,1,2023-01-01,3,NA,"Dengue"
"17",2023,2,2023-01-08,4,NA,"Dengue"
"17",2023,3,2023-01-15,4,NA,"Dengue"
"17",2023,4,2023-01-22,1,NA,"Dengue"
"17",2023,5,2023-01-29,6,NA,"Dengue"
"17",2023,6,2023-02-05,2,NA,"Dengue"
"17",2023,8,2023-02-19,3,NA,"Dengue"
"17",2023,10,2023-03-05,1,NA,"Dengue"
"17",2023,11,2023-03-12,2,NA,"Dengue"
"17",2023,13,2023-03-26,1,NA,"Dengue"
"17",2023,16,2023-04-16,3,NA,"Dengue"
"17",2023,18,2023-04-30,2,NA,"Dengue"
"17",2023,19,2023-05-07,1,NA,"Dengue"
"17",2023,20,2023-05-14,3,NA,"Dengue"
"17",2023,21,2023-05-21,3,NA,"Dengue"
"17",2023,22,2023-05-28,3,NA,"Dengue"
"17",2023,23,2023-06-04,2,NA,"Dengue"
"17",2023,24,2023-06-11,1,NA,"Dengue"
"17",2023,25,2023-06-18,4,NA,"Dengue"
"17",2023,26,2023-06-25,4,NA,"Dengue"
"17",2023,27,2023-07-02,3,NA,"Dengue"
"17",2023,28,2023-07-09,1,NA,"Dengue"
"17",2023,29,2023-07-16,4,NA,"Dengue"
"17",2023,30,2023-07-23,5,NA,"Dengue"
"17",2023,31,2023-07-30,3,NA,"Dengue"
"17",2023,32,2023-08-06,4,NA,"Dengue"
"17",2023,33,2023-08-13,1,NA,"Dengue"
"17",2023,34,2023-08-20,2,NA,"Dengue"
"17",2023,35,2023-08-27,1,NA,"Dengue"
"17",2023,36,2023-09-03,4,NA,"Dengue"
"17",2023,37,2023-09-10,1,NA,"Dengue"
"17",2023,38,2023-09-17,1,NA,"Dengue"
"17",2023,39,2023-09-24,7,NA,"Dengue"
"17",2023,40,2023-10-01,7,NA,"Dengue"
"17",2023,41,2023-10-08,2,NA,"Dengue"
"17",2023,42,2023-10-15,5,NA,"Dengue"
"17",2023,43,2023-10-22,8,NA,"Dengue"
"17",2023,44,2023-10-29,9,NA,"Dengue"
"17",2023,45,2023-11-05,12,NA,"Dengue"
"17",2023,46,2023-11-12,9,NA,"Dengue"
"17",2023,47,2023-11-19,4,NA,"Dengue"
"17",2023,48,2023-11-26,6,NA,"Dengue"
"17",2023,49,2023-12-03,9,NA,"Dengue"
"17",2023,50,2023-12-10,4,NA,"Dengue"
"17",2023,51,2023-12-17,8,NA,"Dengue"
"17",2023,52,2023-12-24,5,NA,"Dengue"
"17",2024,1,2024-01-01,15,NA,"Dengue"
"17",2024,2,2024-01-08,15,NA,"Dengue"
"17",2024,3,2024-01-15,13,NA,"Dengue"
"17",2024,4,2024-01-22,18,NA,"Dengue"
"17",2024,5,2024-01-29,17,NA,"Dengue"
"17",2024,6,2024-02-05,14,NA,"Dengue"
"17",2024,7,2024-02-12,17,NA,"Dengue"
"17",2024,8,2024-02-19,17,NA,"Dengue"
"17",2024,9,2024-02-26,18,NA,"Dengue"
"17",2024,10,2024-03-04,9,NA,"Dengue"
"17",2024,11,2024-03-11,24,NA,"Dengue"
"17",2024,12,2024-03-18,50,NA,"Dengue"
"17",2024,13,2024-03-25,54,NA,"Dengue"
"17",2024,14,2024-04-01,73,NA,"Dengue"
"17",2024,15,2024-04-08,67,NA,"Dengue"
"17",2024,16,2024-04-15,80,NA,"Dengue"
"17",2024,17,2024-04-22,77,NA,"Dengue"
"17",2024,18,2024-04-29,78,NA,"Dengue"
"17",2024,19,2024-05-06,94,NA,"Dengue"
"17",2024,20,2024-05-13,72,NA,"Dengue"
"17",2024,21,2024-05-20,66,NA,"Dengue"
"17",2024,22,2024-05-27,87,NA,"Dengue"
"17",2024,23,2024-06-03,73,NA,"Dengue"
"17",2024,24,2024-06-10,64,NA,"Dengue"
"17",2024,25,2024-06-17,62,NA,"Dengue"
"17",2024,26,2024-06-24,57,NA,"Dengue"
"17",2024,27,2024-07-01,81,NA,"Dengue"
"17",2024,28,2024-07-08,82,NA,"Dengue"
"17",2024,29,2024-07-15,86,NA,"Dengue"
"17",2024,30,2024-07-22,84,NA,"Dengue"
"17",2024,31,2024-07-29,74,NA,"Dengue"
"17",2024,32,2024-08-05,79,NA,"Dengue"
"17",2024,33,2024-08-12,74,NA,"Dengue"
"17",2024,34,2024-08-19,76,NA,"Dengue"
"17",2024,35,2024-08-26,88,NA,"Dengue"
"17",2024,36,2024-09-02,88,NA,"Dengue"
"17",2024,37,2024-09-09,87,NA,"Dengue"
"17",2024,38,2024-09-16,97,NA,"Dengue"
"17",2024,39,2024-09-23,55,NA,"Dengue"
"17",2024,40,2024-09-30,47,NA,"Dengue"
"17",2024,41,2024-10-07,54,NA,"Dengue"
"17",2024,42,2024-10-14,46,NA,"Dengue"
"17",2024,43,2024-10-21,43,NA,"Dengue"
"17",2024,44,2024-10-28,22,NA,"Dengue"
"17",2024,45,2024-11-04,35,NA,"Dengue"
"17",2024,46,2024-11-11,23,NA,"Dengue"
"17",2024,47,2024-11-18,26,NA,"Dengue"
"17",2024,48,2024-11-25,16,NA,"Dengue"
"17",2024,49,2024-12-02,13,NA,"Dengue"
"17",2024,50,2024-12-09,23,NA,"Dengue"
"17",2024,51,2024-12-16,15,NA,"Dengue"
"17",2024,52,2024-12-23,12,NA,"Dengue"
"17",2025,1,2025-01-01,13,NA,"Dengue"
"17",2025,2,2025-01-08,10,NA,"Dengue"
"17",2025,3,2025-01-15,13,NA,"Dengue"
"17",2025,4,2025-01-22,16,NA,"Dengue"
"17",2025,5,2025-01-29,15,NA,"Dengue"
"17",2025,6,2025-02-05,9,NA,"Dengue"
"17",2025,7,2025-02-12,14,NA,"Dengue"
"17",2025,8,2025-02-19,13,NA,"Dengue"
"17",2025,9,2025-02-26,12,NA,"Dengue"
"17",2025,10,2025-03-05,10,NA,"Dengue"
"17",2025,11,2025-03-12,9,NA,"Dengue"
"17",2025,12,2025-03-19,13,NA,"Dengue"
"17",2025,13,2025-03-26,12,NA,"Dengue"
"17",2025,14,2025-04-02,9,NA,"Dengue"
"17",2025,15,2025-04-09,11,NA,"Dengue"
"17",2025,16,2025-04-16,18,NA,"Dengue"
"17",2025,17,2025-04-23,7,NA,"Dengue"
"17",2025,18,2025-04-30,12,NA,"Dengue"
"17",2025,19,2025-05-07,6,NA,"Dengue"
"17",2025,20,2025-05-14,5,NA,"Dengue"
"17",2025,21,2025-05-21,5,NA,"Dengue"
"17",2025,22,2025-05-28,4,NA,"Dengue"
"17",2025,23,2025-06-04,2,NA,"Dengue"
"17",2025,24,2025-06-11,4,NA,"Dengue"
"17",2025,25,2025-06-18,6,NA,"Dengue"
"17",2025,26,2025-06-25,2,NA,"Dengue"
"17",2025,27,2025-07-02,2,NA,"Dengue"
"17",2025,28,2025-07-09,1,NA,"Dengue"
"17",2025,29,2025-07-16,3,NA,"Dengue"
"17",2025,30,2025-07-23,3,NA,"Dengue"
"17",2025,31,2025-07-30,4,NA,"Dengue"
"17",2025,32,2025-08-06,2,NA,"Dengue"
"17",2025,33,2025-08-13,3,NA,"Dengue"
"17",2025,34,2025-08-20,2,NA,"Dengue"
"17",2025,35,2025-08-27,3,NA,"Dengue"
"17",2025,36,2025-09-03,1,NA,"Dengue"
"17",2025,37,2025-09-10,1,NA,"Dengue"
"17",2025,38,2025-09-17,2,NA,"Dengue"
"17",2025,39,2025-09-24,2,NA,"Dengue"
"17",2025,40,2025-10-01,1,NA,"Dengue"
"17",2025,42,2025-10-15,2,NA,"Dengue"
"17",2025,44,2025-10-29,4,NA,"Dengue"
"17",2025,45,2025-11-05,1,NA,"Dengue"
"17",2025,46,2025-11-12,1,NA,"Dengue"
"17",2025,47,2025-11-19,1,NA,"Dengue"
"17",2025,48,2025-11-26,1,NA,"Dengue"
"17",2025,49,2025-12-03,1,NA,"Dengue"
"17",2025,50,2025-12-10,1,NA,"Dengue"
"17",2025,51,2025-12-17,4,NA,"Dengue"
"17",2025,52,2025-12-24,1,NA,"Dengue"
"17",2025,53,2025-12-31,1,NA,"Dengue"
"18",2020,1,2020-01-01,63,NA,"Dengue"
"18",2020,2,2020-01-08,91,NA,"Dengue"
"18",2020,3,2020-01-15,120,NA,"Dengue"
"18",2020,4,2020-01-22,115,NA,"Dengue"
"18",2020,5,2020-01-29,104,NA,"Dengue"
"18",2020,6,2020-02-05,117,NA,"Dengue"
"18",2020,7,2020-02-12,106,NA,"Dengue"
"18",2020,8,2020-02-19,110,NA,"Dengue"
"18",2020,9,2020-02-26,106,NA,"Dengue"
"18",2020,10,2020-03-04,99,NA,"Dengue"
"18",2020,11,2020-03-11,79,NA,"Dengue"
"18",2020,12,2020-03-18,71,NA,"Dengue"
"18",2020,13,2020-03-25,55,NA,"Dengue"
"18",2020,14,2020-04-01,38,NA,"Dengue"
"18",2020,15,2020-04-08,45,NA,"Dengue"
"18",2020,16,2020-04-15,39,NA,"Dengue"
"18",2020,17,2020-04-22,34,NA,"Dengue"
"18",2020,18,2020-04-29,41,NA,"Dengue"
"18",2020,19,2020-05-06,34,NA,"Dengue"
"18",2020,20,2020-05-13,46,NA,"Dengue"
"18",2020,21,2020-05-20,29,NA,"Dengue"
"18",2020,22,2020-05-27,27,NA,"Dengue"
"18",2020,23,2020-06-03,30,NA,"Dengue"
"18",2020,24,2020-06-10,13,NA,"Dengue"
"18",2020,25,2020-06-17,15,NA,"Dengue"
"18",2020,26,2020-06-24,13,NA,"Dengue"
"18",2020,27,2020-07-01,23,NA,"Dengue"
"18",2020,28,2020-07-08,9,NA,"Dengue"
"18",2020,29,2020-07-15,7,NA,"Dengue"
"18",2020,30,2020-07-22,8,NA,"Dengue"
"18",2020,31,2020-07-29,5,NA,"Dengue"
"18",2020,32,2020-08-05,7,NA,"Dengue"
"18",2020,33,2020-08-12,2,NA,"Dengue"
"18",2020,34,2020-08-19,4,NA,"Dengue"
"18",2020,35,2020-08-26,4,NA,"Dengue"
"18",2020,37,2020-09-09,5,NA,"Dengue"
"18",2020,39,2020-09-23,9,NA,"Dengue"
"18",2020,40,2020-09-30,1,NA,"Dengue"
"18",2020,41,2020-10-07,4,NA,"Dengue"
"18",2020,42,2020-10-14,5,NA,"Dengue"
"18",2020,43,2020-10-21,4,NA,"Dengue"
"18",2020,44,2020-10-28,2,NA,"Dengue"
"18",2020,45,2020-11-04,7,NA,"Dengue"
"18",2020,46,2020-11-11,2,NA,"Dengue"
"18",2020,47,2020-11-18,2,NA,"Dengue"
"18",2020,48,2020-11-25,2,NA,"Dengue"
"18",2020,49,2020-12-02,7,NA,"Dengue"
"18",2020,50,2020-12-09,4,NA,"Dengue"
"18",2020,51,2020-12-16,5,NA,"Dengue"
"18",2020,52,2020-12-23,5,NA,"Dengue"
"18",2020,53,2020-12-30,8,NA,"Dengue"
"18",2021,1,2021-01-01,9,NA,"Dengue"
"18",2021,2,2021-01-08,6,NA,"Dengue"
"18",2021,3,2021-01-15,7,NA,"Dengue"
"18",2021,4,2021-01-22,7,NA,"Dengue"
"18",2021,5,2021-01-29,7,NA,"Dengue"
"18",2021,6,2021-02-05,6,NA,"Dengue"
"18",2021,7,2021-02-12,11,NA,"Dengue"
"18",2021,8,2021-02-19,15,NA,"Dengue"
"18",2021,9,2021-02-26,12,NA,"Dengue"
"18",2021,10,2021-03-05,9,NA,"Dengue"
"18",2021,11,2021-03-12,16,NA,"Dengue"
"18",2021,12,2021-03-19,13,NA,"Dengue"
"18",2021,13,2021-03-26,17,NA,"Dengue"
"18",2021,14,2021-04-02,9,NA,"Dengue"
"18",2021,15,2021-04-09,11,NA,"Dengue"
"18",2021,16,2021-04-16,11,NA,"Dengue"
"18",2021,17,2021-04-23,10,NA,"Dengue"
"18",2021,18,2021-04-30,12,NA,"Dengue"
"18",2021,19,2021-05-07,9,NA,"Dengue"
"18",2021,20,2021-05-14,12,NA,"Dengue"
"18",2021,21,2021-05-21,6,NA,"Dengue"
"18",2021,22,2021-05-28,13,NA,"Dengue"
"18",2021,23,2021-06-04,10,NA,"Dengue"
"18",2021,24,2021-06-11,7,NA,"Dengue"
"18",2021,25,2021-06-18,5,NA,"Dengue"
"18",2021,26,2021-06-25,5,NA,"Dengue"
"18",2021,27,2021-07-02,7,NA,"Dengue"
"18",2021,28,2021-07-09,4,NA,"Dengue"
"18",2021,29,2021-07-16,2,NA,"Dengue"
"18",2021,30,2021-07-23,5,NA,"Dengue"
"18",2021,31,2021-07-30,2,NA,"Dengue"
"18",2021,33,2021-08-13,4,NA,"Dengue"
"18",2021,34,2021-08-20,2,NA,"Dengue"
"18",2021,35,2021-08-27,3,NA,"Dengue"
"18",2021,36,2021-09-03,3,NA,"Dengue"
"18",2021,37,2021-09-10,2,NA,"Dengue"
"18",2021,38,2021-09-17,4,NA,"Dengue"
"18",2021,39,2021-09-24,7,NA,"Dengue"
"18",2021,40,2021-10-01,9,NA,"Dengue"
"18",2021,41,2021-10-08,5,NA,"Dengue"
"18",2021,42,2021-10-15,4,NA,"Dengue"
"18",2021,43,2021-10-22,5,NA,"Dengue"
"18",2021,44,2021-10-29,1,NA,"Dengue"
"18",2021,45,2021-11-05,4,NA,"Dengue"
"18",2021,46,2021-11-12,6,NA,"Dengue"
"18",2021,47,2021-11-19,10,NA,"Dengue"
"18",2021,48,2021-11-26,3,NA,"Dengue"
"18",2021,49,2021-12-03,9,NA,"Dengue"
"18",2021,50,2021-12-10,14,NA,"Dengue"
"18",2021,51,2021-12-17,7,NA,"Dengue"
"18",2021,52,2021-12-24,11,NA,"Dengue"
"18",2022,1,2022-01-01,7,NA,"Dengue"
"18",2022,2,2022-01-08,6,NA,"Dengue"
"18",2022,3,2022-01-15,10,NA,"Dengue"
"18",2022,4,2022-01-22,5,NA,"Dengue"
"18",2022,5,2022-01-29,5,NA,"Dengue"
"18",2022,6,2022-02-05,9,NA,"Dengue"
"18",2022,7,2022-02-12,8,NA,"Dengue"
"18",2022,8,2022-02-19,14,NA,"Dengue"
"18",2022,9,2022-02-26,22,NA,"Dengue"
"18",2022,10,2022-03-05,21,NA,"Dengue"
"18",2022,11,2022-03-12,22,NA,"Dengue"
"18",2022,12,2022-03-19,31,NA,"Dengue"
"18",2022,13,2022-03-26,41,NA,"Dengue"
"18",2022,14,2022-04-02,32,NA,"Dengue"
"18",2022,15,2022-04-09,24,NA,"Dengue"
"18",2022,16,2022-04-16,28,NA,"Dengue"
"18",2022,17,2022-04-23,25,NA,"Dengue"
"18",2022,18,2022-04-30,49,NA,"Dengue"
"18",2022,19,2022-05-07,36,NA,"Dengue"
"18",2022,20,2022-05-14,31,NA,"Dengue"
"18",2022,21,2022-05-21,44,NA,"Dengue"
"18",2022,22,2022-05-28,27,NA,"Dengue"
"18",2022,23,2022-06-04,30,NA,"Dengue"
"18",2022,24,2022-06-11,27,NA,"Dengue"
"18",2022,25,2022-06-18,16,NA,"Dengue"
"18",2022,26,2022-06-25,15,NA,"Dengue"
"18",2022,27,2022-07-02,25,NA,"Dengue"
"18",2022,28,2022-07-09,19,NA,"Dengue"
"18",2022,29,2022-07-16,29,NA,"Dengue"
"18",2022,30,2022-07-23,16,NA,"Dengue"
"18",2022,31,2022-07-30,10,NA,"Dengue"
"18",2022,32,2022-08-06,16,NA,"Dengue"
"18",2022,33,2022-08-13,12,NA,"Dengue"
"18",2022,34,2022-08-20,21,NA,"Dengue"
"18",2022,35,2022-08-27,15,NA,"Dengue"
"18",2022,36,2022-09-03,13,NA,"Dengue"
"18",2022,37,2022-09-10,10,NA,"Dengue"
"18",2022,38,2022-09-17,9,NA,"Dengue"
"18",2022,39,2022-09-24,6,NA,"Dengue"
"18",2022,40,2022-10-01,14,NA,"Dengue"
"18",2022,41,2022-10-08,21,NA,"Dengue"
"18",2022,42,2022-10-15,19,NA,"Dengue"
"18",2022,43,2022-10-22,23,NA,"Dengue"
"18",2022,44,2022-10-29,26,NA,"Dengue"
"18",2022,45,2022-11-05,14,NA,"Dengue"
"18",2022,46,2022-11-12,15,NA,"Dengue"
"18",2022,47,2022-11-19,21,NA,"Dengue"
"18",2022,48,2022-11-26,24,NA,"Dengue"
"18",2022,49,2022-12-03,20,NA,"Dengue"
"18",2022,50,2022-12-10,18,NA,"Dengue"
"18",2022,51,2022-12-17,18,NA,"Dengue"
"18",2022,52,2022-12-24,24,NA,"Dengue"
"18",2023,1,2023-01-01,41,NA,"Dengue"
"18",2023,2,2023-01-08,33,NA,"Dengue"
"18",2023,3,2023-01-15,31,NA,"Dengue"
"18",2023,4,2023-01-22,27,NA,"Dengue"
"18",2023,5,2023-01-29,75,NA,"Dengue"
"18",2023,6,2023-02-05,45,NA,"Dengue"
"18",2023,7,2023-02-12,54,NA,"Dengue"
"18",2023,8,2023-02-19,51,NA,"Dengue"
"18",2023,9,2023-02-26,79,NA,"Dengue"
"18",2023,10,2023-03-05,75,NA,"Dengue"
"18",2023,11,2023-03-12,76,NA,"Dengue"
"18",2023,12,2023-03-19,69,NA,"Dengue"
"18",2023,13,2023-03-26,48,NA,"Dengue"
"18",2023,14,2023-04-02,52,NA,"Dengue"
"18",2023,15,2023-04-09,67,NA,"Dengue"
"18",2023,16,2023-04-16,45,NA,"Dengue"
"18",2023,17,2023-04-23,36,NA,"Dengue"
"18",2023,18,2023-04-30,51,NA,"Dengue"
"18",2023,19,2023-05-07,65,NA,"Dengue"
"18",2023,20,2023-05-14,53,NA,"Dengue"
"18",2023,21,2023-05-21,53,NA,"Dengue"
"18",2023,22,2023-05-28,44,NA,"Dengue"
"18",2023,23,2023-06-04,61,NA,"Dengue"
"18",2023,24,2023-06-11,33,NA,"Dengue"
"18",2023,25,2023-06-18,23,NA,"Dengue"
"18",2023,26,2023-06-25,29,NA,"Dengue"
"18",2023,27,2023-07-02,33,NA,"Dengue"
"18",2023,28,2023-07-09,24,NA,"Dengue"
"18",2023,29,2023-07-16,28,NA,"Dengue"
"18",2023,30,2023-07-23,25,NA,"Dengue"
"18",2023,31,2023-07-30,29,NA,"Dengue"
"18",2023,32,2023-08-06,25,NA,"Dengue"
"18",2023,33,2023-08-13,22,NA,"Dengue"
"18",2023,34,2023-08-20,16,NA,"Dengue"
"18",2023,35,2023-08-27,17,NA,"Dengue"
"18",2023,36,2023-09-03,20,NA,"Dengue"
"18",2023,37,2023-09-10,25,NA,"Dengue"
"18",2023,38,2023-09-17,17,NA,"Dengue"
"18",2023,39,2023-09-24,13,NA,"Dengue"
"18",2023,40,2023-10-01,16,NA,"Dengue"
"18",2023,41,2023-10-08,16,NA,"Dengue"
"18",2023,42,2023-10-15,13,NA,"Dengue"
"18",2023,43,2023-10-22,19,NA,"Dengue"
"18",2023,44,2023-10-29,16,NA,"Dengue"
"18",2023,45,2023-11-05,13,NA,"Dengue"
"18",2023,46,2023-11-12,15,NA,"Dengue"
"18",2023,47,2023-11-19,23,NA,"Dengue"
"18",2023,48,2023-11-26,21,NA,"Dengue"
"18",2023,49,2023-12-03,27,NA,"Dengue"
"18",2023,50,2023-12-10,29,NA,"Dengue"
"18",2023,51,2023-12-17,18,NA,"Dengue"
"18",2023,52,2023-12-24,19,NA,"Dengue"
"18",2024,1,2024-01-01,27,NA,"Dengue"
"18",2024,2,2024-01-08,31,NA,"Dengue"
"18",2024,3,2024-01-15,41,NA,"Dengue"
"18",2024,4,2024-01-22,42,NA,"Dengue"
"18",2024,5,2024-01-29,46,NA,"Dengue"
"18",2024,6,2024-02-05,55,NA,"Dengue"
"18",2024,7,2024-02-12,42,NA,"Dengue"
"18",2024,8,2024-02-19,51,NA,"Dengue"
"18",2024,9,2024-02-26,59,NA,"Dengue"
"18",2024,10,2024-03-04,59,NA,"Dengue"
"18",2024,11,2024-03-11,58,NA,"Dengue"
"18",2024,12,2024-03-18,70,NA,"Dengue"
"18",2024,13,2024-03-25,52,NA,"Dengue"
"18",2024,14,2024-04-01,100,NA,"Dengue"
"18",2024,15,2024-04-08,74,NA,"Dengue"
"18",2024,16,2024-04-15,65,NA,"Dengue"
"18",2024,17,2024-04-22,91,NA,"Dengue"
"18",2024,18,2024-04-29,96,NA,"Dengue"
"18",2024,19,2024-05-06,73,NA,"Dengue"
"18",2024,20,2024-05-13,107,NA,"Dengue"
"18",2024,21,2024-05-20,86,NA,"Dengue"
"18",2024,22,2024-05-27,71,NA,"Dengue"
"18",2024,23,2024-06-03,48,NA,"Dengue"
"18",2024,24,2024-06-10,60,NA,"Dengue"
"18",2024,25,2024-06-17,57,NA,"Dengue"
"18",2024,26,2024-06-24,43,NA,"Dengue"
"18",2024,27,2024-07-01,53,NA,"Dengue"
"18",2024,28,2024-07-08,39,NA,"Dengue"
"18",2024,29,2024-07-15,32,NA,"Dengue"
"18",2024,30,2024-07-22,34,NA,"Dengue"
"18",2024,31,2024-07-29,32,NA,"Dengue"
"18",2024,32,2024-08-05,33,NA,"Dengue"
"18",2024,33,2024-08-12,36,NA,"Dengue"
"18",2024,34,2024-08-19,26,NA,"Dengue"
"18",2024,35,2024-08-26,19,NA,"Dengue"
"18",2024,36,2024-09-02,24,NA,"Dengue"
"18",2024,37,2024-09-09,19,NA,"Dengue"
"18",2024,38,2024-09-16,24,NA,"Dengue"
"18",2024,39,2024-09-23,25,NA,"Dengue"
"18",2024,40,2024-09-30,32,NA,"Dengue"
"18",2024,41,2024-10-07,26,NA,"Dengue"
"18",2024,42,2024-10-14,23,NA,"Dengue"
"18",2024,43,2024-10-21,27,NA,"Dengue"
"18",2024,44,2024-10-28,24,NA,"Dengue"
"18",2024,45,2024-11-04,31,NA,"Dengue"
"18",2024,46,2024-11-11,34,NA,"Dengue"
"18",2024,47,2024-11-18,54,NA,"Dengue"
"18",2024,48,2024-11-25,32,NA,"Dengue"
"18",2024,49,2024-12-02,41,NA,"Dengue"
"18",2024,50,2024-12-09,41,NA,"Dengue"
"18",2024,51,2024-12-16,40,NA,"Dengue"
"18",2024,52,2024-12-23,46,NA,"Dengue"
"18",2025,1,2025-01-01,53,NA,"Dengue"
"18",2025,2,2025-01-08,78,NA,"Dengue"
"18",2025,3,2025-01-15,82,NA,"Dengue"
"18",2025,4,2025-01-22,90,NA,"Dengue"
"18",2025,5,2025-01-29,70,NA,"Dengue"
"18",2025,6,2025-02-05,66,NA,"Dengue"
"18",2025,7,2025-02-12,98,NA,"Dengue"
"18",2025,8,2025-02-19,89,NA,"Dengue"
"18",2025,9,2025-02-26,85,NA,"Dengue"
"18",2025,10,2025-03-05,88,NA,"Dengue"
"18",2025,11,2025-03-12,89,NA,"Dengue"
"18",2025,12,2025-03-19,73,NA,"Dengue"
"18",2025,13,2025-03-26,125,NA,"Dengue"
"18",2025,14,2025-04-02,130,NA,"Dengue"
"18",2025,15,2025-04-09,118,NA,"Dengue"
"18",2025,16,2025-04-16,149,NA,"Dengue"
"18",2025,17,2025-04-23,148,NA,"Dengue"
"18",2025,18,2025-04-30,111,NA,"Dengue"
"18",2025,19,2025-05-07,74,NA,"Dengue"
"18",2025,20,2025-05-14,63,NA,"Dengue"
"18",2025,21,2025-05-21,64,NA,"Dengue"
"18",2025,22,2025-05-28,34,NA,"Dengue"
"18",2025,23,2025-06-04,33,NA,"Dengue"
"18",2025,24,2025-06-11,24,NA,"Dengue"
"18",2025,25,2025-06-18,20,NA,"Dengue"
"18",2025,26,2025-06-25,18,NA,"Dengue"
"18",2025,27,2025-07-02,16,NA,"Dengue"
"18",2025,28,2025-07-09,12,NA,"Dengue"
"18",2025,29,2025-07-16,12,NA,"Dengue"
"18",2025,30,2025-07-23,10,NA,"Dengue"
"18",2025,31,2025-07-30,15,NA,"Dengue"
"18",2025,32,2025-08-06,9,NA,"Dengue"
"18",2025,33,2025-08-13,7,NA,"Dengue"
"18",2025,34,2025-08-20,10,NA,"Dengue"
"18",2025,35,2025-08-27,5,NA,"Dengue"
"18",2025,36,2025-09-03,6,NA,"Dengue"
"18",2025,37,2025-09-10,3,NA,"Dengue"
"18",2025,38,2025-09-17,3,NA,"Dengue"
"18",2025,39,2025-09-24,4,NA,"Dengue"
"18",2025,40,2025-10-01,4,NA,"Dengue"
"18",2025,41,2025-10-08,11,NA,"Dengue"
"18",2025,42,2025-10-15,7,NA,"Dengue"
"18",2025,43,2025-10-22,4,NA,"Dengue"
"18",2025,44,2025-10-29,2,NA,"Dengue"
"18",2025,45,2025-11-05,8,NA,"Dengue"
"18",2025,46,2025-11-12,7,NA,"Dengue"
"18",2025,47,2025-11-19,8,NA,"Dengue"
"18",2025,48,2025-11-26,8,NA,"Dengue"
"18",2025,49,2025-12-03,4,NA,"Dengue"
"18",2025,50,2025-12-10,6,NA,"Dengue"
"18",2025,51,2025-12-17,5,NA,"Dengue"
"18",2025,52,2025-12-24,6,NA,"Dengue"
"18",2025,53,2025-12-31,4,NA,"Dengue"
"19",2020,1,2020-01-01,14,NA,"Dengue"
"19",2020,2,2020-01-08,24,NA,"Dengue"
"19",2020,3,2020-01-15,24,NA,"Dengue"
"19",2020,4,2020-01-22,19,NA,"Dengue"
"19",2020,5,2020-01-29,32,NA,"Dengue"
"19",2020,6,2020-02-05,31,NA,"Dengue"
"19",2020,7,2020-02-12,45,NA,"Dengue"
"19",2020,8,2020-02-19,23,NA,"Dengue"
"19",2020,9,2020-02-26,38,NA,"Dengue"
"19",2020,10,2020-03-04,56,NA,"Dengue"
"19",2020,11,2020-03-11,40,NA,"Dengue"
"19",2020,12,2020-03-18,28,NA,"Dengue"
"19",2020,13,2020-03-25,26,NA,"Dengue"
"19",2020,14,2020-04-01,33,NA,"Dengue"
"19",2020,15,2020-04-08,46,NA,"Dengue"
"19",2020,16,2020-04-15,32,NA,"Dengue"
"19",2020,17,2020-04-22,37,NA,"Dengue"
"19",2020,18,2020-04-29,48,NA,"Dengue"
"19",2020,19,2020-05-06,49,NA,"Dengue"
"19",2020,20,2020-05-13,61,NA,"Dengue"
"19",2020,21,2020-05-20,55,NA,"Dengue"
"19",2020,22,2020-05-27,60,NA,"Dengue"
"19",2020,23,2020-06-03,57,NA,"Dengue"
"19",2020,24,2020-06-10,39,NA,"Dengue"
"19",2020,25,2020-06-17,27,NA,"Dengue"
"19",2020,26,2020-06-24,20,NA,"Dengue"
"19",2020,27,2020-07-01,27,NA,"Dengue"
"19",2020,28,2020-07-08,25,NA,"Dengue"
"19",2020,29,2020-07-15,15,NA,"Dengue"
"19",2020,30,2020-07-22,12,NA,"Dengue"
"19",2020,31,2020-07-29,9,NA,"Dengue"
"19",2020,32,2020-08-05,14,NA,"Dengue"
"19",2020,33,2020-08-12,8,NA,"Dengue"
"19",2020,34,2020-08-19,12,NA,"Dengue"
"19",2020,35,2020-08-26,11,NA,"Dengue"
"19",2020,36,2020-09-02,11,NA,"Dengue"
"19",2020,37,2020-09-09,9,NA,"Dengue"
"19",2020,38,2020-09-16,8,NA,"Dengue"
"19",2020,39,2020-09-23,7,NA,"Dengue"
"19",2020,40,2020-09-30,6,NA,"Dengue"
"19",2020,41,2020-10-07,11,NA,"Dengue"
"19",2020,42,2020-10-14,8,NA,"Dengue"
"19",2020,43,2020-10-21,3,NA,"Dengue"
"19",2020,44,2020-10-28,4,NA,"Dengue"
"19",2020,45,2020-11-04,10,NA,"Dengue"
"19",2020,46,2020-11-11,8,NA,"Dengue"
"19",2020,47,2020-11-18,9,NA,"Dengue"
"19",2020,48,2020-11-25,10,NA,"Dengue"
"19",2020,49,2020-12-02,9,NA,"Dengue"
"19",2020,50,2020-12-09,12,NA,"Dengue"
"19",2020,51,2020-12-16,8,NA,"Dengue"
"19",2020,52,2020-12-23,9,NA,"Dengue"
"19",2020,53,2020-12-30,7,NA,"Dengue"
"19",2021,1,2021-01-01,9,NA,"Dengue"
"19",2021,2,2021-01-08,7,NA,"Dengue"
"19",2021,3,2021-01-15,11,NA,"Dengue"
"19",2021,4,2021-01-22,12,NA,"Dengue"
"19",2021,5,2021-01-29,8,NA,"Dengue"
"19",2021,6,2021-02-05,18,NA,"Dengue"
"19",2021,7,2021-02-12,11,NA,"Dengue"
"19",2021,8,2021-02-19,14,NA,"Dengue"
"19",2021,9,2021-02-26,8,NA,"Dengue"
"19",2021,10,2021-03-05,10,NA,"Dengue"
"19",2021,11,2021-03-12,14,NA,"Dengue"
"19",2021,12,2021-03-19,16,NA,"Dengue"
"19",2021,13,2021-03-26,9,NA,"Dengue"
"19",2021,14,2021-04-02,6,NA,"Dengue"
"19",2021,15,2021-04-09,13,NA,"Dengue"
"19",2021,16,2021-04-16,18,NA,"Dengue"
"19",2021,17,2021-04-23,9,NA,"Dengue"
"19",2021,18,2021-04-30,24,NA,"Dengue"
"19",2021,19,2021-05-07,34,NA,"Dengue"
"19",2021,20,2021-05-14,26,NA,"Dengue"
"19",2021,21,2021-05-21,19,NA,"Dengue"
"19",2021,22,2021-05-28,23,NA,"Dengue"
"19",2021,23,2021-06-04,24,NA,"Dengue"
"19",2021,24,2021-06-11,27,NA,"Dengue"
"19",2021,25,2021-06-18,14,NA,"Dengue"
"19",2021,26,2021-06-25,21,NA,"Dengue"
"19",2021,27,2021-07-02,11,NA,"Dengue"
"19",2021,28,2021-07-09,13,NA,"Dengue"
"19",2021,29,2021-07-16,10,NA,"Dengue"
"19",2021,30,2021-07-23,5,NA,"Dengue"
"19",2021,31,2021-07-30,4,NA,"Dengue"
"19",2021,32,2021-08-06,6,NA,"Dengue"
"19",2021,33,2021-08-13,9,NA,"Dengue"
"19",2021,34,2021-08-20,15,NA,"Dengue"
"19",2021,35,2021-08-27,7,NA,"Dengue"
"19",2021,36,2021-09-03,7,NA,"Dengue"
"19",2021,37,2021-09-10,10,NA,"Dengue"
"19",2021,38,2021-09-17,11,NA,"Dengue"
"19",2021,39,2021-09-24,19,NA,"Dengue"
"19",2021,40,2021-10-01,9,NA,"Dengue"
"19",2021,41,2021-10-08,9,NA,"Dengue"
"19",2021,42,2021-10-15,9,NA,"Dengue"
"19",2021,43,2021-10-22,9,NA,"Dengue"
"19",2021,44,2021-10-29,10,NA,"Dengue"
"19",2021,45,2021-11-05,9,NA,"Dengue"
"19",2021,46,2021-11-12,8,NA,"Dengue"
"19",2021,47,2021-11-19,6,NA,"Dengue"
"19",2021,48,2021-11-26,9,NA,"Dengue"
"19",2021,49,2021-12-03,11,NA,"Dengue"
"19",2021,50,2021-12-10,10,NA,"Dengue"
"19",2021,51,2021-12-17,8,NA,"Dengue"
"19",2021,52,2021-12-24,7,NA,"Dengue"
"19",2022,1,2022-01-01,16,NA,"Dengue"
"19",2022,2,2022-01-08,10,NA,"Dengue"
"19",2022,3,2022-01-15,5,NA,"Dengue"
"19",2022,4,2022-01-22,6,NA,"Dengue"
"19",2022,5,2022-01-29,7,NA,"Dengue"
"19",2022,6,2022-02-05,10,NA,"Dengue"
"19",2022,7,2022-02-12,11,NA,"Dengue"
"19",2022,8,2022-02-19,3,NA,"Dengue"
"19",2022,9,2022-02-26,3,NA,"Dengue"
"19",2022,10,2022-03-05,10,NA,"Dengue"
"19",2022,11,2022-03-12,10,NA,"Dengue"
"19",2022,12,2022-03-19,8,NA,"Dengue"
"19",2022,13,2022-03-26,12,NA,"Dengue"
"19",2022,14,2022-04-02,9,NA,"Dengue"
"19",2022,15,2022-04-09,7,NA,"Dengue"
"19",2022,16,2022-04-16,12,NA,"Dengue"
"19",2022,17,2022-04-23,8,NA,"Dengue"
"19",2022,18,2022-04-30,19,NA,"Dengue"
"19",2022,19,2022-05-07,14,NA,"Dengue"
"19",2022,20,2022-05-14,19,NA,"Dengue"
"19",2022,21,2022-05-21,8,NA,"Dengue"
"19",2022,22,2022-05-28,10,NA,"Dengue"
"19",2022,23,2022-06-04,9,NA,"Dengue"
"19",2022,24,2022-06-11,8,NA,"Dengue"
"19",2022,25,2022-06-18,9,NA,"Dengue"
"19",2022,26,2022-06-25,8,NA,"Dengue"
"19",2022,27,2022-07-02,11,NA,"Dengue"
"19",2022,28,2022-07-09,13,NA,"Dengue"
"19",2022,29,2022-07-16,10,NA,"Dengue"
"19",2022,30,2022-07-23,4,NA,"Dengue"
"19",2022,31,2022-07-30,9,NA,"Dengue"
"19",2022,32,2022-08-06,9,NA,"Dengue"
"19",2022,33,2022-08-13,4,NA,"Dengue"
"19",2022,34,2022-08-20,11,NA,"Dengue"
"19",2022,35,2022-08-27,6,NA,"Dengue"
"19",2022,36,2022-09-03,12,NA,"Dengue"
"19",2022,37,2022-09-10,9,NA,"Dengue"
"19",2022,38,2022-09-17,11,NA,"Dengue"
"19",2022,39,2022-09-24,16,NA,"Dengue"
"19",2022,40,2022-10-01,10,NA,"Dengue"
"19",2022,41,2022-10-08,6,NA,"Dengue"
"19",2022,42,2022-10-15,16,NA,"Dengue"
"19",2022,43,2022-10-22,13,NA,"Dengue"
"19",2022,44,2022-10-29,21,NA,"Dengue"
"19",2022,45,2022-11-05,14,NA,"Dengue"
"19",2022,46,2022-11-12,8,NA,"Dengue"
"19",2022,47,2022-11-19,19,NA,"Dengue"
"19",2022,48,2022-11-26,12,NA,"Dengue"
"19",2022,49,2022-12-03,10,NA,"Dengue"
"19",2022,50,2022-12-10,18,NA,"Dengue"
"19",2022,51,2022-12-17,7,NA,"Dengue"
"19",2022,52,2022-12-24,16,NA,"Dengue"
"19",2023,1,2023-01-01,11,NA,"Dengue"
"19",2023,2,2023-01-08,30,NA,"Dengue"
"19",2023,3,2023-01-15,13,NA,"Dengue"
"19",2023,4,2023-01-22,16,NA,"Dengue"
"19",2023,5,2023-01-29,19,NA,"Dengue"
"19",2023,6,2023-02-05,27,NA,"Dengue"
"19",2023,7,2023-02-12,19,NA,"Dengue"
"19",2023,8,2023-02-19,15,NA,"Dengue"
"19",2023,9,2023-02-26,29,NA,"Dengue"
"19",2023,10,2023-03-05,36,NA,"Dengue"
"19",2023,11,2023-03-12,31,NA,"Dengue"
"19",2023,12,2023-03-19,24,NA,"Dengue"
"19",2023,13,2023-03-26,22,NA,"Dengue"
"19",2023,14,2023-04-02,17,NA,"Dengue"
"19",2023,15,2023-04-09,22,NA,"Dengue"
"19",2023,16,2023-04-16,22,NA,"Dengue"
"19",2023,17,2023-04-23,21,NA,"Dengue"
"19",2023,18,2023-04-30,42,NA,"Dengue"
"19",2023,19,2023-05-07,30,NA,"Dengue"
"19",2023,20,2023-05-14,28,NA,"Dengue"
"19",2023,21,2023-05-21,23,NA,"Dengue"
"19",2023,22,2023-05-28,31,NA,"Dengue"
"19",2023,23,2023-06-04,24,NA,"Dengue"
"19",2023,24,2023-06-11,24,NA,"Dengue"
"19",2023,25,2023-06-18,20,NA,"Dengue"
"19",2023,26,2023-06-25,21,NA,"Dengue"
"19",2023,27,2023-07-02,16,NA,"Dengue"
"19",2023,28,2023-07-09,31,NA,"Dengue"
"19",2023,29,2023-07-16,17,NA,"Dengue"
"19",2023,30,2023-07-23,18,NA,"Dengue"
"19",2023,31,2023-07-30,22,NA,"Dengue"
"19",2023,32,2023-08-06,19,NA,"Dengue"
"19",2023,33,2023-08-13,23,NA,"Dengue"
"19",2023,34,2023-08-20,23,NA,"Dengue"
"19",2023,35,2023-08-27,32,NA,"Dengue"
"19",2023,36,2023-09-03,22,NA,"Dengue"
"19",2023,37,2023-09-10,35,NA,"Dengue"
"19",2023,38,2023-09-17,42,NA,"Dengue"
"19",2023,39,2023-09-24,22,NA,"Dengue"
"19",2023,40,2023-10-01,48,NA,"Dengue"
"19",2023,41,2023-10-08,40,NA,"Dengue"
"19",2023,42,2023-10-15,55,NA,"Dengue"
"19",2023,43,2023-10-22,64,NA,"Dengue"
"19",2023,44,2023-10-29,35,NA,"Dengue"
"19",2023,45,2023-11-05,53,NA,"Dengue"
"19",2023,46,2023-11-12,61,NA,"Dengue"
"19",2023,47,2023-11-19,80,NA,"Dengue"
"19",2023,48,2023-11-26,74,NA,"Dengue"
"19",2023,49,2023-12-03,83,NA,"Dengue"
"19",2023,50,2023-12-10,85,NA,"Dengue"
"19",2023,51,2023-12-17,84,NA,"Dengue"
"19",2023,52,2023-12-24,82,NA,"Dengue"
"19",2024,1,2024-01-01,84,NA,"Dengue"
"19",2024,2,2024-01-08,116,NA,"Dengue"
"19",2024,3,2024-01-15,136,NA,"Dengue"
"19",2024,4,2024-01-22,145,NA,"Dengue"
"19",2024,5,2024-01-29,176,NA,"Dengue"
"19",2024,6,2024-02-05,231,NA,"Dengue"
"19",2024,7,2024-02-12,241,NA,"Dengue"
"19",2024,8,2024-02-19,267,NA,"Dengue"
"19",2024,9,2024-02-26,261,NA,"Dengue"
"19",2024,10,2024-03-04,263,NA,"Dengue"
"19",2024,11,2024-03-11,287,NA,"Dengue"
"19",2024,12,2024-03-18,286,NA,"Dengue"
"19",2024,13,2024-03-25,241,NA,"Dengue"
"19",2024,14,2024-04-01,319,NA,"Dengue"
"19",2024,15,2024-04-08,316,NA,"Dengue"
"19",2024,16,2024-04-15,338,NA,"Dengue"
"19",2024,17,2024-04-22,313,NA,"Dengue"
"19",2024,18,2024-04-29,375,NA,"Dengue"
"19",2024,19,2024-05-06,317,NA,"Dengue"
"19",2024,20,2024-05-13,332,NA,"Dengue"
"19",2024,21,2024-05-20,339,NA,"Dengue"
"19",2024,22,2024-05-27,344,NA,"Dengue"
"19",2024,23,2024-06-03,306,NA,"Dengue"
"19",2024,24,2024-06-10,313,NA,"Dengue"
"19",2024,25,2024-06-17,254,NA,"Dengue"
"19",2024,26,2024-06-24,201,NA,"Dengue"
"19",2024,27,2024-07-01,198,NA,"Dengue"
"19",2024,28,2024-07-08,185,NA,"Dengue"
"19",2024,29,2024-07-15,188,NA,"Dengue"
"19",2024,30,2024-07-22,200,NA,"Dengue"
"19",2024,31,2024-07-29,148,NA,"Dengue"
"19",2024,32,2024-08-05,142,NA,"Dengue"
"19",2024,33,2024-08-12,131,NA,"Dengue"
"19",2024,34,2024-08-19,118,NA,"Dengue"
"19",2024,35,2024-08-26,94,NA,"Dengue"
"19",2024,36,2024-09-02,98,NA,"Dengue"
"19",2024,37,2024-09-09,92,NA,"Dengue"
"19",2024,38,2024-09-16,106,NA,"Dengue"
"19",2024,39,2024-09-23,62,NA,"Dengue"
"19",2024,40,2024-09-30,76,NA,"Dengue"
"19",2024,41,2024-10-07,55,NA,"Dengue"
"19",2024,42,2024-10-14,70,NA,"Dengue"
"19",2024,43,2024-10-21,62,NA,"Dengue"
"19",2024,44,2024-10-28,63,NA,"Dengue"
"19",2024,45,2024-11-04,62,NA,"Dengue"
"19",2024,46,2024-11-11,61,NA,"Dengue"
"19",2024,47,2024-11-18,61,NA,"Dengue"
"19",2024,48,2024-11-25,59,NA,"Dengue"
"19",2024,49,2024-12-02,62,NA,"Dengue"
"19",2024,50,2024-12-09,62,NA,"Dengue"
"19",2024,51,2024-12-16,53,NA,"Dengue"
"19",2024,52,2024-12-23,60,NA,"Dengue"
"19",2025,1,2025-01-01,52,NA,"Dengue"
"19",2025,2,2025-01-08,53,NA,"Dengue"
"19",2025,3,2025-01-15,46,NA,"Dengue"
"19",2025,4,2025-01-22,61,NA,"Dengue"
"19",2025,5,2025-01-29,53,NA,"Dengue"
"19",2025,6,2025-02-05,70,NA,"Dengue"
"19",2025,7,2025-02-12,70,NA,"Dengue"
"19",2025,8,2025-02-19,49,NA,"Dengue"
"19",2025,9,2025-02-26,48,NA,"Dengue"
"19",2025,10,2025-03-05,48,NA,"Dengue"
"19",2025,11,2025-03-12,44,NA,"Dengue"
"19",2025,12,2025-03-19,31,NA,"Dengue"
"19",2025,13,2025-03-26,28,NA,"Dengue"
"19",2025,14,2025-04-02,18,NA,"Dengue"
"19",2025,15,2025-04-09,21,NA,"Dengue"
"19",2025,16,2025-04-16,26,NA,"Dengue"
"19",2025,17,2025-04-23,23,NA,"Dengue"
"19",2025,18,2025-04-30,14,NA,"Dengue"
"19",2025,19,2025-05-07,21,NA,"Dengue"
"19",2025,20,2025-05-14,10,NA,"Dengue"
"19",2025,21,2025-05-21,14,NA,"Dengue"
"19",2025,22,2025-05-28,11,NA,"Dengue"
"19",2025,23,2025-06-04,13,NA,"Dengue"
"19",2025,24,2025-06-11,15,NA,"Dengue"
"19",2025,25,2025-06-18,4,NA,"Dengue"
"19",2025,26,2025-06-25,5,NA,"Dengue"
"19",2025,27,2025-07-02,7,NA,"Dengue"
"19",2025,28,2025-07-09,7,NA,"Dengue"
"19",2025,29,2025-07-16,6,NA,"Dengue"
"19",2025,30,2025-07-23,6,NA,"Dengue"
"19",2025,31,2025-07-30,16,NA,"Dengue"
"19",2025,32,2025-08-06,5,NA,"Dengue"
"19",2025,33,2025-08-13,1,NA,"Dengue"
"19",2025,34,2025-08-20,6,NA,"Dengue"
"19",2025,35,2025-08-27,11,NA,"Dengue"
"19",2025,36,2025-09-03,13,NA,"Dengue"
"19",2025,37,2025-09-10,4,NA,"Dengue"
"19",2025,38,2025-09-17,5,NA,"Dengue"
"19",2025,39,2025-09-24,7,NA,"Dengue"
"19",2025,40,2025-10-01,4,NA,"Dengue"
"19",2025,41,2025-10-08,5,NA,"Dengue"
"19",2025,43,2025-10-22,5,NA,"Dengue"
"19",2025,44,2025-10-29,3,NA,"Dengue"
"19",2025,45,2025-11-05,4,NA,"Dengue"
"19",2025,46,2025-11-12,8,NA,"Dengue"
"19",2025,47,2025-11-19,8,NA,"Dengue"
"19",2025,48,2025-11-26,4,NA,"Dengue"
"19",2025,49,2025-12-03,7,NA,"Dengue"
"19",2025,50,2025-12-10,6,NA,"Dengue"
"19",2025,51,2025-12-17,6,NA,"Dengue"
"19",2025,52,2025-12-24,2,NA,"Dengue"
"19",2025,53,2025-12-31,3,NA,"Dengue"
"20",2020,1,2020-01-01,175,NA,"Dengue"
"20",2020,2,2020-01-08,158,NA,"Dengue"
"20",2020,3,2020-01-15,174,NA,"Dengue"
"20",2020,4,2020-01-22,169,NA,"Dengue"
"20",2020,5,2020-01-29,146,NA,"Dengue"
"20",2020,6,2020-02-05,152,NA,"Dengue"
"20",2020,7,2020-02-12,109,NA,"Dengue"
"20",2020,8,2020-02-19,95,NA,"Dengue"
"20",2020,9,2020-02-26,79,NA,"Dengue"
"20",2020,10,2020-03-04,68,NA,"Dengue"
"20",2020,11,2020-03-11,63,NA,"Dengue"
"20",2020,12,2020-03-18,44,NA,"Dengue"
"20",2020,13,2020-03-25,14,NA,"Dengue"
"20",2020,14,2020-04-01,31,NA,"Dengue"
"20",2020,15,2020-04-08,19,NA,"Dengue"
"20",2020,16,2020-04-15,21,NA,"Dengue"
"20",2020,17,2020-04-22,14,NA,"Dengue"
"20",2020,18,2020-04-29,16,NA,"Dengue"
"20",2020,19,2020-05-06,21,NA,"Dengue"
"20",2020,20,2020-05-13,12,NA,"Dengue"
"20",2020,21,2020-05-20,33,NA,"Dengue"
"20",2020,22,2020-05-27,24,NA,"Dengue"
"20",2020,23,2020-06-03,21,NA,"Dengue"
"20",2020,24,2020-06-10,17,NA,"Dengue"
"20",2020,25,2020-06-17,15,NA,"Dengue"
"20",2020,26,2020-06-24,16,NA,"Dengue"
"20",2020,27,2020-07-01,4,NA,"Dengue"
"20",2020,28,2020-07-08,17,NA,"Dengue"
"20",2020,29,2020-07-15,21,NA,"Dengue"
"20",2020,30,2020-07-22,23,NA,"Dengue"
"20",2020,31,2020-07-29,29,NA,"Dengue"
"20",2020,32,2020-08-05,26,NA,"Dengue"
"20",2020,33,2020-08-12,20,NA,"Dengue"
"20",2020,34,2020-08-19,15,NA,"Dengue"
"20",2020,35,2020-08-26,16,NA,"Dengue"
"20",2020,36,2020-09-02,14,NA,"Dengue"
"20",2020,37,2020-09-09,12,NA,"Dengue"
"20",2020,38,2020-09-16,13,NA,"Dengue"
"20",2020,39,2020-09-23,20,NA,"Dengue"
"20",2020,40,2020-09-30,19,NA,"Dengue"
"20",2020,41,2020-10-07,21,NA,"Dengue"
"20",2020,42,2020-10-14,17,NA,"Dengue"
"20",2020,43,2020-10-21,17,NA,"Dengue"
"20",2020,44,2020-10-28,22,NA,"Dengue"
"20",2020,45,2020-11-04,28,NA,"Dengue"
"20",2020,46,2020-11-11,24,NA,"Dengue"
"20",2020,47,2020-11-18,14,NA,"Dengue"
"20",2020,48,2020-11-25,12,NA,"Dengue"
"20",2020,49,2020-12-02,18,NA,"Dengue"
"20",2020,50,2020-12-09,23,NA,"Dengue"
"20",2020,51,2020-12-16,31,NA,"Dengue"
"20",2020,52,2020-12-23,19,NA,"Dengue"
"20",2020,53,2020-12-30,18,NA,"Dengue"
"20",2021,1,2021-01-01,16,NA,"Dengue"
"20",2021,2,2021-01-08,13,NA,"Dengue"
"20",2021,3,2021-01-15,19,NA,"Dengue"
"20",2021,4,2021-01-22,11,NA,"Dengue"
"20",2021,5,2021-01-29,15,NA,"Dengue"
"20",2021,6,2021-02-05,19,NA,"Dengue"
"20",2021,7,2021-02-12,17,NA,"Dengue"
"20",2021,8,2021-02-19,21,NA,"Dengue"
"20",2021,9,2021-02-26,19,NA,"Dengue"
"20",2021,10,2021-03-05,13,NA,"Dengue"
"20",2021,11,2021-03-12,18,NA,"Dengue"
"20",2021,12,2021-03-19,18,NA,"Dengue"
"20",2021,13,2021-03-26,15,NA,"Dengue"
"20",2021,14,2021-04-02,18,NA,"Dengue"
"20",2021,15,2021-04-09,16,NA,"Dengue"
"20",2021,16,2021-04-16,23,NA,"Dengue"
"20",2021,17,2021-04-23,14,NA,"Dengue"
"20",2021,18,2021-04-30,17,NA,"Dengue"
"20",2021,19,2021-05-07,22,NA,"Dengue"
"20",2021,20,2021-05-14,15,NA,"Dengue"
"20",2021,21,2021-05-21,13,NA,"Dengue"
"20",2021,22,2021-05-28,16,NA,"Dengue"
"20",2021,23,2021-06-04,31,NA,"Dengue"
"20",2021,24,2021-06-11,15,NA,"Dengue"
"20",2021,25,2021-06-18,24,NA,"Dengue"
"20",2021,26,2021-06-25,32,NA,"Dengue"
"20",2021,27,2021-07-02,41,NA,"Dengue"
"20",2021,28,2021-07-09,48,NA,"Dengue"
"20",2021,29,2021-07-16,36,NA,"Dengue"
"20",2021,30,2021-07-23,40,NA,"Dengue"
"20",2021,31,2021-07-30,54,NA,"Dengue"
"20",2021,32,2021-08-06,41,NA,"Dengue"
"20",2021,33,2021-08-13,59,NA,"Dengue"
"20",2021,34,2021-08-20,53,NA,"Dengue"
"20",2021,35,2021-08-27,63,NA,"Dengue"
"20",2021,36,2021-09-03,54,NA,"Dengue"
"20",2021,37,2021-09-10,72,NA,"Dengue"
"20",2021,38,2021-09-17,96,NA,"Dengue"
"20",2021,39,2021-09-24,67,NA,"Dengue"
"20",2021,40,2021-10-01,63,NA,"Dengue"
"20",2021,41,2021-10-08,67,NA,"Dengue"
"20",2021,42,2021-10-15,82,NA,"Dengue"
"20",2021,43,2021-10-22,70,NA,"Dengue"
"20",2021,44,2021-10-29,79,NA,"Dengue"
"20",2021,45,2021-11-05,63,NA,"Dengue"
"20",2021,46,2021-11-12,67,NA,"Dengue"
"20",2021,47,2021-11-19,56,NA,"Dengue"
"20",2021,48,2021-11-26,59,NA,"Dengue"
"20",2021,49,2021-12-03,57,NA,"Dengue"
"20",2021,50,2021-12-10,45,NA,"Dengue"
"20",2021,51,2021-12-17,49,NA,"Dengue"
"20",2021,52,2021-12-24,34,NA,"Dengue"
"20",2022,1,2022-01-01,46,NA,"Dengue"
"20",2022,2,2022-01-08,34,NA,"Dengue"
"20",2022,3,2022-01-15,36,NA,"Dengue"
"20",2022,4,2022-01-22,39,NA,"Dengue"
"20",2022,5,2022-01-29,32,NA,"Dengue"
"20",2022,6,2022-02-05,55,NA,"Dengue"
"20",2022,7,2022-02-12,44,NA,"Dengue"
"20",2022,8,2022-02-19,27,NA,"Dengue"
"20",2022,9,2022-02-26,38,NA,"Dengue"
"20",2022,10,2022-03-05,34,NA,"Dengue"
"20",2022,11,2022-03-12,44,NA,"Dengue"
"20",2022,12,2022-03-19,42,NA,"Dengue"
"20",2022,13,2022-03-26,28,NA,"Dengue"
"20",2022,14,2022-04-02,38,NA,"Dengue"
"20",2022,15,2022-04-09,35,NA,"Dengue"
"20",2022,16,2022-04-16,34,NA,"Dengue"
"20",2022,17,2022-04-23,58,NA,"Dengue"
"20",2022,18,2022-04-30,63,NA,"Dengue"
"20",2022,19,2022-05-07,81,NA,"Dengue"
"20",2022,20,2022-05-14,60,NA,"Dengue"
"20",2022,21,2022-05-21,61,NA,"Dengue"
"20",2022,22,2022-05-28,88,NA,"Dengue"
"20",2022,23,2022-06-04,92,NA,"Dengue"
"20",2022,24,2022-06-11,66,NA,"Dengue"
"20",2022,25,2022-06-18,67,NA,"Dengue"
"20",2022,26,2022-06-25,75,NA,"Dengue"
"20",2022,27,2022-07-02,78,NA,"Dengue"
"20",2022,28,2022-07-09,120,NA,"Dengue"
"20",2022,29,2022-07-16,91,NA,"Dengue"
"20",2022,30,2022-07-23,69,NA,"Dengue"
"20",2022,31,2022-07-30,74,NA,"Dengue"
"20",2022,32,2022-08-06,77,NA,"Dengue"
"20",2022,33,2022-08-13,93,NA,"Dengue"
"20",2022,34,2022-08-20,56,NA,"Dengue"
"20",2022,35,2022-08-27,77,NA,"Dengue"
"20",2022,36,2022-09-03,101,NA,"Dengue"
"20",2022,37,2022-09-10,59,NA,"Dengue"
"20",2022,38,2022-09-17,75,NA,"Dengue"
"20",2022,39,2022-09-24,82,NA,"Dengue"
"20",2022,40,2022-10-01,64,NA,"Dengue"
"20",2022,41,2022-10-08,71,NA,"Dengue"
"20",2022,42,2022-10-15,71,NA,"Dengue"
"20",2022,43,2022-10-22,66,NA,"Dengue"
"20",2022,44,2022-10-29,69,NA,"Dengue"
"20",2022,45,2022-11-05,72,NA,"Dengue"
"20",2022,46,2022-11-12,56,NA,"Dengue"
"20",2022,47,2022-11-19,67,NA,"Dengue"
"20",2022,48,2022-11-26,50,NA,"Dengue"
"20",2022,49,2022-12-03,49,NA,"Dengue"
"20",2022,50,2022-12-10,60,NA,"Dengue"
"20",2022,51,2022-12-17,48,NA,"Dengue"
"20",2022,52,2022-12-24,30,NA,"Dengue"
"20",2023,1,2023-01-01,35,NA,"Dengue"
"20",2023,2,2023-01-08,39,NA,"Dengue"
"20",2023,3,2023-01-15,43,NA,"Dengue"
"20",2023,4,2023-01-22,38,NA,"Dengue"
"20",2023,5,2023-01-29,34,NA,"Dengue"
"20",2023,6,2023-02-05,53,NA,"Dengue"
"20",2023,7,2023-02-12,50,NA,"Dengue"
"20",2023,8,2023-02-19,38,NA,"Dengue"
"20",2023,9,2023-02-26,41,NA,"Dengue"
"20",2023,10,2023-03-05,42,NA,"Dengue"
"20",2023,11,2023-03-12,50,NA,"Dengue"
"20",2023,12,2023-03-19,66,NA,"Dengue"
"20",2023,13,2023-03-26,61,NA,"Dengue"
"20",2023,14,2023-04-02,34,NA,"Dengue"
"20",2023,15,2023-04-09,47,NA,"Dengue"
"20",2023,16,2023-04-16,71,NA,"Dengue"
"20",2023,17,2023-04-23,61,NA,"Dengue"
"20",2023,18,2023-04-30,85,NA,"Dengue"
"20",2023,19,2023-05-07,86,NA,"Dengue"
"20",2023,20,2023-05-14,92,NA,"Dengue"
"20",2023,21,2023-05-21,100,NA,"Dengue"
"20",2023,22,2023-05-28,114,NA,"Dengue"
"20",2023,23,2023-06-04,110,NA,"Dengue"
"20",2023,24,2023-06-11,148,NA,"Dengue"
"20",2023,25,2023-06-18,131,NA,"Dengue"
"20",2023,26,2023-06-25,133,NA,"Dengue"
"20",2023,27,2023-07-02,151,NA,"Dengue"
"20",2023,28,2023-07-09,132,NA,"Dengue"
"20",2023,29,2023-07-16,149,NA,"Dengue"
"20",2023,30,2023-07-23,145,NA,"Dengue"
"20",2023,31,2023-07-30,134,NA,"Dengue"
"20",2023,32,2023-08-06,131,NA,"Dengue"
"20",2023,33,2023-08-13,125,NA,"Dengue"
"20",2023,34,2023-08-20,150,NA,"Dengue"
"20",2023,35,2023-08-27,142,NA,"Dengue"
"20",2023,36,2023-09-03,123,NA,"Dengue"
"20",2023,37,2023-09-10,104,NA,"Dengue"
"20",2023,38,2023-09-17,84,NA,"Dengue"
"20",2023,39,2023-09-24,131,NA,"Dengue"
"20",2023,40,2023-10-01,99,NA,"Dengue"
"20",2023,41,2023-10-08,105,NA,"Dengue"
"20",2023,42,2023-10-15,130,NA,"Dengue"
"20",2023,43,2023-10-22,121,NA,"Dengue"
"20",2023,44,2023-10-29,109,NA,"Dengue"
"20",2023,45,2023-11-05,111,NA,"Dengue"
"20",2023,46,2023-11-12,100,NA,"Dengue"
"20",2023,47,2023-11-19,133,NA,"Dengue"
"20",2023,48,2023-11-26,89,NA,"Dengue"
"20",2023,49,2023-12-03,89,NA,"Dengue"
"20",2023,50,2023-12-10,113,NA,"Dengue"
"20",2023,51,2023-12-17,108,NA,"Dengue"
"20",2023,52,2023-12-24,100,NA,"Dengue"
"20",2024,1,2024-01-01,98,NA,"Dengue"
"20",2024,2,2024-01-08,91,NA,"Dengue"
"20",2024,3,2024-01-15,99,NA,"Dengue"
"20",2024,4,2024-01-22,83,NA,"Dengue"
"20",2024,5,2024-01-29,77,NA,"Dengue"
"20",2024,6,2024-02-05,94,NA,"Dengue"
"20",2024,7,2024-02-12,77,NA,"Dengue"
"20",2024,8,2024-02-19,71,NA,"Dengue"
"20",2024,9,2024-02-26,96,NA,"Dengue"
"20",2024,10,2024-03-04,65,NA,"Dengue"
"20",2024,11,2024-03-11,56,NA,"Dengue"
"20",2024,12,2024-03-18,61,NA,"Dengue"
"20",2024,13,2024-03-25,52,NA,"Dengue"
"20",2024,14,2024-04-01,52,NA,"Dengue"
"20",2024,15,2024-04-08,46,NA,"Dengue"
"20",2024,16,2024-04-15,62,NA,"Dengue"
"20",2024,17,2024-04-22,55,NA,"Dengue"
"20",2024,18,2024-04-29,48,NA,"Dengue"
"20",2024,19,2024-05-06,53,NA,"Dengue"
"20",2024,20,2024-05-13,46,NA,"Dengue"
"20",2024,21,2024-05-20,65,NA,"Dengue"
"20",2024,22,2024-05-27,58,NA,"Dengue"
"20",2024,23,2024-06-03,62,NA,"Dengue"
"20",2024,24,2024-06-10,69,NA,"Dengue"
"20",2024,25,2024-06-17,82,NA,"Dengue"
"20",2024,26,2024-06-24,70,NA,"Dengue"
"20",2024,27,2024-07-01,73,NA,"Dengue"
"20",2024,28,2024-07-08,74,NA,"Dengue"
"20",2024,29,2024-07-15,88,NA,"Dengue"
"20",2024,30,2024-07-22,89,NA,"Dengue"
"20",2024,31,2024-07-29,59,NA,"Dengue"
"20",2024,32,2024-08-05,85,NA,"Dengue"
"20",2024,33,2024-08-12,57,NA,"Dengue"
"20",2024,34,2024-08-19,69,NA,"Dengue"
"20",2024,35,2024-08-26,57,NA,"Dengue"
"20",2024,36,2024-09-02,44,NA,"Dengue"
"20",2024,37,2024-09-09,65,NA,"Dengue"
"20",2024,38,2024-09-16,57,NA,"Dengue"
"20",2024,39,2024-09-23,44,NA,"Dengue"
"20",2024,40,2024-09-30,68,NA,"Dengue"
"20",2024,41,2024-10-07,43,NA,"Dengue"
"20",2024,42,2024-10-14,58,NA,"Dengue"
"20",2024,43,2024-10-21,52,NA,"Dengue"
"20",2024,44,2024-10-28,49,NA,"Dengue"
"20",2024,45,2024-11-04,59,NA,"Dengue"
"20",2024,46,2024-11-11,41,NA,"Dengue"
"20",2024,47,2024-11-18,56,NA,"Dengue"
"20",2024,48,2024-11-25,54,NA,"Dengue"
"20",2024,49,2024-12-02,63,NA,"Dengue"
"20",2024,50,2024-12-09,67,NA,"Dengue"
"20",2024,51,2024-12-16,62,NA,"Dengue"
"20",2024,52,2024-12-23,63,NA,"Dengue"
"20",2025,1,2025-01-01,75,NA,"Dengue"
"20",2025,2,2025-01-08,62,NA,"Dengue"
"20",2025,3,2025-01-15,68,NA,"Dengue"
"20",2025,4,2025-01-22,91,NA,"Dengue"
"20",2025,5,2025-01-29,84,NA,"Dengue"
"20",2025,6,2025-02-05,88,NA,"Dengue"
"20",2025,7,2025-02-12,66,NA,"Dengue"
"20",2025,8,2025-02-19,45,NA,"Dengue"
"20",2025,9,2025-02-26,52,NA,"Dengue"
"20",2025,10,2025-03-05,38,NA,"Dengue"
"20",2025,11,2025-03-12,59,NA,"Dengue"
"20",2025,12,2025-03-19,49,NA,"Dengue"
"20",2025,13,2025-03-26,29,NA,"Dengue"
"20",2025,14,2025-04-02,49,NA,"Dengue"
"20",2025,15,2025-04-09,44,NA,"Dengue"
"20",2025,16,2025-04-16,28,NA,"Dengue"
"20",2025,17,2025-04-23,56,NA,"Dengue"
"20",2025,18,2025-04-30,37,NA,"Dengue"
"20",2025,19,2025-05-07,66,NA,"Dengue"
"20",2025,20,2025-05-14,37,NA,"Dengue"
"20",2025,21,2025-05-21,53,NA,"Dengue"
"20",2025,22,2025-05-28,67,NA,"Dengue"
"20",2025,23,2025-06-04,67,NA,"Dengue"
"20",2025,24,2025-06-11,59,NA,"Dengue"
"20",2025,25,2025-06-18,55,NA,"Dengue"
"20",2025,26,2025-06-25,63,NA,"Dengue"
"20",2025,27,2025-07-02,92,NA,"Dengue"
"20",2025,28,2025-07-09,100,NA,"Dengue"
"20",2025,29,2025-07-16,88,NA,"Dengue"
"20",2025,30,2025-07-23,88,NA,"Dengue"
"20",2025,31,2025-07-30,90,NA,"Dengue"
"20",2025,32,2025-08-06,87,NA,"Dengue"
"20",2025,33,2025-08-13,70,NA,"Dengue"
"20",2025,34,2025-08-20,90,NA,"Dengue"
"20",2025,35,2025-08-27,102,NA,"Dengue"
"20",2025,36,2025-09-03,103,NA,"Dengue"
"20",2025,37,2025-09-10,90,NA,"Dengue"
"20",2025,38,2025-09-17,87,NA,"Dengue"
"20",2025,39,2025-09-24,85,NA,"Dengue"
"20",2025,40,2025-10-01,79,NA,"Dengue"
"20",2025,41,2025-10-08,80,NA,"Dengue"
"20",2025,42,2025-10-15,73,NA,"Dengue"
"20",2025,43,2025-10-22,99,NA,"Dengue"
"20",2025,44,2025-10-29,97,NA,"Dengue"
"20",2025,45,2025-11-05,134,NA,"Dengue"
"20",2025,46,2025-11-12,138,NA,"Dengue"
"20",2025,47,2025-11-19,119,NA,"Dengue"
"20",2025,48,2025-11-26,134,NA,"Dengue"
"20",2025,49,2025-12-03,100,NA,"Dengue"
"20",2025,50,2025-12-10,135,NA,"Dengue"
"20",2025,51,2025-12-17,154,NA,"Dengue"
"20",2025,52,2025-12-24,140,NA,"Dengue"
"20",2025,53,2025-12-31,173,NA,"Dengue"
"23",2020,1,2020-01-01,145,NA,"Dengue"
"23",2020,2,2020-01-08,152,NA,"Dengue"
"23",2020,3,2020-01-15,148,NA,"Dengue"
"23",2020,4,2020-01-22,165,NA,"Dengue"
"23",2020,5,2020-01-29,152,NA,"Dengue"
"23",2020,6,2020-02-05,87,NA,"Dengue"
"23",2020,7,2020-02-12,92,NA,"Dengue"
"23",2020,8,2020-02-19,95,NA,"Dengue"
"23",2020,9,2020-02-26,68,NA,"Dengue"
"23",2020,10,2020-03-04,57,NA,"Dengue"
"23",2020,11,2020-03-11,51,NA,"Dengue"
"23",2020,12,2020-03-18,28,NA,"Dengue"
"23",2020,13,2020-03-25,25,NA,"Dengue"
"23",2020,14,2020-04-01,11,NA,"Dengue"
"23",2020,15,2020-04-08,12,NA,"Dengue"
"23",2020,16,2020-04-15,9,NA,"Dengue"
"23",2020,17,2020-04-22,3,NA,"Dengue"
"23",2020,18,2020-04-29,5,NA,"Dengue"
"23",2020,19,2020-05-06,13,NA,"Dengue"
"23",2020,20,2020-05-13,9,NA,"Dengue"
"23",2020,21,2020-05-20,17,NA,"Dengue"
"23",2020,22,2020-05-27,4,NA,"Dengue"
"23",2020,23,2020-06-03,9,NA,"Dengue"
"23",2020,24,2020-06-10,12,NA,"Dengue"
"23",2020,25,2020-06-17,16,NA,"Dengue"
"23",2020,26,2020-06-24,8,NA,"Dengue"
"23",2020,27,2020-07-01,17,NA,"Dengue"
"23",2020,28,2020-07-08,15,NA,"Dengue"
"23",2020,29,2020-07-15,3,NA,"Dengue"
"23",2020,30,2020-07-22,4,NA,"Dengue"
"23",2020,31,2020-07-29,12,NA,"Dengue"
"23",2020,32,2020-08-05,5,NA,"Dengue"
"23",2020,33,2020-08-12,6,NA,"Dengue"
"23",2020,34,2020-08-19,4,NA,"Dengue"
"23",2020,35,2020-08-26,5,NA,"Dengue"
"23",2020,36,2020-09-02,7,NA,"Dengue"
"23",2020,37,2020-09-09,15,NA,"Dengue"
"23",2020,38,2020-09-16,9,NA,"Dengue"
"23",2020,39,2020-09-23,15,NA,"Dengue"
"23",2020,40,2020-09-30,6,NA,"Dengue"
"23",2020,41,2020-10-07,11,NA,"Dengue"
"23",2020,42,2020-10-14,22,NA,"Dengue"
"23",2020,43,2020-10-21,9,NA,"Dengue"
"23",2020,44,2020-10-28,8,NA,"Dengue"
"23",2020,45,2020-11-04,13,NA,"Dengue"
"23",2020,46,2020-11-11,11,NA,"Dengue"
"23",2020,47,2020-11-18,15,NA,"Dengue"
"23",2020,48,2020-11-25,4,NA,"Dengue"
"23",2020,49,2020-12-02,11,NA,"Dengue"
"23",2020,50,2020-12-09,6,NA,"Dengue"
"23",2020,51,2020-12-16,14,NA,"Dengue"
"23",2020,52,2020-12-23,12,NA,"Dengue"
"23",2020,53,2020-12-30,22,NA,"Dengue"
"23",2021,1,2021-01-01,12,NA,"Dengue"
"23",2021,2,2021-01-08,14,NA,"Dengue"
"23",2021,3,2021-01-15,16,NA,"Dengue"
"23",2021,4,2021-01-22,10,NA,"Dengue"
"23",2021,5,2021-01-29,7,NA,"Dengue"
"23",2021,6,2021-02-05,16,NA,"Dengue"
"23",2021,7,2021-02-12,20,NA,"Dengue"
"23",2021,8,2021-02-19,13,NA,"Dengue"
"23",2021,9,2021-02-26,24,NA,"Dengue"
"23",2021,10,2021-03-05,14,NA,"Dengue"
"23",2021,11,2021-03-12,10,NA,"Dengue"
"23",2021,12,2021-03-19,9,NA,"Dengue"
"23",2021,13,2021-03-26,6,NA,"Dengue"
"23",2021,14,2021-04-02,9,NA,"Dengue"
"23",2021,15,2021-04-09,10,NA,"Dengue"
"23",2021,16,2021-04-16,9,NA,"Dengue"
"23",2021,17,2021-04-23,13,NA,"Dengue"
"23",2021,18,2021-04-30,17,NA,"Dengue"
"23",2021,19,2021-05-07,22,NA,"Dengue"
"23",2021,20,2021-05-14,21,NA,"Dengue"
"23",2021,21,2021-05-21,23,NA,"Dengue"
"23",2021,22,2021-05-28,22,NA,"Dengue"
"23",2021,23,2021-06-04,22,NA,"Dengue"
"23",2021,24,2021-06-11,21,NA,"Dengue"
"23",2021,25,2021-06-18,26,NA,"Dengue"
"23",2021,26,2021-06-25,44,NA,"Dengue"
"23",2021,27,2021-07-02,52,NA,"Dengue"
"23",2021,28,2021-07-09,45,NA,"Dengue"
"23",2021,29,2021-07-16,48,NA,"Dengue"
"23",2021,30,2021-07-23,60,NA,"Dengue"
"23",2021,31,2021-07-30,52,NA,"Dengue"
"23",2021,32,2021-08-06,56,NA,"Dengue"
"23",2021,33,2021-08-13,54,NA,"Dengue"
"23",2021,34,2021-08-20,68,NA,"Dengue"
"23",2021,35,2021-08-27,73,NA,"Dengue"
"23",2021,36,2021-09-03,71,NA,"Dengue"
"23",2021,37,2021-09-10,80,NA,"Dengue"
"23",2021,38,2021-09-17,100,NA,"Dengue"
"23",2021,39,2021-09-24,111,NA,"Dengue"
"23",2021,40,2021-10-01,118,NA,"Dengue"
"23",2021,41,2021-10-08,110,NA,"Dengue"
"23",2021,42,2021-10-15,95,NA,"Dengue"
"23",2021,43,2021-10-22,101,NA,"Dengue"
"23",2021,44,2021-10-29,80,NA,"Dengue"
"23",2021,45,2021-11-05,106,NA,"Dengue"
"23",2021,46,2021-11-12,115,NA,"Dengue"
"23",2021,47,2021-11-19,93,NA,"Dengue"
"23",2021,48,2021-11-26,86,NA,"Dengue"
"23",2021,49,2021-12-03,103,NA,"Dengue"
"23",2021,50,2021-12-10,128,NA,"Dengue"
"23",2021,51,2021-12-17,109,NA,"Dengue"
"23",2021,52,2021-12-24,66,NA,"Dengue"
"23",2022,1,2022-01-01,60,NA,"Dengue"
"23",2022,2,2022-01-08,46,NA,"Dengue"
"23",2022,3,2022-01-15,31,NA,"Dengue"
"23",2022,4,2022-01-22,48,NA,"Dengue"
"23",2022,5,2022-01-29,62,NA,"Dengue"
"23",2022,6,2022-02-05,66,NA,"Dengue"
"23",2022,7,2022-02-12,36,NA,"Dengue"
"23",2022,8,2022-02-19,38,NA,"Dengue"
"23",2022,9,2022-02-26,42,NA,"Dengue"
"23",2022,10,2022-03-05,39,NA,"Dengue"
"23",2022,11,2022-03-12,39,NA,"Dengue"
"23",2022,12,2022-03-19,35,NA,"Dengue"
"23",2022,13,2022-03-26,27,NA,"Dengue"
"23",2022,14,2022-04-02,35,NA,"Dengue"
"23",2022,15,2022-04-09,30,NA,"Dengue"
"23",2022,16,2022-04-16,56,NA,"Dengue"
"23",2022,17,2022-04-23,53,NA,"Dengue"
"23",2022,18,2022-04-30,62,NA,"Dengue"
"23",2022,19,2022-05-07,82,NA,"Dengue"
"23",2022,20,2022-05-14,91,NA,"Dengue"
"23",2022,21,2022-05-21,96,NA,"Dengue"
"23",2022,22,2022-05-28,85,NA,"Dengue"
"23",2022,23,2022-06-04,87,NA,"Dengue"
"23",2022,24,2022-06-11,59,NA,"Dengue"
"23",2022,25,2022-06-18,72,NA,"Dengue"
"23",2022,26,2022-06-25,107,NA,"Dengue"
"23",2022,27,2022-07-02,115,NA,"Dengue"
"23",2022,28,2022-07-09,128,NA,"Dengue"
"23",2022,29,2022-07-16,135,NA,"Dengue"
"23",2022,30,2022-07-23,108,NA,"Dengue"
"23",2022,31,2022-07-30,137,NA,"Dengue"
"23",2022,32,2022-08-06,124,NA,"Dengue"
"23",2022,33,2022-08-13,131,NA,"Dengue"
"23",2022,34,2022-08-20,114,NA,"Dengue"
"23",2022,35,2022-08-27,114,NA,"Dengue"
"23",2022,36,2022-09-03,92,NA,"Dengue"
"23",2022,37,2022-09-10,80,NA,"Dengue"
"23",2022,38,2022-09-17,74,NA,"Dengue"
"23",2022,39,2022-09-24,76,NA,"Dengue"
"23",2022,40,2022-10-01,76,NA,"Dengue"
"23",2022,41,2022-10-08,82,NA,"Dengue"
"23",2022,42,2022-10-15,80,NA,"Dengue"
"23",2022,43,2022-10-22,86,NA,"Dengue"
"23",2022,44,2022-10-29,71,NA,"Dengue"
"23",2022,45,2022-11-05,84,NA,"Dengue"
"23",2022,46,2022-11-12,80,NA,"Dengue"
"23",2022,47,2022-11-19,54,NA,"Dengue"
"23",2022,48,2022-11-26,63,NA,"Dengue"
"23",2022,49,2022-12-03,73,NA,"Dengue"
"23",2022,50,2022-12-10,54,NA,"Dengue"
"23",2022,51,2022-12-17,59,NA,"Dengue"
"23",2022,52,2022-12-24,77,NA,"Dengue"
"23",2023,1,2023-01-01,75,NA,"Dengue"
"23",2023,2,2023-01-08,71,NA,"Dengue"
"23",2023,3,2023-01-15,77,NA,"Dengue"
"23",2023,4,2023-01-22,91,NA,"Dengue"
"23",2023,5,2023-01-29,79,NA,"Dengue"
"23",2023,6,2023-02-05,81,NA,"Dengue"
"23",2023,7,2023-02-12,84,NA,"Dengue"
"23",2023,8,2023-02-19,90,NA,"Dengue"
"23",2023,9,2023-02-26,68,NA,"Dengue"
"23",2023,10,2023-03-05,59,NA,"Dengue"
"23",2023,11,2023-03-12,52,NA,"Dengue"
"23",2023,12,2023-03-19,59,NA,"Dengue"
"23",2023,13,2023-03-26,47,NA,"Dengue"
"23",2023,14,2023-04-02,47,NA,"Dengue"
"23",2023,15,2023-04-09,60,NA,"Dengue"
"23",2023,16,2023-04-16,48,NA,"Dengue"
"23",2023,17,2023-04-23,35,NA,"Dengue"
"23",2023,18,2023-04-30,58,NA,"Dengue"
"23",2023,19,2023-05-07,49,NA,"Dengue"
"23",2023,20,2023-05-14,49,NA,"Dengue"
"23",2023,21,2023-05-21,38,NA,"Dengue"
"23",2023,22,2023-05-28,63,NA,"Dengue"
"23",2023,23,2023-06-04,67,NA,"Dengue"
"23",2023,24,2023-06-11,55,NA,"Dengue"
"23",2023,25,2023-06-18,71,NA,"Dengue"
"23",2023,26,2023-06-25,70,NA,"Dengue"
"23",2023,27,2023-07-02,76,NA,"Dengue"
"23",2023,28,2023-07-09,96,NA,"Dengue"
"23",2023,29,2023-07-16,88,NA,"Dengue"
"23",2023,30,2023-07-23,111,NA,"Dengue"
"23",2023,31,2023-07-30,100,NA,"Dengue"
"23",2023,32,2023-08-06,100,NA,"Dengue"
"23",2023,33,2023-08-13,107,NA,"Dengue"
"23",2023,34,2023-08-20,100,NA,"Dengue"
"23",2023,35,2023-08-27,98,NA,"Dengue"
"23",2023,36,2023-09-03,84,NA,"Dengue"
"23",2023,37,2023-09-10,103,NA,"Dengue"
"23",2023,38,2023-09-17,95,NA,"Dengue"
"23",2023,39,2023-09-24,90,NA,"Dengue"
"23",2023,40,2023-10-01,89,NA,"Dengue"
"23",2023,41,2023-10-08,85,NA,"Dengue"
"23",2023,42,2023-10-15,93,NA,"Dengue"
"23",2023,43,2023-10-22,99,NA,"Dengue"
"23",2023,44,2023-10-29,104,NA,"Dengue"
"23",2023,45,2023-11-05,83,NA,"Dengue"
"23",2023,46,2023-11-12,97,NA,"Dengue"
"23",2023,47,2023-11-19,96,NA,"Dengue"
"23",2023,48,2023-11-26,122,NA,"Dengue"
"23",2023,49,2023-12-03,126,NA,"Dengue"
"23",2023,50,2023-12-10,111,NA,"Dengue"
"23",2023,51,2023-12-17,94,NA,"Dengue"
"23",2023,52,2023-12-24,117,NA,"Dengue"
"23",2024,1,2024-01-01,114,NA,"Dengue"
"23",2024,2,2024-01-08,95,NA,"Dengue"
"23",2024,3,2024-01-15,110,NA,"Dengue"
"23",2024,4,2024-01-22,107,NA,"Dengue"
"23",2024,5,2024-01-29,82,NA,"Dengue"
"23",2024,6,2024-02-05,91,NA,"Dengue"
"23",2024,7,2024-02-12,89,NA,"Dengue"
"23",2024,8,2024-02-19,95,NA,"Dengue"
"23",2024,9,2024-02-26,90,NA,"Dengue"
"23",2024,10,2024-03-04,86,NA,"Dengue"
"23",2024,11,2024-03-11,92,NA,"Dengue"
"23",2024,12,2024-03-18,70,NA,"Dengue"
"23",2024,13,2024-03-25,59,NA,"Dengue"
"23",2024,14,2024-04-01,73,NA,"Dengue"
"23",2024,15,2024-04-08,80,NA,"Dengue"
"23",2024,16,2024-04-15,83,NA,"Dengue"
"23",2024,17,2024-04-22,46,NA,"Dengue"
"23",2024,18,2024-04-29,90,NA,"Dengue"
"23",2024,19,2024-05-06,98,NA,"Dengue"
"23",2024,20,2024-05-13,111,NA,"Dengue"
"23",2024,21,2024-05-20,126,NA,"Dengue"
"23",2024,22,2024-05-27,117,NA,"Dengue"
"23",2024,23,2024-06-03,98,NA,"Dengue"
"23",2024,24,2024-06-10,132,NA,"Dengue"
"23",2024,25,2024-06-17,157,NA,"Dengue"
"23",2024,26,2024-06-24,167,NA,"Dengue"
"23",2024,27,2024-07-01,190,NA,"Dengue"
"23",2024,28,2024-07-08,191,NA,"Dengue"
"23",2024,29,2024-07-15,208,NA,"Dengue"
"23",2024,30,2024-07-22,181,NA,"Dengue"
"23",2024,31,2024-07-29,183,NA,"Dengue"
"23",2024,32,2024-08-05,142,NA,"Dengue"
"23",2024,33,2024-08-12,147,NA,"Dengue"
"23",2024,34,2024-08-19,179,NA,"Dengue"
"23",2024,35,2024-08-26,143,NA,"Dengue"
"23",2024,36,2024-09-02,144,NA,"Dengue"
"23",2024,37,2024-09-09,156,NA,"Dengue"
"23",2024,38,2024-09-16,165,NA,"Dengue"
"23",2024,39,2024-09-23,140,NA,"Dengue"
"23",2024,40,2024-09-30,198,NA,"Dengue"
"23",2024,41,2024-10-07,165,NA,"Dengue"
"23",2024,42,2024-10-14,208,NA,"Dengue"
"23",2024,43,2024-10-21,199,NA,"Dengue"
"23",2024,44,2024-10-28,213,NA,"Dengue"
"23",2024,45,2024-11-04,206,NA,"Dengue"
"23",2024,46,2024-11-11,200,NA,"Dengue"
"23",2024,47,2024-11-18,199,NA,"Dengue"
"23",2024,48,2024-11-25,215,NA,"Dengue"
"23",2024,49,2024-12-02,236,NA,"Dengue"
"23",2024,50,2024-12-09,238,NA,"Dengue"
"23",2024,51,2024-12-16,244,NA,"Dengue"
"23",2024,52,2024-12-23,246,NA,"Dengue"
"23",2025,1,2025-01-01,267,NA,"Dengue"
"23",2025,2,2025-01-08,261,NA,"Dengue"
"23",2025,3,2025-01-15,302,NA,"Dengue"
"23",2025,4,2025-01-22,288,NA,"Dengue"
"23",2025,5,2025-01-29,309,NA,"Dengue"
"23",2025,6,2025-02-05,311,NA,"Dengue"
"23",2025,7,2025-02-12,246,NA,"Dengue"
"23",2025,8,2025-02-19,205,NA,"Dengue"
"23",2025,9,2025-02-26,206,NA,"Dengue"
"23",2025,10,2025-03-05,175,NA,"Dengue"
"23",2025,11,2025-03-12,165,NA,"Dengue"
"23",2025,12,2025-03-19,174,NA,"Dengue"
"23",2025,13,2025-03-26,174,NA,"Dengue"
"23",2025,14,2025-04-02,185,NA,"Dengue"
"23",2025,15,2025-04-09,252,NA,"Dengue"
"23",2025,16,2025-04-16,358,NA,"Dengue"
"23",2025,17,2025-04-23,422,NA,"Dengue"
"23",2025,18,2025-04-30,451,NA,"Dengue"
"23",2025,19,2025-05-07,467,NA,"Dengue"
"23",2025,20,2025-05-14,370,NA,"Dengue"
"23",2025,21,2025-05-21,311,NA,"Dengue"
"23",2025,22,2025-05-28,218,NA,"Dengue"
"23",2025,23,2025-06-04,264,NA,"Dengue"
"23",2025,24,2025-06-11,208,NA,"Dengue"
"23",2025,25,2025-06-18,193,NA,"Dengue"
"23",2025,26,2025-06-25,166,NA,"Dengue"
"23",2025,27,2025-07-02,234,NA,"Dengue"
"23",2025,28,2025-07-09,232,NA,"Dengue"
"23",2025,29,2025-07-16,206,NA,"Dengue"
"23",2025,30,2025-07-23,225,NA,"Dengue"
"23",2025,31,2025-07-30,216,NA,"Dengue"
"23",2025,32,2025-08-06,185,NA,"Dengue"
"23",2025,33,2025-08-13,176,NA,"Dengue"
"23",2025,34,2025-08-20,183,NA,"Dengue"
"23",2025,35,2025-08-27,156,NA,"Dengue"
"23",2025,36,2025-09-03,164,NA,"Dengue"
"23",2025,37,2025-09-10,126,NA,"Dengue"
"23",2025,38,2025-09-17,138,NA,"Dengue"
"23",2025,39,2025-09-24,119,NA,"Dengue"
"23",2025,40,2025-10-01,98,NA,"Dengue"
"23",2025,41,2025-10-08,110,NA,"Dengue"
"23",2025,42,2025-10-15,99,NA,"Dengue"
"23",2025,43,2025-10-22,81,NA,"Dengue"
"23",2025,44,2025-10-29,91,NA,"Dengue"
"23",2025,45,2025-11-05,86,NA,"Dengue"
"23",2025,46,2025-11-12,69,NA,"Dengue"
"23",2025,47,2025-11-19,80,NA,"Dengue"
"23",2025,48,2025-11-26,49,NA,"Dengue"
"23",2025,49,2025-12-03,73,NA,"Dengue"
"23",2025,50,2025-12-10,93,NA,"Dengue"
"23",2025,51,2025-12-17,60,NA,"Dengue"
"23",2025,52,2025-12-24,72,NA,"Dengue"
"23",2025,53,2025-12-31,81,NA,"Dengue"
"25",2020,1,2020-01-01,97,NA,"Dengue"
"25",2020,2,2020-01-08,131,NA,"Dengue"
"25",2020,3,2020-01-15,138,NA,"Dengue"
"25",2020,4,2020-01-22,101,NA,"Dengue"
"25",2020,5,2020-01-29,84,NA,"Dengue"
"25",2020,6,2020-02-05,128,NA,"Dengue"
"25",2020,7,2020-02-12,138,NA,"Dengue"
"25",2020,8,2020-02-19,130,NA,"Dengue"
"25",2020,9,2020-02-26,126,NA,"Dengue"
"25",2020,10,2020-03-04,125,NA,"Dengue"
"25",2020,11,2020-03-11,86,NA,"Dengue"
"25",2020,12,2020-03-18,56,NA,"Dengue"
"25",2020,13,2020-03-25,56,NA,"Dengue"
"25",2020,14,2020-04-01,76,NA,"Dengue"
"25",2020,15,2020-04-08,120,NA,"Dengue"
"25",2020,16,2020-04-15,126,NA,"Dengue"
"25",2020,17,2020-04-22,119,NA,"Dengue"
"25",2020,18,2020-04-29,105,NA,"Dengue"
"25",2020,19,2020-05-06,132,NA,"Dengue"
"25",2020,20,2020-05-13,113,NA,"Dengue"
"25",2020,21,2020-05-20,121,NA,"Dengue"
"25",2020,22,2020-05-27,88,NA,"Dengue"
"25",2020,23,2020-06-03,76,NA,"Dengue"
"25",2020,24,2020-06-10,70,NA,"Dengue"
"25",2020,25,2020-06-17,67,NA,"Dengue"
"25",2020,26,2020-06-24,58,NA,"Dengue"
"25",2020,27,2020-07-01,60,NA,"Dengue"
"25",2020,28,2020-07-08,58,NA,"Dengue"
"25",2020,29,2020-07-15,56,NA,"Dengue"
"25",2020,30,2020-07-22,36,NA,"Dengue"
"25",2020,31,2020-07-29,37,NA,"Dengue"
"25",2020,32,2020-08-05,37,NA,"Dengue"
"25",2020,33,2020-08-12,32,NA,"Dengue"
"25",2020,34,2020-08-19,40,NA,"Dengue"
"25",2020,35,2020-08-26,40,NA,"Dengue"
"25",2020,36,2020-09-02,34,NA,"Dengue"
"25",2020,37,2020-09-09,41,NA,"Dengue"
"25",2020,38,2020-09-16,46,NA,"Dengue"
"25",2020,39,2020-09-23,39,NA,"Dengue"
"25",2020,40,2020-09-30,36,NA,"Dengue"
"25",2020,41,2020-10-07,29,NA,"Dengue"
"25",2020,42,2020-10-14,48,NA,"Dengue"
"25",2020,43,2020-10-21,52,NA,"Dengue"
"25",2020,44,2020-10-28,29,NA,"Dengue"
"25",2020,45,2020-11-04,36,NA,"Dengue"
"25",2020,46,2020-11-11,41,NA,"Dengue"
"25",2020,47,2020-11-18,58,NA,"Dengue"
"25",2020,48,2020-11-25,50,NA,"Dengue"
"25",2020,49,2020-12-02,32,NA,"Dengue"
"25",2020,50,2020-12-09,26,NA,"Dengue"
"25",2020,51,2020-12-16,30,NA,"Dengue"
"25",2020,52,2020-12-23,26,NA,"Dengue"
"25",2020,53,2020-12-30,17,NA,"Dengue"
"25",2021,1,2021-01-01,19,NA,"Dengue"
"25",2021,2,2021-01-08,19,NA,"Dengue"
"25",2021,3,2021-01-15,14,NA,"Dengue"
"25",2021,4,2021-01-22,15,NA,"Dengue"
"25",2021,5,2021-01-29,11,NA,"Dengue"
"25",2021,6,2021-02-05,23,NA,"Dengue"
"25",2021,7,2021-02-12,17,NA,"Dengue"
"25",2021,8,2021-02-19,21,NA,"Dengue"
"25",2021,9,2021-02-26,17,NA,"Dengue"
"25",2021,10,2021-03-05,14,NA,"Dengue"
"25",2021,11,2021-03-12,12,NA,"Dengue"
"25",2021,12,2021-03-19,14,NA,"Dengue"
"25",2021,13,2021-03-26,14,NA,"Dengue"
"25",2021,14,2021-04-02,12,NA,"Dengue"
"25",2021,15,2021-04-09,21,NA,"Dengue"
"25",2021,16,2021-04-16,16,NA,"Dengue"
"25",2021,17,2021-04-23,18,NA,"Dengue"
"25",2021,18,2021-04-30,17,NA,"Dengue"
"25",2021,19,2021-05-07,6,NA,"Dengue"
"25",2021,20,2021-05-14,6,NA,"Dengue"
"25",2021,21,2021-05-21,15,NA,"Dengue"
"25",2021,22,2021-05-28,11,NA,"Dengue"
"25",2021,23,2021-06-04,17,NA,"Dengue"
"25",2021,24,2021-06-11,7,NA,"Dengue"
"25",2021,25,2021-06-18,12,NA,"Dengue"
"25",2021,26,2021-06-25,10,NA,"Dengue"
"25",2021,27,2021-07-02,16,NA,"Dengue"
"25",2021,28,2021-07-09,12,NA,"Dengue"
"25",2021,29,2021-07-16,4,NA,"Dengue"
"25",2021,30,2021-07-23,8,NA,"Dengue"
"25",2021,31,2021-07-30,21,NA,"Dengue"
"25",2021,32,2021-08-06,15,NA,"Dengue"
"25",2021,33,2021-08-13,14,NA,"Dengue"
"25",2021,34,2021-08-20,22,NA,"Dengue"
"25",2021,35,2021-08-27,14,NA,"Dengue"
"25",2021,36,2021-09-03,26,NA,"Dengue"
"25",2021,37,2021-09-10,43,NA,"Dengue"
"25",2021,38,2021-09-17,41,NA,"Dengue"
"25",2021,39,2021-09-24,44,NA,"Dengue"
"25",2021,40,2021-10-01,44,NA,"Dengue"
"25",2021,41,2021-10-08,41,NA,"Dengue"
"25",2021,42,2021-10-15,30,NA,"Dengue"
"25",2021,43,2021-10-22,32,NA,"Dengue"
"25",2021,44,2021-10-29,30,NA,"Dengue"
"25",2021,45,2021-11-05,25,NA,"Dengue"
"25",2021,46,2021-11-12,24,NA,"Dengue"
"25",2021,47,2021-11-19,16,NA,"Dengue"
"25",2021,48,2021-11-26,10,NA,"Dengue"
"25",2021,49,2021-12-03,6,NA,"Dengue"
"25",2021,50,2021-12-10,10,NA,"Dengue"
"25",2021,51,2021-12-17,14,NA,"Dengue"
"25",2021,52,2021-12-24,8,NA,"Dengue"
"25",2022,1,2022-01-01,9,NA,"Dengue"
"25",2022,2,2022-01-08,7,NA,"Dengue"
"25",2022,3,2022-01-15,7,NA,"Dengue"
"25",2022,4,2022-01-22,6,NA,"Dengue"
"25",2022,5,2022-01-29,2,NA,"Dengue"
"25",2022,6,2022-02-05,4,NA,"Dengue"
"25",2022,7,2022-02-12,5,NA,"Dengue"
"25",2022,8,2022-02-19,13,NA,"Dengue"
"25",2022,9,2022-02-26,3,NA,"Dengue"
"25",2022,10,2022-03-05,4,NA,"Dengue"
"25",2022,11,2022-03-12,7,NA,"Dengue"
"25",2022,12,2022-03-19,11,NA,"Dengue"
"25",2022,13,2022-03-26,10,NA,"Dengue"
"25",2022,14,2022-04-02,7,NA,"Dengue"
"25",2022,15,2022-04-09,6,NA,"Dengue"
"25",2022,16,2022-04-16,9,NA,"Dengue"
"25",2022,17,2022-04-23,15,NA,"Dengue"
"25",2022,18,2022-04-30,16,NA,"Dengue"
"25",2022,19,2022-05-07,7,NA,"Dengue"
"25",2022,20,2022-05-14,4,NA,"Dengue"
"25",2022,21,2022-05-21,9,NA,"Dengue"
"25",2022,22,2022-05-28,18,NA,"Dengue"
"25",2022,23,2022-06-04,6,NA,"Dengue"
"25",2022,24,2022-06-11,14,NA,"Dengue"
"25",2022,25,2022-06-18,5,NA,"Dengue"
"25",2022,26,2022-06-25,8,NA,"Dengue"
"25",2022,27,2022-07-02,9,NA,"Dengue"
"25",2022,28,2022-07-09,14,NA,"Dengue"
"25",2022,29,2022-07-16,11,NA,"Dengue"
"25",2022,30,2022-07-23,10,NA,"Dengue"
"25",2022,31,2022-07-30,4,NA,"Dengue"
"25",2022,32,2022-08-06,8,NA,"Dengue"
"25",2022,33,2022-08-13,12,NA,"Dengue"
"25",2022,34,2022-08-20,19,NA,"Dengue"
"25",2022,35,2022-08-27,18,NA,"Dengue"
"25",2022,36,2022-09-03,17,NA,"Dengue"
"25",2022,37,2022-09-10,13,NA,"Dengue"
"25",2022,38,2022-09-17,20,NA,"Dengue"
"25",2022,39,2022-09-24,14,NA,"Dengue"
"25",2022,40,2022-10-01,15,NA,"Dengue"
"25",2022,41,2022-10-08,23,NA,"Dengue"
"25",2022,42,2022-10-15,24,NA,"Dengue"
"25",2022,43,2022-10-22,20,NA,"Dengue"
"25",2022,44,2022-10-29,18,NA,"Dengue"
"25",2022,45,2022-11-05,19,NA,"Dengue"
"25",2022,46,2022-11-12,20,NA,"Dengue"
"25",2022,47,2022-11-19,28,NA,"Dengue"
"25",2022,48,2022-11-26,24,NA,"Dengue"
"25",2022,49,2022-12-03,31,NA,"Dengue"
"25",2022,50,2022-12-10,37,NA,"Dengue"
"25",2022,51,2022-12-17,52,NA,"Dengue"
"25",2022,52,2022-12-24,38,NA,"Dengue"
"25",2023,1,2023-01-01,47,NA,"Dengue"
"25",2023,2,2023-01-08,60,NA,"Dengue"
"25",2023,3,2023-01-15,66,NA,"Dengue"
"25",2023,4,2023-01-22,48,NA,"Dengue"
"25",2023,5,2023-01-29,67,NA,"Dengue"
"25",2023,6,2023-02-05,73,NA,"Dengue"
"25",2023,7,2023-02-12,66,NA,"Dengue"
"25",2023,8,2023-02-19,78,NA,"Dengue"
"25",2023,9,2023-02-26,74,NA,"Dengue"
"25",2023,10,2023-03-05,81,NA,"Dengue"
"25",2023,11,2023-03-12,72,NA,"Dengue"
"25",2023,12,2023-03-19,82,NA,"Dengue"
"25",2023,13,2023-03-26,99,NA,"Dengue"
"25",2023,14,2023-04-02,96,NA,"Dengue"
"25",2023,15,2023-04-09,143,NA,"Dengue"
"25",2023,16,2023-04-16,93,NA,"Dengue"
"25",2023,17,2023-04-23,72,NA,"Dengue"
"25",2023,18,2023-04-30,83,NA,"Dengue"
"25",2023,19,2023-05-07,89,NA,"Dengue"
"25",2023,20,2023-05-14,68,NA,"Dengue"
"25",2023,21,2023-05-21,72,NA,"Dengue"
"25",2023,22,2023-05-28,64,NA,"Dengue"
"25",2023,23,2023-06-04,57,NA,"Dengue"
"25",2023,24,2023-06-11,55,NA,"Dengue"
"25",2023,25,2023-06-18,56,NA,"Dengue"
"25",2023,26,2023-06-25,67,NA,"Dengue"
"25",2023,27,2023-07-02,71,NA,"Dengue"
"25",2023,28,2023-07-09,83,NA,"Dengue"
"25",2023,29,2023-07-16,68,NA,"Dengue"
"25",2023,30,2023-07-23,66,NA,"Dengue"
"25",2023,31,2023-07-30,64,NA,"Dengue"
"25",2023,32,2023-08-06,65,NA,"Dengue"
"25",2023,33,2023-08-13,58,NA,"Dengue"
"25",2023,34,2023-08-20,48,NA,"Dengue"
"25",2023,35,2023-08-27,78,NA,"Dengue"
"25",2023,36,2023-09-03,72,NA,"Dengue"
"25",2023,37,2023-09-10,66,NA,"Dengue"
"25",2023,38,2023-09-17,69,NA,"Dengue"
"25",2023,39,2023-09-24,67,NA,"Dengue"
"25",2023,40,2023-10-01,81,NA,"Dengue"
"25",2023,41,2023-10-08,89,NA,"Dengue"
"25",2023,42,2023-10-15,106,NA,"Dengue"
"25",2023,43,2023-10-22,97,NA,"Dengue"
"25",2023,44,2023-10-29,100,NA,"Dengue"
"25",2023,45,2023-11-05,91,NA,"Dengue"
"25",2023,46,2023-11-12,100,NA,"Dengue"
"25",2023,47,2023-11-19,113,NA,"Dengue"
"25",2023,48,2023-11-26,106,NA,"Dengue"
"25",2023,49,2023-12-03,95,NA,"Dengue"
"25",2023,50,2023-12-10,116,NA,"Dengue"
"25",2023,51,2023-12-17,101,NA,"Dengue"
"25",2023,52,2023-12-24,123,NA,"Dengue"
"25",2024,1,2024-01-01,174,NA,"Dengue"
"25",2024,2,2024-01-08,167,NA,"Dengue"
"25",2024,3,2024-01-15,141,NA,"Dengue"
"25",2024,4,2024-01-22,120,NA,"Dengue"
"25",2024,5,2024-01-29,175,NA,"Dengue"
"25",2024,6,2024-02-05,213,NA,"Dengue"
"25",2024,7,2024-02-12,200,NA,"Dengue"
"25",2024,8,2024-02-19,237,NA,"Dengue"
"25",2024,9,2024-02-26,241,NA,"Dengue"
"25",2024,10,2024-03-04,243,NA,"Dengue"
"25",2024,11,2024-03-11,317,NA,"Dengue"
"25",2024,12,2024-03-18,330,NA,"Dengue"
"25",2024,13,2024-03-25,322,NA,"Dengue"
"25",2024,14,2024-04-01,514,NA,"Dengue"
"25",2024,15,2024-04-08,425,NA,"Dengue"
"25",2024,16,2024-04-15,431,NA,"Dengue"
"25",2024,17,2024-04-22,397,NA,"Dengue"
"25",2024,18,2024-04-29,361,NA,"Dengue"
"25",2024,19,2024-05-06,354,NA,"Dengue"
"25",2024,20,2024-05-13,371,NA,"Dengue"
"25",2024,21,2024-05-20,389,NA,"Dengue"
"25",2024,22,2024-05-27,348,NA,"Dengue"
"25",2024,23,2024-06-03,382,NA,"Dengue"
"25",2024,24,2024-06-10,359,NA,"Dengue"
"25",2024,25,2024-06-17,322,NA,"Dengue"
"25",2024,26,2024-06-24,261,NA,"Dengue"
"25",2024,27,2024-07-01,340,NA,"Dengue"
"25",2024,28,2024-07-08,349,NA,"Dengue"
"25",2024,29,2024-07-15,350,NA,"Dengue"
"25",2024,30,2024-07-22,318,NA,"Dengue"
"25",2024,31,2024-07-29,301,NA,"Dengue"
"25",2024,32,2024-08-05,265,NA,"Dengue"
"25",2024,33,2024-08-12,238,NA,"Dengue"
"25",2024,34,2024-08-19,250,NA,"Dengue"
"25",2024,35,2024-08-26,235,NA,"Dengue"
"25",2024,36,2024-09-02,223,NA,"Dengue"
"25",2024,37,2024-09-09,247,NA,"Dengue"
"25",2024,38,2024-09-16,204,NA,"Dengue"
"25",2024,39,2024-09-23,214,NA,"Dengue"
"25",2024,40,2024-09-30,183,NA,"Dengue"
"25",2024,41,2024-10-07,157,NA,"Dengue"
"25",2024,42,2024-10-14,208,NA,"Dengue"
"25",2024,43,2024-10-21,213,NA,"Dengue"
"25",2024,44,2024-10-28,190,NA,"Dengue"
"25",2024,45,2024-11-04,208,NA,"Dengue"
"25",2024,46,2024-11-11,198,NA,"Dengue"
"25",2024,47,2024-11-18,168,NA,"Dengue"
"25",2024,48,2024-11-25,172,NA,"Dengue"
"25",2024,49,2024-12-02,182,NA,"Dengue"
"25",2024,50,2024-12-09,200,NA,"Dengue"
"25",2024,51,2024-12-16,174,NA,"Dengue"
"25",2024,52,2024-12-23,186,NA,"Dengue"
"25",2025,1,2025-01-01,191,NA,"Dengue"
"25",2025,2,2025-01-08,248,NA,"Dengue"
"25",2025,3,2025-01-15,261,NA,"Dengue"
"25",2025,4,2025-01-22,200,NA,"Dengue"
"25",2025,5,2025-01-29,213,NA,"Dengue"
"25",2025,6,2025-02-05,182,NA,"Dengue"
"25",2025,7,2025-02-12,158,NA,"Dengue"
"25",2025,8,2025-02-19,143,NA,"Dengue"
"25",2025,9,2025-02-26,127,NA,"Dengue"
"25",2025,10,2025-03-05,118,NA,"Dengue"
"25",2025,11,2025-03-12,95,NA,"Dengue"
"25",2025,12,2025-03-19,107,NA,"Dengue"
"25",2025,13,2025-03-26,97,NA,"Dengue"
"25",2025,14,2025-04-02,102,NA,"Dengue"
"25",2025,15,2025-04-09,82,NA,"Dengue"
"25",2025,16,2025-04-16,86,NA,"Dengue"
"25",2025,17,2025-04-23,130,NA,"Dengue"
"25",2025,18,2025-04-30,86,NA,"Dengue"
"25",2025,19,2025-05-07,80,NA,"Dengue"
"25",2025,20,2025-05-14,73,NA,"Dengue"
"25",2025,21,2025-05-21,57,NA,"Dengue"
"25",2025,22,2025-05-28,65,NA,"Dengue"
"25",2025,23,2025-06-04,57,NA,"Dengue"
"25",2025,24,2025-06-11,48,NA,"Dengue"
"25",2025,25,2025-06-18,30,NA,"Dengue"
"25",2025,26,2025-06-25,45,NA,"Dengue"
"25",2025,27,2025-07-02,39,NA,"Dengue"
"25",2025,28,2025-07-09,34,NA,"Dengue"
"25",2025,29,2025-07-16,51,NA,"Dengue"
"25",2025,30,2025-07-23,33,NA,"Dengue"
"25",2025,31,2025-07-30,23,NA,"Dengue"
"25",2025,32,2025-08-06,21,NA,"Dengue"
"25",2025,33,2025-08-13,17,NA,"Dengue"
"25",2025,34,2025-08-20,17,NA,"Dengue"
"25",2025,35,2025-08-27,20,NA,"Dengue"
"25",2025,36,2025-09-03,23,NA,"Dengue"
"25",2025,37,2025-09-10,29,NA,"Dengue"
"25",2025,38,2025-09-17,22,NA,"Dengue"
"25",2025,39,2025-09-24,12,NA,"Dengue"
"25",2025,40,2025-10-01,14,NA,"Dengue"
"25",2025,41,2025-10-08,19,NA,"Dengue"
"25",2025,42,2025-10-15,21,NA,"Dengue"
"25",2025,43,2025-10-22,11,NA,"Dengue"
"25",2025,44,2025-10-29,13,NA,"Dengue"
"25",2025,45,2025-11-05,22,NA,"Dengue"
"25",2025,46,2025-11-12,18,NA,"Dengue"
"25",2025,47,2025-11-19,30,NA,"Dengue"
"25",2025,48,2025-11-26,16,NA,"Dengue"
"25",2025,49,2025-12-03,22,NA,"Dengue"
"25",2025,50,2025-12-10,13,NA,"Dengue"
"25",2025,51,2025-12-17,19,NA,"Dengue"
"25",2025,52,2025-12-24,22,NA,"Dengue"
"25",2025,53,2025-12-31,23,NA,"Dengue"
"27",2020,1,2020-01-01,3,NA,"Dengue"
"27",2020,2,2020-01-08,5,NA,"Dengue"
"27",2020,3,2020-01-15,7,NA,"Dengue"
"27",2020,4,2020-01-22,4,NA,"Dengue"
"27",2020,5,2020-01-29,6,NA,"Dengue"
"27",2020,6,2020-02-05,7,NA,"Dengue"
"27",2020,7,2020-02-12,4,NA,"Dengue"
"27",2020,8,2020-02-19,8,NA,"Dengue"
"27",2020,9,2020-02-26,14,NA,"Dengue"
"27",2020,10,2020-03-04,6,NA,"Dengue"
"27",2020,11,2020-03-11,9,NA,"Dengue"
"27",2020,12,2020-03-18,7,NA,"Dengue"
"27",2020,13,2020-03-25,6,NA,"Dengue"
"27",2020,14,2020-04-01,8,NA,"Dengue"
"27",2020,15,2020-04-08,9,NA,"Dengue"
"27",2020,16,2020-04-15,20,NA,"Dengue"
"27",2020,17,2020-04-22,8,NA,"Dengue"
"27",2020,18,2020-04-29,16,NA,"Dengue"
"27",2020,19,2020-05-06,19,NA,"Dengue"
"27",2020,20,2020-05-13,12,NA,"Dengue"
"27",2020,21,2020-05-20,15,NA,"Dengue"
"27",2020,22,2020-05-27,21,NA,"Dengue"
"27",2020,23,2020-06-03,77,NA,"Dengue"
"27",2020,24,2020-06-10,48,NA,"Dengue"
"27",2020,25,2020-06-17,30,NA,"Dengue"
"27",2020,26,2020-06-24,38,NA,"Dengue"
"27",2020,27,2020-07-01,28,NA,"Dengue"
"27",2020,28,2020-07-08,29,NA,"Dengue"
"27",2020,29,2020-07-15,20,NA,"Dengue"
"27",2020,30,2020-07-22,27,NA,"Dengue"
"27",2020,31,2020-07-29,14,NA,"Dengue"
"27",2020,32,2020-08-05,21,NA,"Dengue"
"27",2020,33,2020-08-12,11,NA,"Dengue"
"27",2020,34,2020-08-19,9,NA,"Dengue"
"27",2020,35,2020-08-26,6,NA,"Dengue"
"27",2020,36,2020-09-02,6,NA,"Dengue"
"27",2020,37,2020-09-09,10,NA,"Dengue"
"27",2020,38,2020-09-16,6,NA,"Dengue"
"27",2020,39,2020-09-23,9,NA,"Dengue"
"27",2020,40,2020-09-30,11,NA,"Dengue"
"27",2020,41,2020-10-07,10,NA,"Dengue"
"27",2020,42,2020-10-14,3,NA,"Dengue"
"27",2020,43,2020-10-21,11,NA,"Dengue"
"27",2020,44,2020-10-28,3,NA,"Dengue"
"27",2020,45,2020-11-04,9,NA,"Dengue"
"27",2020,46,2020-11-11,8,NA,"Dengue"
"27",2020,47,2020-11-18,6,NA,"Dengue"
"27",2020,48,2020-11-25,5,NA,"Dengue"
"27",2020,50,2020-12-09,2,NA,"Dengue"
"27",2020,51,2020-12-16,2,NA,"Dengue"
"27",2020,52,2020-12-23,9,NA,"Dengue"
"27",2020,53,2020-12-30,4,NA,"Dengue"
"27",2021,1,2021-01-01,3,NA,"Dengue"
"27",2021,2,2021-01-08,7,NA,"Dengue"
"27",2021,3,2021-01-15,3,NA,"Dengue"
"27",2021,4,2021-01-22,7,NA,"Dengue"
"27",2021,5,2021-01-29,11,NA,"Dengue"
"27",2021,6,2021-02-05,5,NA,"Dengue"
"27",2021,7,2021-02-12,6,NA,"Dengue"
"27",2021,8,2021-02-19,8,NA,"Dengue"
"27",2021,9,2021-02-26,6,NA,"Dengue"
"27",2021,10,2021-03-05,8,NA,"Dengue"
"27",2021,11,2021-03-12,5,NA,"Dengue"
"27",2021,12,2021-03-19,11,NA,"Dengue"
"27",2021,13,2021-03-26,10,NA,"Dengue"
"27",2021,14,2021-04-02,9,NA,"Dengue"
"27",2021,15,2021-04-09,7,NA,"Dengue"
"27",2021,16,2021-04-16,9,NA,"Dengue"
"27",2021,17,2021-04-23,6,NA,"Dengue"
"27",2021,18,2021-04-30,5,NA,"Dengue"
"27",2021,19,2021-05-07,12,NA,"Dengue"
"27",2021,20,2021-05-14,23,NA,"Dengue"
"27",2021,21,2021-05-21,16,NA,"Dengue"
"27",2021,22,2021-05-28,16,NA,"Dengue"
"27",2021,23,2021-06-04,6,NA,"Dengue"
"27",2021,24,2021-06-11,10,NA,"Dengue"
"27",2021,25,2021-06-18,7,NA,"Dengue"
"27",2021,26,2021-06-25,13,NA,"Dengue"
"27",2021,27,2021-07-02,16,NA,"Dengue"
"27",2021,28,2021-07-09,12,NA,"Dengue"
"27",2021,29,2021-07-16,18,NA,"Dengue"
"27",2021,30,2021-07-23,13,NA,"Dengue"
"27",2021,31,2021-07-30,7,NA,"Dengue"
"27",2021,32,2021-08-06,7,NA,"Dengue"
"27",2021,33,2021-08-13,13,NA,"Dengue"
"27",2021,34,2021-08-20,7,NA,"Dengue"
"27",2021,35,2021-08-27,4,NA,"Dengue"
"27",2021,36,2021-09-03,12,NA,"Dengue"
"27",2021,37,2021-09-10,10,NA,"Dengue"
"27",2021,38,2021-09-17,17,NA,"Dengue"
"27",2021,39,2021-09-24,10,NA,"Dengue"
"27",2021,40,2021-10-01,11,NA,"Dengue"
"27",2021,41,2021-10-08,6,NA,"Dengue"
"27",2021,42,2021-10-15,6,NA,"Dengue"
"27",2021,43,2021-10-22,6,NA,"Dengue"
"27",2021,44,2021-10-29,20,NA,"Dengue"
"27",2021,45,2021-11-05,9,NA,"Dengue"
"27",2021,46,2021-11-12,10,NA,"Dengue"
"27",2021,47,2021-11-19,4,NA,"Dengue"
"27",2021,48,2021-11-26,3,NA,"Dengue"
"27",2021,49,2021-12-03,5,NA,"Dengue"
"27",2021,50,2021-12-10,3,NA,"Dengue"
"27",2021,51,2021-12-17,7,NA,"Dengue"
"27",2021,52,2021-12-24,6,NA,"Dengue"
"27",2022,1,2022-01-01,5,NA,"Dengue"
"27",2022,2,2022-01-08,25,NA,"Dengue"
"27",2022,3,2022-01-15,23,NA,"Dengue"
"27",2022,4,2022-01-22,12,NA,"Dengue"
"27",2022,5,2022-01-29,11,NA,"Dengue"
"27",2022,6,2022-02-05,13,NA,"Dengue"
"27",2022,7,2022-02-12,11,NA,"Dengue"
"27",2022,8,2022-02-19,14,NA,"Dengue"
"27",2022,9,2022-02-26,6,NA,"Dengue"
"27",2022,10,2022-03-05,12,NA,"Dengue"
"27",2022,11,2022-03-12,4,NA,"Dengue"
"27",2022,12,2022-03-19,13,NA,"Dengue"
"27",2022,13,2022-03-26,7,NA,"Dengue"
"27",2022,14,2022-04-02,13,NA,"Dengue"
"27",2022,15,2022-04-09,9,NA,"Dengue"
"27",2022,16,2022-04-16,13,NA,"Dengue"
"27",2022,17,2022-04-23,11,NA,"Dengue"
"27",2022,18,2022-04-30,17,NA,"Dengue"
"27",2022,19,2022-05-07,12,NA,"Dengue"
"27",2022,20,2022-05-14,8,NA,"Dengue"
"27",2022,21,2022-05-21,21,NA,"Dengue"
"27",2022,22,2022-05-28,18,NA,"Dengue"
"27",2022,23,2022-06-04,12,NA,"Dengue"
"27",2022,24,2022-06-11,15,NA,"Dengue"
"27",2022,25,2022-06-18,28,NA,"Dengue"
"27",2022,26,2022-06-25,24,NA,"Dengue"
"27",2022,27,2022-07-02,33,NA,"Dengue"
"27",2022,28,2022-07-09,26,NA,"Dengue"
"27",2022,29,2022-07-16,22,NA,"Dengue"
"27",2022,30,2022-07-23,13,NA,"Dengue"
"27",2022,31,2022-07-30,19,NA,"Dengue"
"27",2022,32,2022-08-06,13,NA,"Dengue"
"27",2022,33,2022-08-13,18,NA,"Dengue"
"27",2022,34,2022-08-20,23,NA,"Dengue"
"27",2022,35,2022-08-27,24,NA,"Dengue"
"27",2022,36,2022-09-03,29,NA,"Dengue"
"27",2022,37,2022-09-10,15,NA,"Dengue"
"27",2022,38,2022-09-17,25,NA,"Dengue"
"27",2022,39,2022-09-24,19,NA,"Dengue"
"27",2022,40,2022-10-01,18,NA,"Dengue"
"27",2022,41,2022-10-08,28,NA,"Dengue"
"27",2022,42,2022-10-15,32,NA,"Dengue"
"27",2022,43,2022-10-22,37,NA,"Dengue"
"27",2022,44,2022-10-29,22,NA,"Dengue"
"27",2022,45,2022-11-05,13,NA,"Dengue"
"27",2022,46,2022-11-12,14,NA,"Dengue"
"27",2022,47,2022-11-19,22,NA,"Dengue"
"27",2022,48,2022-11-26,15,NA,"Dengue"
"27",2022,49,2022-12-03,21,NA,"Dengue"
"27",2022,50,2022-12-10,23,NA,"Dengue"
"27",2022,51,2022-12-17,12,NA,"Dengue"
"27",2022,52,2022-12-24,12,NA,"Dengue"
"27",2023,1,2023-01-01,18,NA,"Dengue"
"27",2023,2,2023-01-08,16,NA,"Dengue"
"27",2023,3,2023-01-15,8,NA,"Dengue"
"27",2023,4,2023-01-22,14,NA,"Dengue"
"27",2023,5,2023-01-29,20,NA,"Dengue"
"27",2023,6,2023-02-05,19,NA,"Dengue"
"27",2023,7,2023-02-12,8,NA,"Dengue"
"27",2023,8,2023-02-19,11,NA,"Dengue"
"27",2023,9,2023-02-26,22,NA,"Dengue"
"27",2023,10,2023-03-05,18,NA,"Dengue"
"27",2023,11,2023-03-12,17,NA,"Dengue"
"27",2023,12,2023-03-19,16,NA,"Dengue"
"27",2023,13,2023-03-26,15,NA,"Dengue"
"27",2023,14,2023-04-02,13,NA,"Dengue"
"27",2023,15,2023-04-09,18,NA,"Dengue"
"27",2023,16,2023-04-16,26,NA,"Dengue"
"27",2023,17,2023-04-23,27,NA,"Dengue"
"27",2023,18,2023-04-30,33,NA,"Dengue"
"27",2023,19,2023-05-07,47,NA,"Dengue"
"27",2023,20,2023-05-14,49,NA,"Dengue"
"27",2023,21,2023-05-21,45,NA,"Dengue"
"27",2023,22,2023-05-28,27,NA,"Dengue"
"27",2023,23,2023-06-04,31,NA,"Dengue"
"27",2023,24,2023-06-11,23,NA,"Dengue"
"27",2023,25,2023-06-18,38,NA,"Dengue"
"27",2023,26,2023-06-25,45,NA,"Dengue"
"27",2023,27,2023-07-02,43,NA,"Dengue"
"27",2023,28,2023-07-09,44,NA,"Dengue"
"27",2023,29,2023-07-16,42,NA,"Dengue"
"27",2023,30,2023-07-23,38,NA,"Dengue"
"27",2023,31,2023-07-30,44,NA,"Dengue"
"27",2023,32,2023-08-06,30,NA,"Dengue"
"27",2023,33,2023-08-13,32,NA,"Dengue"
"27",2023,34,2023-08-20,41,NA,"Dengue"
"27",2023,35,2023-08-27,45,NA,"Dengue"
"27",2023,36,2023-09-03,47,NA,"Dengue"
"27",2023,37,2023-09-10,48,NA,"Dengue"
"27",2023,38,2023-09-17,37,NA,"Dengue"
"27",2023,39,2023-09-24,34,NA,"Dengue"
"27",2023,40,2023-10-01,46,NA,"Dengue"
"27",2023,41,2023-10-08,34,NA,"Dengue"
"27",2023,42,2023-10-15,43,NA,"Dengue"
"27",2023,43,2023-10-22,35,NA,"Dengue"
"27",2023,44,2023-10-29,38,NA,"Dengue"
"27",2023,45,2023-11-05,54,NA,"Dengue"
"27",2023,46,2023-11-12,48,NA,"Dengue"
"27",2023,47,2023-11-19,43,NA,"Dengue"
"27",2023,48,2023-11-26,35,NA,"Dengue"
"27",2023,49,2023-12-03,22,NA,"Dengue"
"27",2023,50,2023-12-10,33,NA,"Dengue"
"27",2023,51,2023-12-17,27,NA,"Dengue"
"27",2023,52,2023-12-24,47,NA,"Dengue"
"27",2024,1,2024-01-01,52,NA,"Dengue"
"27",2024,2,2024-01-08,67,NA,"Dengue"
"27",2024,3,2024-01-15,60,NA,"Dengue"
"27",2024,4,2024-01-22,55,NA,"Dengue"
"27",2024,5,2024-01-29,39,NA,"Dengue"
"27",2024,6,2024-02-05,36,NA,"Dengue"
"27",2024,7,2024-02-12,41,NA,"Dengue"
"27",2024,8,2024-02-19,49,NA,"Dengue"
"27",2024,9,2024-02-26,53,NA,"Dengue"
"27",2024,10,2024-03-04,53,NA,"Dengue"
"27",2024,11,2024-03-11,62,NA,"Dengue"
"27",2024,12,2024-03-18,49,NA,"Dengue"
"27",2024,13,2024-03-25,38,NA,"Dengue"
"27",2024,14,2024-04-01,50,NA,"Dengue"
"27",2024,15,2024-04-08,59,NA,"Dengue"
"27",2024,16,2024-04-15,56,NA,"Dengue"
"27",2024,17,2024-04-22,50,NA,"Dengue"
"27",2024,18,2024-04-29,48,NA,"Dengue"
"27",2024,19,2024-05-06,35,NA,"Dengue"
"27",2024,20,2024-05-13,57,NA,"Dengue"
"27",2024,21,2024-05-20,38,NA,"Dengue"
"27",2024,22,2024-05-27,53,NA,"Dengue"
"27",2024,23,2024-06-03,51,NA,"Dengue"
"27",2024,24,2024-06-10,39,NA,"Dengue"
"27",2024,25,2024-06-17,40,NA,"Dengue"
"27",2024,26,2024-06-24,32,NA,"Dengue"
"27",2024,27,2024-07-01,35,NA,"Dengue"
"27",2024,28,2024-07-08,43,NA,"Dengue"
"27",2024,29,2024-07-15,48,NA,"Dengue"
"27",2024,30,2024-07-22,27,NA,"Dengue"
"27",2024,31,2024-07-29,24,NA,"Dengue"
"27",2024,32,2024-08-05,17,NA,"Dengue"
"27",2024,33,2024-08-12,20,NA,"Dengue"
"27",2024,34,2024-08-19,14,NA,"Dengue"
"27",2024,35,2024-08-26,22,NA,"Dengue"
"27",2024,36,2024-09-02,31,NA,"Dengue"
"27",2024,37,2024-09-09,30,NA,"Dengue"
"27",2024,38,2024-09-16,22,NA,"Dengue"
"27",2024,39,2024-09-23,20,NA,"Dengue"
"27",2024,40,2024-09-30,32,NA,"Dengue"
"27",2024,41,2024-10-07,19,NA,"Dengue"
"27",2024,42,2024-10-14,19,NA,"Dengue"
"27",2024,43,2024-10-21,31,NA,"Dengue"
"27",2024,44,2024-10-28,29,NA,"Dengue"
"27",2024,45,2024-11-04,18,NA,"Dengue"
"27",2024,46,2024-11-11,16,NA,"Dengue"
"27",2024,47,2024-11-18,18,NA,"Dengue"
"27",2024,48,2024-11-25,14,NA,"Dengue"
"27",2024,49,2024-12-02,26,NA,"Dengue"
"27",2024,50,2024-12-09,17,NA,"Dengue"
"27",2024,51,2024-12-16,11,NA,"Dengue"
"27",2024,52,2024-12-23,18,NA,"Dengue"
"27",2025,1,2025-01-01,17,NA,"Dengue"
"27",2025,2,2025-01-08,31,NA,"Dengue"
"27",2025,3,2025-01-15,16,NA,"Dengue"
"27",2025,4,2025-01-22,23,NA,"Dengue"
"27",2025,5,2025-01-29,22,NA,"Dengue"
"27",2025,6,2025-02-05,20,NA,"Dengue"
"27",2025,7,2025-02-12,22,NA,"Dengue"
"27",2025,8,2025-02-19,27,NA,"Dengue"
"27",2025,9,2025-02-26,13,NA,"Dengue"
"27",2025,10,2025-03-05,27,NA,"Dengue"
"27",2025,11,2025-03-12,9,NA,"Dengue"
"27",2025,12,2025-03-19,14,NA,"Dengue"
"27",2025,13,2025-03-26,16,NA,"Dengue"
"27",2025,14,2025-04-02,12,NA,"Dengue"
"27",2025,15,2025-04-09,17,NA,"Dengue"
"27",2025,16,2025-04-16,10,NA,"Dengue"
"27",2025,17,2025-04-23,23,NA,"Dengue"
"27",2025,18,2025-04-30,28,NA,"Dengue"
"27",2025,19,2025-05-07,29,NA,"Dengue"
"27",2025,20,2025-05-14,29,NA,"Dengue"
"27",2025,21,2025-05-21,25,NA,"Dengue"
"27",2025,22,2025-05-28,38,NA,"Dengue"
"27",2025,23,2025-06-04,33,NA,"Dengue"
"27",2025,24,2025-06-11,30,NA,"Dengue"
"27",2025,25,2025-06-18,23,NA,"Dengue"
"27",2025,26,2025-06-25,23,NA,"Dengue"
"27",2025,27,2025-07-02,30,NA,"Dengue"
"27",2025,28,2025-07-09,23,NA,"Dengue"
"27",2025,29,2025-07-16,42,NA,"Dengue"
"27",2025,30,2025-07-23,30,NA,"Dengue"
"27",2025,31,2025-07-30,25,NA,"Dengue"
"27",2025,32,2025-08-06,19,NA,"Dengue"
"27",2025,33,2025-08-13,18,NA,"Dengue"
"27",2025,34,2025-08-20,13,NA,"Dengue"
"27",2025,35,2025-08-27,18,NA,"Dengue"
"27",2025,36,2025-09-03,15,NA,"Dengue"
"27",2025,37,2025-09-10,17,NA,"Dengue"
"27",2025,38,2025-09-17,27,NA,"Dengue"
"27",2025,39,2025-09-24,16,NA,"Dengue"
"27",2025,40,2025-10-01,25,NA,"Dengue"
"27",2025,41,2025-10-08,21,NA,"Dengue"
"27",2025,42,2025-10-15,25,NA,"Dengue"
"27",2025,43,2025-10-22,35,NA,"Dengue"
"27",2025,44,2025-10-29,28,NA,"Dengue"
"27",2025,45,2025-11-05,27,NA,"Dengue"
"27",2025,46,2025-11-12,18,NA,"Dengue"
"27",2025,47,2025-11-19,19,NA,"Dengue"
"27",2025,48,2025-11-26,13,NA,"Dengue"
"27",2025,49,2025-12-03,15,NA,"Dengue"
"27",2025,50,2025-12-10,16,NA,"Dengue"
"27",2025,51,2025-12-17,14,NA,"Dengue"
"27",2025,52,2025-12-24,14,NA,"Dengue"
"27",2025,53,2025-12-31,13,NA,"Dengue"
"41",2020,1,2020-01-01,285,NA,"Dengue"
"41",2020,2,2020-01-08,317,NA,"Dengue"
"41",2020,3,2020-01-15,353,NA,"Dengue"
"41",2020,4,2020-01-22,337,NA,"Dengue"
"41",2020,5,2020-01-29,375,NA,"Dengue"
"41",2020,6,2020-02-05,351,NA,"Dengue"
"41",2020,7,2020-02-12,389,NA,"Dengue"
"41",2020,8,2020-02-19,352,NA,"Dengue"
"41",2020,9,2020-02-26,347,NA,"Dengue"
"41",2020,10,2020-03-04,344,NA,"Dengue"
"41",2020,11,2020-03-11,276,NA,"Dengue"
"41",2020,12,2020-03-18,168,NA,"Dengue"
"41",2020,13,2020-03-25,171,NA,"Dengue"
"41",2020,14,2020-04-01,138,NA,"Dengue"
"41",2020,15,2020-04-08,126,NA,"Dengue"
"41",2020,16,2020-04-15,134,NA,"Dengue"
"41",2020,17,2020-04-22,112,NA,"Dengue"
"41",2020,18,2020-04-29,106,NA,"Dengue"
"41",2020,19,2020-05-06,115,NA,"Dengue"
"41",2020,20,2020-05-13,109,NA,"Dengue"
"41",2020,21,2020-05-20,123,NA,"Dengue"
"41",2020,22,2020-05-27,108,NA,"Dengue"
"41",2020,23,2020-06-03,105,NA,"Dengue"
"41",2020,24,2020-06-10,84,NA,"Dengue"
"41",2020,25,2020-06-17,87,NA,"Dengue"
"41",2020,26,2020-06-24,89,NA,"Dengue"
"41",2020,27,2020-07-01,100,NA,"Dengue"
"41",2020,28,2020-07-08,102,NA,"Dengue"
"41",2020,29,2020-07-15,71,NA,"Dengue"
"41",2020,30,2020-07-22,57,NA,"Dengue"
"41",2020,31,2020-07-29,64,NA,"Dengue"
"41",2020,32,2020-08-05,58,NA,"Dengue"
"41",2020,33,2020-08-12,35,NA,"Dengue"
"41",2020,34,2020-08-19,51,NA,"Dengue"
"41",2020,35,2020-08-26,46,NA,"Dengue"
"41",2020,36,2020-09-02,42,NA,"Dengue"
"41",2020,37,2020-09-09,23,NA,"Dengue"
"41",2020,38,2020-09-16,44,NA,"Dengue"
"41",2020,39,2020-09-23,33,NA,"Dengue"
"41",2020,40,2020-09-30,34,NA,"Dengue"
"41",2020,41,2020-10-07,31,NA,"Dengue"
"41",2020,42,2020-10-14,31,NA,"Dengue"
"41",2020,43,2020-10-21,25,NA,"Dengue"
"41",2020,44,2020-10-28,20,NA,"Dengue"
"41",2020,45,2020-11-04,34,NA,"Dengue"
"41",2020,46,2020-11-11,23,NA,"Dengue"
"41",2020,47,2020-11-18,23,NA,"Dengue"
"41",2020,48,2020-11-25,25,NA,"Dengue"
"41",2020,49,2020-12-02,33,NA,"Dengue"
"41",2020,50,2020-12-09,30,NA,"Dengue"
"41",2020,51,2020-12-16,24,NA,"Dengue"
"41",2020,52,2020-12-23,21,NA,"Dengue"
"41",2020,53,2020-12-30,25,NA,"Dengue"
"41",2021,1,2021-01-01,15,NA,"Dengue"
"41",2021,2,2021-01-08,21,NA,"Dengue"
"41",2021,3,2021-01-15,12,NA,"Dengue"
"41",2021,4,2021-01-22,16,NA,"Dengue"
"41",2021,5,2021-01-29,33,NA,"Dengue"
"41",2021,6,2021-02-05,32,NA,"Dengue"
"41",2021,7,2021-02-12,17,NA,"Dengue"
"41",2021,8,2021-02-19,28,NA,"Dengue"
"41",2021,9,2021-02-26,32,NA,"Dengue"
"41",2021,10,2021-03-05,28,NA,"Dengue"
"41",2021,11,2021-03-12,20,NA,"Dengue"
"41",2021,12,2021-03-19,21,NA,"Dengue"
"41",2021,13,2021-03-26,22,NA,"Dengue"
"41",2021,14,2021-04-02,26,NA,"Dengue"
"41",2021,15,2021-04-09,18,NA,"Dengue"
"41",2021,16,2021-04-16,17,NA,"Dengue"
"41",2021,17,2021-04-23,20,NA,"Dengue"
"41",2021,18,2021-04-30,26,NA,"Dengue"
"41",2021,19,2021-05-07,21,NA,"Dengue"
"41",2021,20,2021-05-14,27,NA,"Dengue"
"41",2021,21,2021-05-21,19,NA,"Dengue"
"41",2021,22,2021-05-28,22,NA,"Dengue"
"41",2021,23,2021-06-04,30,NA,"Dengue"
"41",2021,24,2021-06-11,18,NA,"Dengue"
"41",2021,25,2021-06-18,11,NA,"Dengue"
"41",2021,26,2021-06-25,16,NA,"Dengue"
"41",2021,27,2021-07-02,14,NA,"Dengue"
"41",2021,28,2021-07-09,18,NA,"Dengue"
"41",2021,29,2021-07-16,24,NA,"Dengue"
"41",2021,30,2021-07-23,15,NA,"Dengue"
"41",2021,31,2021-07-30,15,NA,"Dengue"
"41",2021,32,2021-08-06,16,NA,"Dengue"
"41",2021,33,2021-08-13,15,NA,"Dengue"
"41",2021,34,2021-08-20,20,NA,"Dengue"
"41",2021,35,2021-08-27,16,NA,"Dengue"
"41",2021,36,2021-09-03,13,NA,"Dengue"
"41",2021,37,2021-09-10,6,NA,"Dengue"
"41",2021,38,2021-09-17,20,NA,"Dengue"
"41",2021,39,2021-09-24,10,NA,"Dengue"
"41",2021,40,2021-10-01,15,NA,"Dengue"
"41",2021,41,2021-10-08,11,NA,"Dengue"
"41",2021,42,2021-10-15,8,NA,"Dengue"
"41",2021,43,2021-10-22,19,NA,"Dengue"
"41",2021,44,2021-10-29,14,NA,"Dengue"
"41",2021,45,2021-11-05,26,NA,"Dengue"
"41",2021,46,2021-11-12,28,NA,"Dengue"
"41",2021,47,2021-11-19,16,NA,"Dengue"
"41",2021,48,2021-11-26,20,NA,"Dengue"
"41",2021,49,2021-12-03,33,NA,"Dengue"
"41",2021,50,2021-12-10,25,NA,"Dengue"
"41",2021,51,2021-12-17,40,NA,"Dengue"
"41",2021,52,2021-12-24,48,NA,"Dengue"
"41",2022,1,2022-01-01,21,NA,"Dengue"
"41",2022,2,2022-01-08,26,NA,"Dengue"
"41",2022,3,2022-01-15,28,NA,"Dengue"
"41",2022,4,2022-01-22,20,NA,"Dengue"
"41",2022,5,2022-01-29,28,NA,"Dengue"
"41",2022,6,2022-02-05,32,NA,"Dengue"
"41",2022,7,2022-02-12,22,NA,"Dengue"
"41",2022,8,2022-02-19,31,NA,"Dengue"
"41",2022,9,2022-02-26,22,NA,"Dengue"
"41",2022,10,2022-03-05,28,NA,"Dengue"
"41",2022,11,2022-03-12,21,NA,"Dengue"
"41",2022,12,2022-03-19,26,NA,"Dengue"
"41",2022,13,2022-03-26,40,NA,"Dengue"
"41",2022,14,2022-04-02,30,NA,"Dengue"
"41",2022,15,2022-04-09,27,NA,"Dengue"
"41",2022,16,2022-04-16,32,NA,"Dengue"
"41",2022,17,2022-04-23,28,NA,"Dengue"
"41",2022,18,2022-04-30,21,NA,"Dengue"
"41",2022,19,2022-05-07,35,NA,"Dengue"
"41",2022,20,2022-05-14,31,NA,"Dengue"
"41",2022,21,2022-05-21,23,NA,"Dengue"
"41",2022,22,2022-05-28,18,NA,"Dengue"
"41",2022,23,2022-06-04,26,NA,"Dengue"
"41",2022,24,2022-06-11,28,NA,"Dengue"
"41",2022,25,2022-06-18,17,NA,"Dengue"
"41",2022,26,2022-06-25,17,NA,"Dengue"
"41",2022,27,2022-07-02,11,NA,"Dengue"
"41",2022,28,2022-07-09,19,NA,"Dengue"
"41",2022,29,2022-07-16,22,NA,"Dengue"
"41",2022,30,2022-07-23,11,NA,"Dengue"
"41",2022,31,2022-07-30,21,NA,"Dengue"
"41",2022,32,2022-08-06,25,NA,"Dengue"
"41",2022,33,2022-08-13,20,NA,"Dengue"
"41",2022,34,2022-08-20,24,NA,"Dengue"
"41",2022,35,2022-08-27,18,NA,"Dengue"
"41",2022,36,2022-09-03,19,NA,"Dengue"
"41",2022,37,2022-09-10,13,NA,"Dengue"
"41",2022,38,2022-09-17,22,NA,"Dengue"
"41",2022,39,2022-09-24,14,NA,"Dengue"
"41",2022,40,2022-10-01,14,NA,"Dengue"
"41",2022,41,2022-10-08,7,NA,"Dengue"
"41",2022,42,2022-10-15,15,NA,"Dengue"
"41",2022,43,2022-10-22,8,NA,"Dengue"
"41",2022,44,2022-10-29,14,NA,"Dengue"
"41",2022,45,2022-11-05,17,NA,"Dengue"
"41",2022,46,2022-11-12,12,NA,"Dengue"
"41",2022,47,2022-11-19,23,NA,"Dengue"
"41",2022,48,2022-11-26,16,NA,"Dengue"
"41",2022,49,2022-12-03,23,NA,"Dengue"
"41",2022,50,2022-12-10,28,NA,"Dengue"
"41",2022,51,2022-12-17,23,NA,"Dengue"
"41",2022,52,2022-12-24,27,NA,"Dengue"
"41",2023,1,2023-01-01,38,NA,"Dengue"
"41",2023,2,2023-01-08,22,NA,"Dengue"
"41",2023,3,2023-01-15,37,NA,"Dengue"
"41",2023,4,2023-01-22,42,NA,"Dengue"
"41",2023,5,2023-01-29,41,NA,"Dengue"
"41",2023,6,2023-02-05,45,NA,"Dengue"
"41",2023,7,2023-02-12,32,NA,"Dengue"
"41",2023,8,2023-02-19,43,NA,"Dengue"
"41",2023,9,2023-02-26,50,NA,"Dengue"
"41",2023,10,2023-03-05,51,NA,"Dengue"
"41",2023,11,2023-03-12,41,NA,"Dengue"
"41",2023,12,2023-03-19,41,NA,"Dengue"
"41",2023,13,2023-03-26,42,NA,"Dengue"
"41",2023,14,2023-04-02,38,NA,"Dengue"
"41",2023,15,2023-04-09,51,NA,"Dengue"
"41",2023,16,2023-04-16,47,NA,"Dengue"
"41",2023,17,2023-04-23,71,NA,"Dengue"
"41",2023,18,2023-04-30,58,NA,"Dengue"
"41",2023,19,2023-05-07,68,NA,"Dengue"
"41",2023,20,2023-05-14,59,NA,"Dengue"
"41",2023,21,2023-05-21,52,NA,"Dengue"
"41",2023,22,2023-05-28,77,NA,"Dengue"
"41",2023,23,2023-06-04,47,NA,"Dengue"
"41",2023,24,2023-06-11,57,NA,"Dengue"
"41",2023,25,2023-06-18,68,NA,"Dengue"
"41",2023,26,2023-06-25,69,NA,"Dengue"
"41",2023,27,2023-07-02,73,NA,"Dengue"
"41",2023,28,2023-07-09,75,NA,"Dengue"
"41",2023,29,2023-07-16,77,NA,"Dengue"
"41",2023,30,2023-07-23,73,NA,"Dengue"
"41",2023,31,2023-07-30,100,NA,"Dengue"
"41",2023,32,2023-08-06,89,NA,"Dengue"
"41",2023,33,2023-08-13,94,NA,"Dengue"
"41",2023,34,2023-08-20,77,NA,"Dengue"
"41",2023,35,2023-08-27,86,NA,"Dengue"
"41",2023,36,2023-09-03,59,NA,"Dengue"
"41",2023,37,2023-09-10,66,NA,"Dengue"
"41",2023,38,2023-09-17,85,NA,"Dengue"
"41",2023,39,2023-09-24,96,NA,"Dengue"
"41",2023,40,2023-10-01,97,NA,"Dengue"
"41",2023,41,2023-10-08,74,NA,"Dengue"
"41",2023,42,2023-10-15,98,NA,"Dengue"
"41",2023,43,2023-10-22,118,NA,"Dengue"
"41",2023,44,2023-10-29,93,NA,"Dengue"
"41",2023,45,2023-11-05,133,NA,"Dengue"
"41",2023,46,2023-11-12,128,NA,"Dengue"
"41",2023,47,2023-11-19,151,NA,"Dengue"
"41",2023,48,2023-11-26,186,NA,"Dengue"
"41",2023,49,2023-12-03,260,NA,"Dengue"
"41",2023,50,2023-12-10,272,NA,"Dengue"
"41",2023,51,2023-12-17,298,NA,"Dengue"
"41",2023,52,2023-12-24,286,NA,"Dengue"
"41",2024,1,2024-01-01,382,NA,"Dengue"
"41",2024,2,2024-01-08,347,NA,"Dengue"
"41",2024,3,2024-01-15,455,NA,"Dengue"
"41",2024,4,2024-01-22,611,NA,"Dengue"
"41",2024,5,2024-01-29,676,NA,"Dengue"
"41",2024,6,2024-02-05,629,NA,"Dengue"
"41",2024,7,2024-02-12,641,NA,"Dengue"
"41",2024,8,2024-02-19,662,NA,"Dengue"
"41",2024,9,2024-02-26,707,NA,"Dengue"
"41",2024,10,2024-03-04,771,NA,"Dengue"
"41",2024,11,2024-03-11,731,NA,"Dengue"
"41",2024,12,2024-03-18,608,NA,"Dengue"
"41",2024,13,2024-03-25,620,NA,"Dengue"
"41",2024,14,2024-04-01,719,NA,"Dengue"
"41",2024,15,2024-04-08,633,NA,"Dengue"
"41",2024,16,2024-04-15,668,NA,"Dengue"
"41",2024,17,2024-04-22,612,NA,"Dengue"
"41",2024,18,2024-04-29,653,NA,"Dengue"
"41",2024,19,2024-05-06,631,NA,"Dengue"
"41",2024,20,2024-05-13,616,NA,"Dengue"
"41",2024,21,2024-05-20,617,NA,"Dengue"
"41",2024,22,2024-05-27,581,NA,"Dengue"
"41",2024,23,2024-06-03,541,NA,"Dengue"
"41",2024,24,2024-06-10,538,NA,"Dengue"
"41",2024,25,2024-06-17,527,NA,"Dengue"
"41",2024,26,2024-06-24,386,NA,"Dengue"
"41",2024,27,2024-07-01,493,NA,"Dengue"
"41",2024,28,2024-07-08,417,NA,"Dengue"
"41",2024,29,2024-07-15,378,NA,"Dengue"
"41",2024,30,2024-07-22,342,NA,"Dengue"
"41",2024,31,2024-07-29,304,NA,"Dengue"
"41",2024,32,2024-08-05,290,NA,"Dengue"
"41",2024,33,2024-08-12,235,NA,"Dengue"
"41",2024,34,2024-08-19,234,NA,"Dengue"
"41",2024,35,2024-08-26,257,NA,"Dengue"
"41",2024,36,2024-09-02,182,NA,"Dengue"
"41",2024,37,2024-09-09,118,NA,"Dengue"
"41",2024,38,2024-09-16,88,NA,"Dengue"
"41",2024,39,2024-09-23,88,NA,"Dengue"
"41",2024,40,2024-09-30,61,NA,"Dengue"
"41",2024,41,2024-10-07,65,NA,"Dengue"
"41",2024,42,2024-10-14,83,NA,"Dengue"
"41",2024,43,2024-10-21,81,NA,"Dengue"
"41",2024,44,2024-10-28,61,NA,"Dengue"
"41",2024,45,2024-11-04,57,NA,"Dengue"
"41",2024,46,2024-11-11,54,NA,"Dengue"
"41",2024,47,2024-11-18,78,NA,"Dengue"
"41",2024,48,2024-11-25,59,NA,"Dengue"
"41",2024,49,2024-12-02,75,NA,"Dengue"
"41",2024,50,2024-12-09,68,NA,"Dengue"
"41",2024,51,2024-12-16,85,NA,"Dengue"
"41",2024,52,2024-12-23,89,NA,"Dengue"
"41",2025,1,2025-01-01,100,NA,"Dengue"
"41",2025,2,2025-01-08,128,NA,"Dengue"
"41",2025,3,2025-01-15,129,NA,"Dengue"
"41",2025,4,2025-01-22,124,NA,"Dengue"
"41",2025,5,2025-01-29,156,NA,"Dengue"
"41",2025,6,2025-02-05,127,NA,"Dengue"
"41",2025,7,2025-02-12,148,NA,"Dengue"
"41",2025,8,2025-02-19,155,NA,"Dengue"
"41",2025,9,2025-02-26,113,NA,"Dengue"
"41",2025,10,2025-03-05,130,NA,"Dengue"
"41",2025,11,2025-03-12,103,NA,"Dengue"
"41",2025,12,2025-03-19,126,NA,"Dengue"
"41",2025,13,2025-03-26,118,NA,"Dengue"
"41",2025,14,2025-04-02,102,NA,"Dengue"
"41",2025,15,2025-04-09,86,NA,"Dengue"
"41",2025,16,2025-04-16,92,NA,"Dengue"
"41",2025,17,2025-04-23,67,NA,"Dengue"
"41",2025,18,2025-04-30,81,NA,"Dengue"
"41",2025,19,2025-05-07,84,NA,"Dengue"
"41",2025,20,2025-05-14,70,NA,"Dengue"
"41",2025,21,2025-05-21,51,NA,"Dengue"
"41",2025,22,2025-05-28,34,NA,"Dengue"
"41",2025,23,2025-06-04,53,NA,"Dengue"
"41",2025,24,2025-06-11,46,NA,"Dengue"
"41",2025,25,2025-06-18,45,NA,"Dengue"
"41",2025,26,2025-06-25,40,NA,"Dengue"
"41",2025,27,2025-07-02,42,NA,"Dengue"
"41",2025,28,2025-07-09,41,NA,"Dengue"
"41",2025,29,2025-07-16,29,NA,"Dengue"
"41",2025,30,2025-07-23,45,NA,"Dengue"
"41",2025,31,2025-07-30,40,NA,"Dengue"
"41",2025,32,2025-08-06,23,NA,"Dengue"
"41",2025,33,2025-08-13,20,NA,"Dengue"
"41",2025,34,2025-08-20,35,NA,"Dengue"
"41",2025,35,2025-08-27,30,NA,"Dengue"
"41",2025,36,2025-09-03,16,NA,"Dengue"
"41",2025,37,2025-09-10,16,NA,"Dengue"
"41",2025,38,2025-09-17,13,NA,"Dengue"
"41",2025,39,2025-09-24,15,NA,"Dengue"
"41",2025,40,2025-10-01,8,NA,"Dengue"
"41",2025,41,2025-10-08,9,NA,"Dengue"
"41",2025,42,2025-10-15,10,NA,"Dengue"
"41",2025,43,2025-10-22,11,NA,"Dengue"
"41",2025,44,2025-10-29,15,NA,"Dengue"
"41",2025,45,2025-11-05,10,NA,"Dengue"
"41",2025,46,2025-11-12,12,NA,"Dengue"
"41",2025,47,2025-11-19,10,NA,"Dengue"
"41",2025,48,2025-11-26,9,NA,"Dengue"
"41",2025,49,2025-12-03,17,NA,"Dengue"
"41",2025,50,2025-12-10,12,NA,"Dengue"
"41",2025,51,2025-12-17,10,NA,"Dengue"
"41",2025,52,2025-12-24,11,NA,"Dengue"
"41",2025,53,2025-12-31,11,NA,"Dengue"
"44",2020,1,2020-01-01,38,NA,"Dengue"
"44",2020,2,2020-01-08,34,NA,"Dengue"
"44",2020,3,2020-01-15,39,NA,"Dengue"
"44",2020,4,2020-01-22,21,NA,"Dengue"
"44",2020,5,2020-01-29,35,NA,"Dengue"
"44",2020,6,2020-02-05,32,NA,"Dengue"
"44",2020,7,2020-02-12,25,NA,"Dengue"
"44",2020,8,2020-02-19,28,NA,"Dengue"
"44",2020,9,2020-02-26,21,NA,"Dengue"
"44",2020,10,2020-03-04,14,NA,"Dengue"
"44",2020,11,2020-03-11,13,NA,"Dengue"
"44",2020,12,2020-03-18,3,NA,"Dengue"
"44",2020,13,2020-03-25,6,NA,"Dengue"
"44",2020,14,2020-04-01,9,NA,"Dengue"
"44",2020,15,2020-04-08,6,NA,"Dengue"
"44",2020,16,2020-04-15,2,NA,"Dengue"
"44",2020,17,2020-04-22,7,NA,"Dengue"
"44",2020,18,2020-04-29,4,NA,"Dengue"
"44",2020,19,2020-05-06,5,NA,"Dengue"
"44",2020,20,2020-05-13,3,NA,"Dengue"
"44",2020,21,2020-05-20,3,NA,"Dengue"
"44",2020,22,2020-05-27,2,NA,"Dengue"
"44",2020,25,2020-06-17,3,NA,"Dengue"
"44",2020,26,2020-06-24,1,NA,"Dengue"
"44",2020,27,2020-07-01,1,NA,"Dengue"
"44",2020,28,2020-07-08,1,NA,"Dengue"
"44",2020,29,2020-07-15,3,NA,"Dengue"
"44",2020,31,2020-07-29,1,NA,"Dengue"
"44",2020,33,2020-08-12,1,NA,"Dengue"
"44",2020,35,2020-08-26,2,NA,"Dengue"
"44",2020,37,2020-09-09,1,NA,"Dengue"
"44",2020,39,2020-09-23,1,NA,"Dengue"
"44",2020,41,2020-10-07,1,NA,"Dengue"
"44",2020,42,2020-10-14,1,NA,"Dengue"
"44",2020,43,2020-10-21,1,NA,"Dengue"
"44",2020,45,2020-11-04,3,NA,"Dengue"
"44",2020,47,2020-11-18,4,NA,"Dengue"
"44",2020,48,2020-11-25,1,NA,"Dengue"
"44",2020,49,2020-12-02,3,NA,"Dengue"
"44",2020,50,2020-12-09,5,NA,"Dengue"
"44",2020,51,2020-12-16,1,NA,"Dengue"
"44",2020,52,2020-12-23,2,NA,"Dengue"
"44",2020,53,2020-12-30,3,NA,"Dengue"
"44",2021,1,2021-01-01,3,NA,"Dengue"
"44",2021,2,2021-01-08,2,NA,"Dengue"
"44",2021,3,2021-01-15,2,NA,"Dengue"
"44",2021,4,2021-01-22,2,NA,"Dengue"
"44",2021,5,2021-01-29,2,NA,"Dengue"
"44",2021,6,2021-02-05,2,NA,"Dengue"
"44",2021,7,2021-02-12,3,NA,"Dengue"
"44",2021,8,2021-02-19,1,NA,"Dengue"
"44",2021,9,2021-02-26,1,NA,"Dengue"
"44",2021,10,2021-03-05,3,NA,"Dengue"
"44",2021,11,2021-03-12,2,NA,"Dengue"
"44",2021,12,2021-03-19,2,NA,"Dengue"
"44",2021,16,2021-04-16,1,NA,"Dengue"
"44",2021,17,2021-04-23,1,NA,"Dengue"
"44",2021,18,2021-04-30,2,NA,"Dengue"
"44",2021,20,2021-05-14,1,NA,"Dengue"
"44",2021,21,2021-05-21,2,NA,"Dengue"
"44",2021,22,2021-05-28,2,NA,"Dengue"
"44",2021,23,2021-06-04,3,NA,"Dengue"
"44",2021,24,2021-06-11,1,NA,"Dengue"
"44",2021,25,2021-06-18,4,NA,"Dengue"
"44",2021,26,2021-06-25,1,NA,"Dengue"
"44",2021,27,2021-07-02,5,NA,"Dengue"
"44",2021,28,2021-07-09,2,NA,"Dengue"
"44",2021,29,2021-07-16,5,NA,"Dengue"
"44",2021,30,2021-07-23,4,NA,"Dengue"
"44",2021,31,2021-07-30,3,NA,"Dengue"
"44",2021,32,2021-08-06,7,NA,"Dengue"
"44",2021,33,2021-08-13,6,NA,"Dengue"
"44",2021,34,2021-08-20,5,NA,"Dengue"
"44",2021,35,2021-08-27,8,NA,"Dengue"
"44",2021,36,2021-09-03,15,NA,"Dengue"
"44",2021,37,2021-09-10,14,NA,"Dengue"
"44",2021,38,2021-09-17,41,NA,"Dengue"
"44",2021,39,2021-09-24,50,NA,"Dengue"
"44",2021,40,2021-10-01,53,NA,"Dengue"
"44",2021,41,2021-10-08,68,NA,"Dengue"
"44",2021,42,2021-10-15,68,NA,"Dengue"
"44",2021,43,2021-10-22,51,NA,"Dengue"
"44",2021,44,2021-10-29,62,NA,"Dengue"
"44",2021,45,2021-11-05,57,NA,"Dengue"
"44",2021,46,2021-11-12,77,NA,"Dengue"
"44",2021,47,2021-11-19,74,NA,"Dengue"
"44",2021,48,2021-11-26,100,NA,"Dengue"
"44",2021,49,2021-12-03,100,NA,"Dengue"
"44",2021,50,2021-12-10,78,NA,"Dengue"
"44",2021,51,2021-12-17,83,NA,"Dengue"
"44",2021,52,2021-12-24,99,NA,"Dengue"
"44",2022,1,2022-01-01,76,NA,"Dengue"
"44",2022,2,2022-01-08,78,NA,"Dengue"
"44",2022,3,2022-01-15,61,NA,"Dengue"
"44",2022,4,2022-01-22,55,NA,"Dengue"
"44",2022,5,2022-01-29,58,NA,"Dengue"
"44",2022,6,2022-02-05,48,NA,"Dengue"
"44",2022,7,2022-02-12,49,NA,"Dengue"
"44",2022,8,2022-02-19,38,NA,"Dengue"
"44",2022,9,2022-02-26,55,NA,"Dengue"
"44",2022,10,2022-03-05,39,NA,"Dengue"
"44",2022,11,2022-03-12,34,NA,"Dengue"
"44",2022,12,2022-03-19,27,NA,"Dengue"
"44",2022,13,2022-03-26,32,NA,"Dengue"
"44",2022,14,2022-04-02,25,NA,"Dengue"
"44",2022,15,2022-04-09,29,NA,"Dengue"
"44",2022,16,2022-04-16,34,NA,"Dengue"
"44",2022,17,2022-04-23,17,NA,"Dengue"
"44",2022,18,2022-04-30,30,NA,"Dengue"
"44",2022,19,2022-05-07,37,NA,"Dengue"
"44",2022,20,2022-05-14,45,NA,"Dengue"
"44",2022,21,2022-05-21,32,NA,"Dengue"
"44",2022,22,2022-05-28,47,NA,"Dengue"
"44",2022,23,2022-06-04,45,NA,"Dengue"
"44",2022,24,2022-06-11,42,NA,"Dengue"
"44",2022,25,2022-06-18,49,NA,"Dengue"
"44",2022,26,2022-06-25,58,NA,"Dengue"
"44",2022,27,2022-07-02,58,NA,"Dengue"
"44",2022,28,2022-07-09,70,NA,"Dengue"
"44",2022,29,2022-07-16,57,NA,"Dengue"
"44",2022,30,2022-07-23,59,NA,"Dengue"
"44",2022,31,2022-07-30,63,NA,"Dengue"
"44",2022,32,2022-08-06,58,NA,"Dengue"
"44",2022,33,2022-08-13,54,NA,"Dengue"
"44",2022,34,2022-08-20,51,NA,"Dengue"
"44",2022,35,2022-08-27,56,NA,"Dengue"
"44",2022,36,2022-09-03,45,NA,"Dengue"
"44",2022,37,2022-09-10,43,NA,"Dengue"
"44",2022,38,2022-09-17,64,NA,"Dengue"
"44",2022,39,2022-09-24,67,NA,"Dengue"
"44",2022,40,2022-10-01,55,NA,"Dengue"
"44",2022,41,2022-10-08,68,NA,"Dengue"
"44",2022,42,2022-10-15,76,NA,"Dengue"
"44",2022,43,2022-10-22,83,NA,"Dengue"
"44",2022,44,2022-10-29,83,NA,"Dengue"
"44",2022,45,2022-11-05,88,NA,"Dengue"
"44",2022,46,2022-11-12,86,NA,"Dengue"
"44",2022,47,2022-11-19,88,NA,"Dengue"
"44",2022,48,2022-11-26,102,NA,"Dengue"
"44",2022,49,2022-12-03,126,NA,"Dengue"
"44",2022,50,2022-12-10,145,NA,"Dengue"
"44",2022,51,2022-12-17,133,NA,"Dengue"
"44",2022,52,2022-12-24,110,NA,"Dengue"
"44",2023,1,2023-01-01,120,NA,"Dengue"
"44",2023,2,2023-01-08,119,NA,"Dengue"
"44",2023,3,2023-01-15,104,NA,"Dengue"
"44",2023,4,2023-01-22,81,NA,"Dengue"
"44",2023,5,2023-01-29,92,NA,"Dengue"
"44",2023,6,2023-02-05,89,NA,"Dengue"
"44",2023,7,2023-02-12,67,NA,"Dengue"
"44",2023,8,2023-02-19,43,NA,"Dengue"
"44",2023,9,2023-02-26,48,NA,"Dengue"
"44",2023,10,2023-03-05,37,NA,"Dengue"
"44",2023,11,2023-03-12,49,NA,"Dengue"
"44",2023,12,2023-03-19,40,NA,"Dengue"
"44",2023,13,2023-03-26,40,NA,"Dengue"
"44",2023,14,2023-04-02,25,NA,"Dengue"
"44",2023,15,2023-04-09,36,NA,"Dengue"
"44",2023,16,2023-04-16,37,NA,"Dengue"
"44",2023,17,2023-04-23,32,NA,"Dengue"
"44",2023,18,2023-04-30,47,NA,"Dengue"
"44",2023,19,2023-05-07,34,NA,"Dengue"
"44",2023,20,2023-05-14,35,NA,"Dengue"
"44",2023,21,2023-05-21,41,NA,"Dengue"
"44",2023,22,2023-05-28,47,NA,"Dengue"
"44",2023,23,2023-06-04,38,NA,"Dengue"
"44",2023,24,2023-06-11,54,NA,"Dengue"
"44",2023,25,2023-06-18,43,NA,"Dengue"
"44",2023,26,2023-06-25,43,NA,"Dengue"
"44",2023,27,2023-07-02,60,NA,"Dengue"
"44",2023,28,2023-07-09,57,NA,"Dengue"
"44",2023,29,2023-07-16,43,NA,"Dengue"
"44",2023,30,2023-07-23,44,NA,"Dengue"
"44",2023,31,2023-07-30,58,NA,"Dengue"
"44",2023,32,2023-08-06,60,NA,"Dengue"
"44",2023,33,2023-08-13,46,NA,"Dengue"
"44",2023,34,2023-08-20,38,NA,"Dengue"
"44",2023,35,2023-08-27,44,NA,"Dengue"
"44",2023,36,2023-09-03,39,NA,"Dengue"
"44",2023,37,2023-09-10,25,NA,"Dengue"
"44",2023,38,2023-09-17,38,NA,"Dengue"
"44",2023,39,2023-09-24,47,NA,"Dengue"
"44",2023,40,2023-10-01,34,NA,"Dengue"
"44",2023,41,2023-10-08,39,NA,"Dengue"
"44",2023,42,2023-10-15,60,NA,"Dengue"
"44",2023,43,2023-10-22,42,NA,"Dengue"
"44",2023,44,2023-10-29,52,NA,"Dengue"
"44",2023,45,2023-11-05,50,NA,"Dengue"
"44",2023,46,2023-11-12,56,NA,"Dengue"
"44",2023,47,2023-11-19,69,NA,"Dengue"
"44",2023,48,2023-11-26,68,NA,"Dengue"
"44",2023,49,2023-12-03,75,NA,"Dengue"
"44",2023,50,2023-12-10,69,NA,"Dengue"
"44",2023,51,2023-12-17,65,NA,"Dengue"
"44",2023,52,2023-12-24,67,NA,"Dengue"
"44",2024,1,2024-01-01,79,NA,"Dengue"
"44",2024,2,2024-01-08,58,NA,"Dengue"
"44",2024,3,2024-01-15,53,NA,"Dengue"
"44",2024,4,2024-01-22,62,NA,"Dengue"
"44",2024,5,2024-01-29,67,NA,"Dengue"
"44",2024,6,2024-02-05,45,NA,"Dengue"
"44",2024,7,2024-02-12,48,NA,"Dengue"
"44",2024,8,2024-02-19,45,NA,"Dengue"
"44",2024,9,2024-02-26,46,NA,"Dengue"
"44",2024,10,2024-03-04,37,NA,"Dengue"
"44",2024,11,2024-03-11,40,NA,"Dengue"
"44",2024,12,2024-03-18,31,NA,"Dengue"
"44",2024,13,2024-03-25,25,NA,"Dengue"
"44",2024,14,2024-04-01,27,NA,"Dengue"
"44",2024,15,2024-04-08,22,NA,"Dengue"
"44",2024,16,2024-04-15,22,NA,"Dengue"
"44",2024,17,2024-04-22,11,NA,"Dengue"
"44",2024,18,2024-04-29,17,NA,"Dengue"
"44",2024,19,2024-05-06,15,NA,"Dengue"
"44",2024,20,2024-05-13,16,NA,"Dengue"
"44",2024,21,2024-05-20,16,NA,"Dengue"
"44",2024,22,2024-05-27,17,NA,"Dengue"
"44",2024,23,2024-06-03,15,NA,"Dengue"
"44",2024,24,2024-06-10,26,NA,"Dengue"
"44",2024,25,2024-06-17,24,NA,"Dengue"
"44",2024,26,2024-06-24,13,NA,"Dengue"
"44",2024,27,2024-07-01,36,NA,"Dengue"
"44",2024,28,2024-07-08,16,NA,"Dengue"
"44",2024,29,2024-07-15,30,NA,"Dengue"
"44",2024,30,2024-07-22,29,NA,"Dengue"
"44",2024,31,2024-07-29,28,NA,"Dengue"
"44",2024,32,2024-08-05,21,NA,"Dengue"
"44",2024,33,2024-08-12,20,NA,"Dengue"
"44",2024,34,2024-08-19,13,NA,"Dengue"
"44",2024,35,2024-08-26,23,NA,"Dengue"
"44",2024,36,2024-09-02,9,NA,"Dengue"
"44",2024,37,2024-09-09,8,NA,"Dengue"
"44",2024,38,2024-09-16,13,NA,"Dengue"
"44",2024,39,2024-09-23,13,NA,"Dengue"
"44",2024,40,2024-09-30,15,NA,"Dengue"
"44",2024,41,2024-10-07,20,NA,"Dengue"
"44",2024,42,2024-10-14,31,NA,"Dengue"
"44",2024,43,2024-10-21,32,NA,"Dengue"
"44",2024,44,2024-10-28,27,NA,"Dengue"
"44",2024,45,2024-11-04,45,NA,"Dengue"
"44",2024,46,2024-11-11,39,NA,"Dengue"
"44",2024,47,2024-11-18,44,NA,"Dengue"
"44",2024,48,2024-11-25,51,NA,"Dengue"
"44",2024,49,2024-12-02,88,NA,"Dengue"
"44",2024,50,2024-12-09,109,NA,"Dengue"
"44",2024,51,2024-12-16,114,NA,"Dengue"
"44",2024,52,2024-12-23,123,NA,"Dengue"
"44",2025,1,2025-01-01,152,NA,"Dengue"
"44",2025,2,2025-01-08,167,NA,"Dengue"
"44",2025,3,2025-01-15,145,NA,"Dengue"
"44",2025,4,2025-01-22,133,NA,"Dengue"
"44",2025,5,2025-01-29,147,NA,"Dengue"
"44",2025,6,2025-02-05,130,NA,"Dengue"
"44",2025,7,2025-02-12,105,NA,"Dengue"
"44",2025,8,2025-02-19,61,NA,"Dengue"
"44",2025,9,2025-02-26,82,NA,"Dengue"
"44",2025,10,2025-03-05,86,NA,"Dengue"
"44",2025,11,2025-03-12,66,NA,"Dengue"
"44",2025,12,2025-03-19,61,NA,"Dengue"
"44",2025,13,2025-03-26,58,NA,"Dengue"
"44",2025,14,2025-04-02,62,NA,"Dengue"
"44",2025,15,2025-04-09,40,NA,"Dengue"
"44",2025,16,2025-04-16,47,NA,"Dengue"
"44",2025,17,2025-04-23,29,NA,"Dengue"
"44",2025,18,2025-04-30,48,NA,"Dengue"
"44",2025,19,2025-05-07,49,NA,"Dengue"
"44",2025,20,2025-05-14,41,NA,"Dengue"
"44",2025,21,2025-05-21,37,NA,"Dengue"
"44",2025,22,2025-05-28,38,NA,"Dengue"
"44",2025,23,2025-06-04,45,NA,"Dengue"
"44",2025,24,2025-06-11,52,NA,"Dengue"
"44",2025,25,2025-06-18,44,NA,"Dengue"
"44",2025,26,2025-06-25,38,NA,"Dengue"
"44",2025,27,2025-07-02,60,NA,"Dengue"
"44",2025,28,2025-07-09,66,NA,"Dengue"
"44",2025,29,2025-07-16,56,NA,"Dengue"
"44",2025,30,2025-07-23,62,NA,"Dengue"
"44",2025,31,2025-07-30,55,NA,"Dengue"
"44",2025,32,2025-08-06,58,NA,"Dengue"
"44",2025,33,2025-08-13,45,NA,"Dengue"
"44",2025,34,2025-08-20,30,NA,"Dengue"
"44",2025,35,2025-08-27,33,NA,"Dengue"
"44",2025,36,2025-09-03,36,NA,"Dengue"
"44",2025,37,2025-09-10,32,NA,"Dengue"
"44",2025,38,2025-09-17,13,NA,"Dengue"
"44",2025,39,2025-09-24,10,NA,"Dengue"
"44",2025,40,2025-10-01,26,NA,"Dengue"
"44",2025,41,2025-10-08,27,NA,"Dengue"
"44",2025,42,2025-10-15,37,NA,"Dengue"
"44",2025,43,2025-10-22,47,NA,"Dengue"
"44",2025,44,2025-10-29,47,NA,"Dengue"
"44",2025,45,2025-11-05,67,NA,"Dengue"
"44",2025,46,2025-11-12,71,NA,"Dengue"
"44",2025,47,2025-11-19,83,NA,"Dengue"
"44",2025,48,2025-11-26,61,NA,"Dengue"
"44",2025,49,2025-12-03,102,NA,"Dengue"
"44",2025,50,2025-12-10,85,NA,"Dengue"
"44",2025,51,2025-12-17,97,NA,"Dengue"
"44",2025,52,2025-12-24,72,NA,"Dengue"
"44",2025,53,2025-12-31,95,NA,"Dengue"
"47",2020,1,2020-01-01,70,NA,"Dengue"
"47",2020,2,2020-01-08,38,NA,"Dengue"
"47",2020,3,2020-01-15,48,NA,"Dengue"
"47",2020,4,2020-01-22,32,NA,"Dengue"
"47",2020,5,2020-01-29,29,NA,"Dengue"
"47",2020,6,2020-02-05,33,NA,"Dengue"
"47",2020,7,2020-02-12,23,NA,"Dengue"
"47",2020,8,2020-02-19,40,NA,"Dengue"
"47",2020,9,2020-02-26,25,NA,"Dengue"
"47",2020,10,2020-03-04,32,NA,"Dengue"
"47",2020,11,2020-03-11,21,NA,"Dengue"
"47",2020,12,2020-03-18,21,NA,"Dengue"
"47",2020,13,2020-03-25,18,NA,"Dengue"
"47",2020,14,2020-04-01,18,NA,"Dengue"
"47",2020,15,2020-04-08,10,NA,"Dengue"
"47",2020,16,2020-04-15,13,NA,"Dengue"
"47",2020,17,2020-04-22,8,NA,"Dengue"
"47",2020,18,2020-04-29,13,NA,"Dengue"
"47",2020,19,2020-05-06,4,NA,"Dengue"
"47",2020,20,2020-05-13,15,NA,"Dengue"
"47",2020,21,2020-05-20,12,NA,"Dengue"
"47",2020,22,2020-05-27,10,NA,"Dengue"
"47",2020,23,2020-06-03,11,NA,"Dengue"
"47",2020,24,2020-06-10,11,NA,"Dengue"
"47",2020,25,2020-06-17,7,NA,"Dengue"
"47",2020,26,2020-06-24,9,NA,"Dengue"
"47",2020,27,2020-07-01,6,NA,"Dengue"
"47",2020,28,2020-07-08,10,NA,"Dengue"
"47",2020,29,2020-07-15,2,NA,"Dengue"
"47",2020,30,2020-07-22,8,NA,"Dengue"
"47",2020,31,2020-07-29,5,NA,"Dengue"
"47",2020,32,2020-08-05,12,NA,"Dengue"
"47",2020,33,2020-08-12,4,NA,"Dengue"
"47",2020,34,2020-08-19,3,NA,"Dengue"
"47",2020,35,2020-08-26,4,NA,"Dengue"
"47",2020,36,2020-09-02,8,NA,"Dengue"
"47",2020,37,2020-09-09,5,NA,"Dengue"
"47",2020,38,2020-09-16,11,NA,"Dengue"
"47",2020,39,2020-09-23,19,NA,"Dengue"
"47",2020,40,2020-09-30,20,NA,"Dengue"
"47",2020,41,2020-10-07,18,NA,"Dengue"
"47",2020,42,2020-10-14,28,NA,"Dengue"
"47",2020,43,2020-10-21,23,NA,"Dengue"
"47",2020,44,2020-10-28,29,NA,"Dengue"
"47",2020,45,2020-11-04,29,NA,"Dengue"
"47",2020,46,2020-11-11,25,NA,"Dengue"
"47",2020,47,2020-11-18,35,NA,"Dengue"
"47",2020,48,2020-11-25,32,NA,"Dengue"
"47",2020,49,2020-12-02,34,NA,"Dengue"
"47",2020,50,2020-12-09,21,NA,"Dengue"
"47",2020,51,2020-12-16,27,NA,"Dengue"
"47",2020,52,2020-12-23,29,NA,"Dengue"
"47",2020,53,2020-12-30,31,NA,"Dengue"
"47",2021,1,2021-01-01,26,NA,"Dengue"
"47",2021,2,2021-01-08,41,NA,"Dengue"
"47",2021,3,2021-01-15,31,NA,"Dengue"
"47",2021,4,2021-01-22,17,NA,"Dengue"
"47",2021,5,2021-01-29,34,NA,"Dengue"
"47",2021,6,2021-02-05,26,NA,"Dengue"
"47",2021,7,2021-02-12,27,NA,"Dengue"
"47",2021,8,2021-02-19,24,NA,"Dengue"
"47",2021,9,2021-02-26,28,NA,"Dengue"
"47",2021,10,2021-03-05,22,NA,"Dengue"
"47",2021,11,2021-03-12,18,NA,"Dengue"
"47",2021,12,2021-03-19,15,NA,"Dengue"
"47",2021,13,2021-03-26,12,NA,"Dengue"
"47",2021,14,2021-04-02,12,NA,"Dengue"
"47",2021,15,2021-04-09,12,NA,"Dengue"
"47",2021,16,2021-04-16,8,NA,"Dengue"
"47",2021,17,2021-04-23,18,NA,"Dengue"
"47",2021,18,2021-04-30,12,NA,"Dengue"
"47",2021,19,2021-05-07,25,NA,"Dengue"
"47",2021,20,2021-05-14,15,NA,"Dengue"
"47",2021,21,2021-05-21,18,NA,"Dengue"
"47",2021,22,2021-05-28,28,NA,"Dengue"
"47",2021,23,2021-06-04,25,NA,"Dengue"
"47",2021,24,2021-06-11,19,NA,"Dengue"
"47",2021,25,2021-06-18,27,NA,"Dengue"
"47",2021,26,2021-06-25,20,NA,"Dengue"
"47",2021,27,2021-07-02,27,NA,"Dengue"
"47",2021,28,2021-07-09,29,NA,"Dengue"
"47",2021,29,2021-07-16,30,NA,"Dengue"
"47",2021,30,2021-07-23,26,NA,"Dengue"
"47",2021,31,2021-07-30,30,NA,"Dengue"
"47",2021,32,2021-08-06,31,NA,"Dengue"
"47",2021,33,2021-08-13,30,NA,"Dengue"
"47",2021,34,2021-08-20,29,NA,"Dengue"
"47",2021,35,2021-08-27,46,NA,"Dengue"
"47",2021,36,2021-09-03,38,NA,"Dengue"
"47",2021,37,2021-09-10,51,NA,"Dengue"
"47",2021,38,2021-09-17,53,NA,"Dengue"
"47",2021,39,2021-09-24,65,NA,"Dengue"
"47",2021,40,2021-10-01,62,NA,"Dengue"
"47",2021,41,2021-10-08,65,NA,"Dengue"
"47",2021,42,2021-10-15,75,NA,"Dengue"
"47",2021,43,2021-10-22,63,NA,"Dengue"
"47",2021,44,2021-10-29,90,NA,"Dengue"
"47",2021,45,2021-11-05,70,NA,"Dengue"
"47",2021,46,2021-11-12,110,NA,"Dengue"
"47",2021,47,2021-11-19,64,NA,"Dengue"
"47",2021,48,2021-11-26,62,NA,"Dengue"
"47",2021,49,2021-12-03,76,NA,"Dengue"
"47",2021,50,2021-12-10,52,NA,"Dengue"
"47",2021,51,2021-12-17,40,NA,"Dengue"
"47",2021,52,2021-12-24,23,NA,"Dengue"
"47",2022,1,2022-01-01,26,NA,"Dengue"
"47",2022,2,2022-01-08,13,NA,"Dengue"
"47",2022,3,2022-01-15,26,NA,"Dengue"
"47",2022,4,2022-01-22,18,NA,"Dengue"
"47",2022,5,2022-01-29,25,NA,"Dengue"
"47",2022,6,2022-02-05,16,NA,"Dengue"
"47",2022,7,2022-02-12,15,NA,"Dengue"
"47",2022,8,2022-02-19,10,NA,"Dengue"
"47",2022,9,2022-02-26,18,NA,"Dengue"
"47",2022,10,2022-03-05,14,NA,"Dengue"
"47",2022,11,2022-03-12,5,NA,"Dengue"
"47",2022,12,2022-03-19,12,NA,"Dengue"
"47",2022,13,2022-03-26,13,NA,"Dengue"
"47",2022,14,2022-04-02,21,NA,"Dengue"
"47",2022,15,2022-04-09,11,NA,"Dengue"
"47",2022,16,2022-04-16,13,NA,"Dengue"
"47",2022,17,2022-04-23,14,NA,"Dengue"
"47",2022,18,2022-04-30,20,NA,"Dengue"
"47",2022,19,2022-05-07,34,NA,"Dengue"
"47",2022,20,2022-05-14,27,NA,"Dengue"
"47",2022,21,2022-05-21,29,NA,"Dengue"
"47",2022,22,2022-05-28,24,NA,"Dengue"
"47",2022,23,2022-06-04,26,NA,"Dengue"
"47",2022,24,2022-06-11,32,NA,"Dengue"
"47",2022,25,2022-06-18,23,NA,"Dengue"
"47",2022,26,2022-06-25,22,NA,"Dengue"
"47",2022,27,2022-07-02,35,NA,"Dengue"
"47",2022,28,2022-07-09,43,NA,"Dengue"
"47",2022,29,2022-07-16,37,NA,"Dengue"
"47",2022,30,2022-07-23,35,NA,"Dengue"
"47",2022,31,2022-07-30,34,NA,"Dengue"
"47",2022,32,2022-08-06,38,NA,"Dengue"
"47",2022,33,2022-08-13,52,NA,"Dengue"
"47",2022,34,2022-08-20,57,NA,"Dengue"
"47",2022,35,2022-08-27,37,NA,"Dengue"
"47",2022,36,2022-09-03,25,NA,"Dengue"
"47",2022,37,2022-09-10,26,NA,"Dengue"
"47",2022,38,2022-09-17,41,NA,"Dengue"
"47",2022,39,2022-09-24,24,NA,"Dengue"
"47",2022,40,2022-10-01,31,NA,"Dengue"
"47",2022,41,2022-10-08,26,NA,"Dengue"
"47",2022,42,2022-10-15,29,NA,"Dengue"
"47",2022,43,2022-10-22,45,NA,"Dengue"
"47",2022,44,2022-10-29,39,NA,"Dengue"
"47",2022,45,2022-11-05,23,NA,"Dengue"
"47",2022,46,2022-11-12,36,NA,"Dengue"
"47",2022,47,2022-11-19,40,NA,"Dengue"
"47",2022,48,2022-11-26,46,NA,"Dengue"
"47",2022,49,2022-12-03,46,NA,"Dengue"
"47",2022,50,2022-12-10,33,NA,"Dengue"
"47",2022,51,2022-12-17,45,NA,"Dengue"
"47",2022,52,2022-12-24,30,NA,"Dengue"
"47",2023,1,2023-01-01,45,NA,"Dengue"
"47",2023,2,2023-01-08,37,NA,"Dengue"
"47",2023,3,2023-01-15,30,NA,"Dengue"
"47",2023,4,2023-01-22,31,NA,"Dengue"
"47",2023,5,2023-01-29,21,NA,"Dengue"
"47",2023,6,2023-02-05,28,NA,"Dengue"
"47",2023,7,2023-02-12,19,NA,"Dengue"
"47",2023,8,2023-02-19,25,NA,"Dengue"
"47",2023,9,2023-02-26,12,NA,"Dengue"
"47",2023,10,2023-03-05,16,NA,"Dengue"
"47",2023,11,2023-03-12,10,NA,"Dengue"
"47",2023,12,2023-03-19,16,NA,"Dengue"
"47",2023,13,2023-03-26,14,NA,"Dengue"
"47",2023,14,2023-04-02,16,NA,"Dengue"
"47",2023,15,2023-04-09,21,NA,"Dengue"
"47",2023,16,2023-04-16,12,NA,"Dengue"
"47",2023,17,2023-04-23,10,NA,"Dengue"
"47",2023,18,2023-04-30,11,NA,"Dengue"
"47",2023,19,2023-05-07,11,NA,"Dengue"
"47",2023,20,2023-05-14,19,NA,"Dengue"
"47",2023,21,2023-05-21,29,NA,"Dengue"
"47",2023,22,2023-05-28,35,NA,"Dengue"
"47",2023,23,2023-06-04,36,NA,"Dengue"
"47",2023,24,2023-06-11,28,NA,"Dengue"
"47",2023,25,2023-06-18,54,NA,"Dengue"
"47",2023,26,2023-06-25,47,NA,"Dengue"
"47",2023,27,2023-07-02,59,NA,"Dengue"
"47",2023,28,2023-07-09,82,NA,"Dengue"
"47",2023,29,2023-07-16,78,NA,"Dengue"
"47",2023,30,2023-07-23,109,NA,"Dengue"
"47",2023,31,2023-07-30,102,NA,"Dengue"
"47",2023,32,2023-08-06,111,NA,"Dengue"
"47",2023,33,2023-08-13,109,NA,"Dengue"
"47",2023,34,2023-08-20,90,NA,"Dengue"
"47",2023,35,2023-08-27,91,NA,"Dengue"
"47",2023,36,2023-09-03,101,NA,"Dengue"
"47",2023,37,2023-09-10,109,NA,"Dengue"
"47",2023,38,2023-09-17,125,NA,"Dengue"
"47",2023,39,2023-09-24,100,NA,"Dengue"
"47",2023,40,2023-10-01,105,NA,"Dengue"
"47",2023,41,2023-10-08,83,NA,"Dengue"
"47",2023,42,2023-10-15,98,NA,"Dengue"
"47",2023,43,2023-10-22,97,NA,"Dengue"
"47",2023,44,2023-10-29,109,NA,"Dengue"
"47",2023,45,2023-11-05,101,NA,"Dengue"
"47",2023,46,2023-11-12,113,NA,"Dengue"
"47",2023,47,2023-11-19,143,NA,"Dengue"
"47",2023,48,2023-11-26,143,NA,"Dengue"
"47",2023,49,2023-12-03,144,NA,"Dengue"
"47",2023,50,2023-12-10,143,NA,"Dengue"
"47",2023,51,2023-12-17,110,NA,"Dengue"
"47",2023,52,2023-12-24,120,NA,"Dengue"
"47",2024,1,2024-01-01,116,NA,"Dengue"
"47",2024,2,2024-01-08,79,NA,"Dengue"
"47",2024,3,2024-01-15,79,NA,"Dengue"
"47",2024,4,2024-01-22,73,NA,"Dengue"
"47",2024,5,2024-01-29,64,NA,"Dengue"
"47",2024,6,2024-02-05,61,NA,"Dengue"
"47",2024,7,2024-02-12,53,NA,"Dengue"
"47",2024,8,2024-02-19,57,NA,"Dengue"
"47",2024,9,2024-02-26,43,NA,"Dengue"
"47",2024,10,2024-03-04,33,NA,"Dengue"
"47",2024,11,2024-03-11,45,NA,"Dengue"
"47",2024,12,2024-03-18,50,NA,"Dengue"
"47",2024,13,2024-03-25,28,NA,"Dengue"
"47",2024,14,2024-04-01,35,NA,"Dengue"
"47",2024,15,2024-04-08,34,NA,"Dengue"
"47",2024,16,2024-04-15,30,NA,"Dengue"
"47",2024,17,2024-04-22,23,NA,"Dengue"
"47",2024,18,2024-04-29,27,NA,"Dengue"
"47",2024,19,2024-05-06,29,NA,"Dengue"
"47",2024,20,2024-05-13,32,NA,"Dengue"
"47",2024,21,2024-05-20,35,NA,"Dengue"
"47",2024,22,2024-05-27,44,NA,"Dengue"
"47",2024,23,2024-06-03,29,NA,"Dengue"
"47",2024,24,2024-06-10,36,NA,"Dengue"
"47",2024,25,2024-06-17,26,NA,"Dengue"
"47",2024,26,2024-06-24,24,NA,"Dengue"
"47",2024,27,2024-07-01,45,NA,"Dengue"
"47",2024,28,2024-07-08,42,NA,"Dengue"
"47",2024,29,2024-07-15,28,NA,"Dengue"
"47",2024,30,2024-07-22,38,NA,"Dengue"
"47",2024,31,2024-07-29,40,NA,"Dengue"
"47",2024,32,2024-08-05,40,NA,"Dengue"
"47",2024,33,2024-08-12,57,NA,"Dengue"
"47",2024,34,2024-08-19,35,NA,"Dengue"
"47",2024,35,2024-08-26,30,NA,"Dengue"
"47",2024,36,2024-09-02,39,NA,"Dengue"
"47",2024,37,2024-09-09,25,NA,"Dengue"
"47",2024,38,2024-09-16,28,NA,"Dengue"
"47",2024,39,2024-09-23,27,NA,"Dengue"
"47",2024,40,2024-09-30,32,NA,"Dengue"
"47",2024,41,2024-10-07,17,NA,"Dengue"
"47",2024,42,2024-10-14,18,NA,"Dengue"
"47",2024,43,2024-10-21,17,NA,"Dengue"
"47",2024,44,2024-10-28,17,NA,"Dengue"
"47",2024,45,2024-11-04,20,NA,"Dengue"
"47",2024,46,2024-11-11,14,NA,"Dengue"
"47",2024,47,2024-11-18,14,NA,"Dengue"
"47",2024,48,2024-11-25,16,NA,"Dengue"
"47",2024,49,2024-12-02,17,NA,"Dengue"
"47",2024,50,2024-12-09,31,NA,"Dengue"
"47",2024,51,2024-12-16,23,NA,"Dengue"
"47",2024,52,2024-12-23,27,NA,"Dengue"
"47",2025,1,2025-01-01,33,NA,"Dengue"
"47",2025,2,2025-01-08,28,NA,"Dengue"
"47",2025,3,2025-01-15,35,NA,"Dengue"
"47",2025,4,2025-01-22,31,NA,"Dengue"
"47",2025,5,2025-01-29,38,NA,"Dengue"
"47",2025,6,2025-02-05,35,NA,"Dengue"
"47",2025,7,2025-02-12,33,NA,"Dengue"
"47",2025,8,2025-02-19,31,NA,"Dengue"
"47",2025,9,2025-02-26,32,NA,"Dengue"
"47",2025,10,2025-03-05,32,NA,"Dengue"
"47",2025,11,2025-03-12,25,NA,"Dengue"
"47",2025,12,2025-03-19,38,NA,"Dengue"
"47",2025,13,2025-03-26,29,NA,"Dengue"
"47",2025,14,2025-04-02,39,NA,"Dengue"
"47",2025,15,2025-04-09,24,NA,"Dengue"
"47",2025,16,2025-04-16,24,NA,"Dengue"
"47",2025,17,2025-04-23,34,NA,"Dengue"
"47",2025,18,2025-04-30,32,NA,"Dengue"
"47",2025,19,2025-05-07,32,NA,"Dengue"
"47",2025,20,2025-05-14,38,NA,"Dengue"
"47",2025,21,2025-05-21,47,NA,"Dengue"
"47",2025,22,2025-05-28,42,NA,"Dengue"
"47",2025,23,2025-06-04,55,NA,"Dengue"
"47",2025,24,2025-06-11,80,NA,"Dengue"
"47",2025,25,2025-06-18,62,NA,"Dengue"
"47",2025,26,2025-06-25,64,NA,"Dengue"
"47",2025,27,2025-07-02,68,NA,"Dengue"
"47",2025,28,2025-07-09,91,NA,"Dengue"
"47",2025,29,2025-07-16,85,NA,"Dengue"
"47",2025,30,2025-07-23,89,NA,"Dengue"
"47",2025,31,2025-07-30,94,NA,"Dengue"
"47",2025,32,2025-08-06,69,NA,"Dengue"
"47",2025,33,2025-08-13,70,NA,"Dengue"
"47",2025,34,2025-08-20,73,NA,"Dengue"
"47",2025,35,2025-08-27,60,NA,"Dengue"
"47",2025,36,2025-09-03,64,NA,"Dengue"
"47",2025,37,2025-09-10,66,NA,"Dengue"
"47",2025,38,2025-09-17,81,NA,"Dengue"
"47",2025,39,2025-09-24,67,NA,"Dengue"
"47",2025,40,2025-10-01,66,NA,"Dengue"
"47",2025,41,2025-10-08,62,NA,"Dengue"
"47",2025,42,2025-10-15,74,NA,"Dengue"
"47",2025,43,2025-10-22,97,NA,"Dengue"
"47",2025,44,2025-10-29,106,NA,"Dengue"
"47",2025,45,2025-11-05,99,NA,"Dengue"
"47",2025,46,2025-11-12,144,NA,"Dengue"
"47",2025,47,2025-11-19,200,NA,"Dengue"
"47",2025,48,2025-11-26,237,NA,"Dengue"
"47",2025,49,2025-12-03,266,NA,"Dengue"
"47",2025,50,2025-12-10,258,NA,"Dengue"
"47",2025,51,2025-12-17,243,NA,"Dengue"
"47",2025,52,2025-12-24,199,NA,"Dengue"
"47",2025,53,2025-12-31,204,NA,"Dengue"
"50",2020,1,2020-01-01,160,NA,"Dengue"
"50",2020,2,2020-01-08,162,NA,"Dengue"
"50",2020,3,2020-01-15,125,NA,"Dengue"
"50",2020,4,2020-01-22,121,NA,"Dengue"
"50",2020,5,2020-01-29,167,NA,"Dengue"
"50",2020,6,2020-02-05,151,NA,"Dengue"
"50",2020,7,2020-02-12,116,NA,"Dengue"
"50",2020,8,2020-02-19,128,NA,"Dengue"
"50",2020,9,2020-02-26,96,NA,"Dengue"
"50",2020,10,2020-03-04,123,NA,"Dengue"
"50",2020,11,2020-03-11,85,NA,"Dengue"
"50",2020,12,2020-03-18,54,NA,"Dengue"
"50",2020,13,2020-03-25,51,NA,"Dengue"
"50",2020,14,2020-04-01,31,NA,"Dengue"
"50",2020,15,2020-04-08,49,NA,"Dengue"
"50",2020,16,2020-04-15,36,NA,"Dengue"
"50",2020,17,2020-04-22,42,NA,"Dengue"
"50",2020,18,2020-04-29,43,NA,"Dengue"
"50",2020,19,2020-05-06,37,NA,"Dengue"
"50",2020,20,2020-05-13,40,NA,"Dengue"
"50",2020,21,2020-05-20,41,NA,"Dengue"
"50",2020,22,2020-05-27,36,NA,"Dengue"
"50",2020,23,2020-06-03,44,NA,"Dengue"
"50",2020,24,2020-06-10,32,NA,"Dengue"
"50",2020,25,2020-06-17,35,NA,"Dengue"
"50",2020,26,2020-06-24,17,NA,"Dengue"
"50",2020,27,2020-07-01,33,NA,"Dengue"
"50",2020,28,2020-07-08,39,NA,"Dengue"
"50",2020,29,2020-07-15,28,NA,"Dengue"
"50",2020,30,2020-07-22,44,NA,"Dengue"
"50",2020,31,2020-07-29,34,NA,"Dengue"
"50",2020,32,2020-08-05,23,NA,"Dengue"
"50",2020,33,2020-08-12,28,NA,"Dengue"
"50",2020,34,2020-08-19,26,NA,"Dengue"
"50",2020,35,2020-08-26,25,NA,"Dengue"
"50",2020,36,2020-09-02,28,NA,"Dengue"
"50",2020,37,2020-09-09,29,NA,"Dengue"
"50",2020,38,2020-09-16,22,NA,"Dengue"
"50",2020,39,2020-09-23,20,NA,"Dengue"
"50",2020,40,2020-09-30,29,NA,"Dengue"
"50",2020,41,2020-10-07,18,NA,"Dengue"
"50",2020,42,2020-10-14,25,NA,"Dengue"
"50",2020,43,2020-10-21,23,NA,"Dengue"
"50",2020,44,2020-10-28,19,NA,"Dengue"
"50",2020,45,2020-11-04,17,NA,"Dengue"
"50",2020,46,2020-11-11,15,NA,"Dengue"
"50",2020,47,2020-11-18,21,NA,"Dengue"
"50",2020,48,2020-11-25,23,NA,"Dengue"
"50",2020,49,2020-12-02,17,NA,"Dengue"
"50",2020,50,2020-12-09,25,NA,"Dengue"
"50",2020,51,2020-12-16,29,NA,"Dengue"
"50",2020,52,2020-12-23,21,NA,"Dengue"
"50",2020,53,2020-12-30,19,NA,"Dengue"
"50",2021,1,2021-01-01,15,NA,"Dengue"
"50",2021,2,2021-01-08,24,NA,"Dengue"
"50",2021,3,2021-01-15,19,NA,"Dengue"
"50",2021,4,2021-01-22,15,NA,"Dengue"
"50",2021,5,2021-01-29,14,NA,"Dengue"
"50",2021,6,2021-02-05,28,NA,"Dengue"
"50",2021,7,2021-02-12,26,NA,"Dengue"
"50",2021,8,2021-02-19,20,NA,"Dengue"
"50",2021,9,2021-02-26,25,NA,"Dengue"
"50",2021,10,2021-03-05,20,NA,"Dengue"
"50",2021,11,2021-03-12,16,NA,"Dengue"
"50",2021,12,2021-03-19,16,NA,"Dengue"
"50",2021,13,2021-03-26,23,NA,"Dengue"
"50",2021,14,2021-04-02,28,NA,"Dengue"
"50",2021,15,2021-04-09,38,NA,"Dengue"
"50",2021,16,2021-04-16,42,NA,"Dengue"
"50",2021,17,2021-04-23,38,NA,"Dengue"
"50",2021,18,2021-04-30,30,NA,"Dengue"
"50",2021,19,2021-05-07,39,NA,"Dengue"
"50",2021,20,2021-05-14,46,NA,"Dengue"
"50",2021,21,2021-05-21,45,NA,"Dengue"
"50",2021,22,2021-05-28,59,NA,"Dengue"
"50",2021,23,2021-06-04,45,NA,"Dengue"
"50",2021,24,2021-06-11,31,NA,"Dengue"
"50",2021,25,2021-06-18,21,NA,"Dengue"
"50",2021,26,2021-06-25,38,NA,"Dengue"
"50",2021,27,2021-07-02,27,NA,"Dengue"
"50",2021,28,2021-07-09,26,NA,"Dengue"
"50",2021,29,2021-07-16,27,NA,"Dengue"
"50",2021,30,2021-07-23,29,NA,"Dengue"
"50",2021,31,2021-07-30,18,NA,"Dengue"
"50",2021,32,2021-08-06,21,NA,"Dengue"
"50",2021,33,2021-08-13,30,NA,"Dengue"
"50",2021,34,2021-08-20,26,NA,"Dengue"
"50",2021,35,2021-08-27,19,NA,"Dengue"
"50",2021,36,2021-09-03,39,NA,"Dengue"
"50",2021,37,2021-09-10,24,NA,"Dengue"
"50",2021,38,2021-09-17,29,NA,"Dengue"
"50",2021,39,2021-09-24,18,NA,"Dengue"
"50",2021,40,2021-10-01,27,NA,"Dengue"
"50",2021,41,2021-10-08,24,NA,"Dengue"
"50",2021,42,2021-10-15,25,NA,"Dengue"
"50",2021,43,2021-10-22,17,NA,"Dengue"
"50",2021,44,2021-10-29,24,NA,"Dengue"
"50",2021,45,2021-11-05,34,NA,"Dengue"
"50",2021,46,2021-11-12,30,NA,"Dengue"
"50",2021,47,2021-11-19,20,NA,"Dengue"
"50",2021,48,2021-11-26,23,NA,"Dengue"
"50",2021,49,2021-12-03,34,NA,"Dengue"
"50",2021,50,2021-12-10,49,NA,"Dengue"
"50",2021,51,2021-12-17,40,NA,"Dengue"
"50",2021,52,2021-12-24,50,NA,"Dengue"
"50",2022,1,2022-01-01,45,NA,"Dengue"
"50",2022,2,2022-01-08,36,NA,"Dengue"
"50",2022,3,2022-01-15,51,NA,"Dengue"
"50",2022,4,2022-01-22,38,NA,"Dengue"
"50",2022,5,2022-01-29,44,NA,"Dengue"
"50",2022,6,2022-02-05,46,NA,"Dengue"
"50",2022,7,2022-02-12,49,NA,"Dengue"
"50",2022,8,2022-02-19,67,NA,"Dengue"
"50",2022,9,2022-02-26,74,NA,"Dengue"
"50",2022,10,2022-03-05,69,NA,"Dengue"
"50",2022,11,2022-03-12,100,NA,"Dengue"
"50",2022,12,2022-03-19,106,NA,"Dengue"
"50",2022,13,2022-03-26,120,NA,"Dengue"
"50",2022,14,2022-04-02,110,NA,"Dengue"
"50",2022,15,2022-04-09,132,NA,"Dengue"
"50",2022,16,2022-04-16,146,NA,"Dengue"
"50",2022,17,2022-04-23,187,NA,"Dengue"
"50",2022,18,2022-04-30,202,NA,"Dengue"
"50",2022,19,2022-05-07,234,NA,"Dengue"
"50",2022,20,2022-05-14,165,NA,"Dengue"
"50",2022,21,2022-05-21,162,NA,"Dengue"
"50",2022,22,2022-05-28,144,NA,"Dengue"
"50",2022,23,2022-06-04,164,NA,"Dengue"
"50",2022,24,2022-06-11,111,NA,"Dengue"
"50",2022,25,2022-06-18,108,NA,"Dengue"
"50",2022,26,2022-06-25,126,NA,"Dengue"
"50",2022,27,2022-07-02,132,NA,"Dengue"
"50",2022,28,2022-07-09,124,NA,"Dengue"
"50",2022,29,2022-07-16,113,NA,"Dengue"
"50",2022,30,2022-07-23,101,NA,"Dengue"
"50",2022,31,2022-07-30,94,NA,"Dengue"
"50",2022,32,2022-08-06,97,NA,"Dengue"
"50",2022,33,2022-08-13,96,NA,"Dengue"
"50",2022,34,2022-08-20,77,NA,"Dengue"
"50",2022,35,2022-08-27,88,NA,"Dengue"
"50",2022,36,2022-09-03,83,NA,"Dengue"
"50",2022,37,2022-09-10,90,NA,"Dengue"
"50",2022,38,2022-09-17,76,NA,"Dengue"
"50",2022,39,2022-09-24,78,NA,"Dengue"
"50",2022,40,2022-10-01,95,NA,"Dengue"
"50",2022,41,2022-10-08,79,NA,"Dengue"
"50",2022,42,2022-10-15,78,NA,"Dengue"
"50",2022,43,2022-10-22,77,NA,"Dengue"
"50",2022,44,2022-10-29,116,NA,"Dengue"
"50",2022,45,2022-11-05,96,NA,"Dengue"
"50",2022,46,2022-11-12,100,NA,"Dengue"
"50",2022,47,2022-11-19,116,NA,"Dengue"
"50",2022,48,2022-11-26,95,NA,"Dengue"
"50",2022,49,2022-12-03,98,NA,"Dengue"
"50",2022,50,2022-12-10,111,NA,"Dengue"
"50",2022,51,2022-12-17,87,NA,"Dengue"
"50",2022,52,2022-12-24,96,NA,"Dengue"
"50",2023,1,2023-01-01,153,NA,"Dengue"
"50",2023,2,2023-01-08,144,NA,"Dengue"
"50",2023,3,2023-01-15,142,NA,"Dengue"
"50",2023,4,2023-01-22,158,NA,"Dengue"
"50",2023,5,2023-01-29,179,NA,"Dengue"
"50",2023,6,2023-02-05,222,NA,"Dengue"
"50",2023,7,2023-02-12,224,NA,"Dengue"
"50",2023,8,2023-02-19,237,NA,"Dengue"
"50",2023,9,2023-02-26,259,NA,"Dengue"
"50",2023,10,2023-03-05,225,NA,"Dengue"
"50",2023,11,2023-03-12,305,NA,"Dengue"
"50",2023,12,2023-03-19,335,NA,"Dengue"
"50",2023,13,2023-03-26,338,NA,"Dengue"
"50",2023,14,2023-04-02,291,NA,"Dengue"
"50",2023,15,2023-04-09,447,NA,"Dengue"
"50",2023,16,2023-04-16,423,NA,"Dengue"
"50",2023,17,2023-04-23,415,NA,"Dengue"
"50",2023,18,2023-04-30,572,NA,"Dengue"
"50",2023,19,2023-05-07,573,NA,"Dengue"
"50",2023,20,2023-05-14,612,NA,"Dengue"
"50",2023,21,2023-05-21,571,NA,"Dengue"
"50",2023,22,2023-05-28,585,NA,"Dengue"
"50",2023,23,2023-06-04,521,NA,"Dengue"
"50",2023,24,2023-06-11,409,NA,"Dengue"
"50",2023,25,2023-06-18,360,NA,"Dengue"
"50",2023,26,2023-06-25,248,NA,"Dengue"
"50",2023,27,2023-07-02,244,NA,"Dengue"
"50",2023,28,2023-07-09,271,NA,"Dengue"
"50",2023,29,2023-07-16,271,NA,"Dengue"
"50",2023,30,2023-07-23,199,NA,"Dengue"
"50",2023,31,2023-07-30,213,NA,"Dengue"
"50",2023,32,2023-08-06,151,NA,"Dengue"
"50",2023,33,2023-08-13,170,NA,"Dengue"
"50",2023,34,2023-08-20,156,NA,"Dengue"
"50",2023,35,2023-08-27,130,NA,"Dengue"
"50",2023,36,2023-09-03,154,NA,"Dengue"
"50",2023,37,2023-09-10,126,NA,"Dengue"
"50",2023,38,2023-09-17,122,NA,"Dengue"
"50",2023,39,2023-09-24,115,NA,"Dengue"
"50",2023,40,2023-10-01,123,NA,"Dengue"
"50",2023,41,2023-10-08,124,NA,"Dengue"
"50",2023,42,2023-10-15,96,NA,"Dengue"
"50",2023,43,2023-10-22,108,NA,"Dengue"
"50",2023,44,2023-10-29,91,NA,"Dengue"
"50",2023,45,2023-11-05,78,NA,"Dengue"
"50",2023,46,2023-11-12,100,NA,"Dengue"
"50",2023,47,2023-11-19,100,NA,"Dengue"
"50",2023,48,2023-11-26,93,NA,"Dengue"
"50",2023,49,2023-12-03,94,NA,"Dengue"
"50",2023,50,2023-12-10,92,NA,"Dengue"
"50",2023,51,2023-12-17,86,NA,"Dengue"
"50",2023,52,2023-12-24,94,NA,"Dengue"
"50",2024,1,2024-01-01,157,NA,"Dengue"
"50",2024,2,2024-01-08,146,NA,"Dengue"
"50",2024,3,2024-01-15,115,NA,"Dengue"
"50",2024,4,2024-01-22,96,NA,"Dengue"
"50",2024,5,2024-01-29,104,NA,"Dengue"
"50",2024,6,2024-02-05,105,NA,"Dengue"
"50",2024,7,2024-02-12,111,NA,"Dengue"
"50",2024,8,2024-02-19,105,NA,"Dengue"
"50",2024,9,2024-02-26,120,NA,"Dengue"
"50",2024,10,2024-03-04,112,NA,"Dengue"
"50",2024,11,2024-03-11,123,NA,"Dengue"
"50",2024,12,2024-03-18,118,NA,"Dengue"
"50",2024,13,2024-03-25,111,NA,"Dengue"
"50",2024,14,2024-04-01,142,NA,"Dengue"
"50",2024,15,2024-04-08,164,NA,"Dengue"
"50",2024,16,2024-04-15,176,NA,"Dengue"
"50",2024,17,2024-04-22,175,NA,"Dengue"
"50",2024,18,2024-04-29,172,NA,"Dengue"
"50",2024,19,2024-05-06,219,NA,"Dengue"
"50",2024,20,2024-05-13,214,NA,"Dengue"
"50",2024,21,2024-05-20,205,NA,"Dengue"
"50",2024,22,2024-05-27,190,NA,"Dengue"
"50",2024,23,2024-06-03,225,NA,"Dengue"
"50",2024,24,2024-06-10,228,NA,"Dengue"
"50",2024,25,2024-06-17,199,NA,"Dengue"
"50",2024,26,2024-06-24,194,NA,"Dengue"
"50",2024,27,2024-07-01,164,NA,"Dengue"
"50",2024,28,2024-07-08,195,NA,"Dengue"
"50",2024,29,2024-07-15,182,NA,"Dengue"
"50",2024,30,2024-07-22,157,NA,"Dengue"
"50",2024,31,2024-07-29,141,NA,"Dengue"
"50",2024,32,2024-08-05,157,NA,"Dengue"
"50",2024,33,2024-08-12,136,NA,"Dengue"
"50",2024,34,2024-08-19,149,NA,"Dengue"
"50",2024,35,2024-08-26,146,NA,"Dengue"
"50",2024,36,2024-09-02,138,NA,"Dengue"
"50",2024,37,2024-09-09,121,NA,"Dengue"
"50",2024,38,2024-09-16,151,NA,"Dengue"
"50",2024,39,2024-09-23,129,NA,"Dengue"
"50",2024,40,2024-09-30,135,NA,"Dengue"
"50",2024,41,2024-10-07,126,NA,"Dengue"
"50",2024,42,2024-10-14,137,NA,"Dengue"
"50",2024,43,2024-10-21,175,NA,"Dengue"
"50",2024,44,2024-10-28,173,NA,"Dengue"
"50",2024,45,2024-11-04,179,NA,"Dengue"
"50",2024,46,2024-11-11,162,NA,"Dengue"
"50",2024,47,2024-11-18,149,NA,"Dengue"
"50",2024,48,2024-11-25,163,NA,"Dengue"
"50",2024,49,2024-12-02,163,NA,"Dengue"
"50",2024,50,2024-12-09,147,NA,"Dengue"
"50",2024,51,2024-12-16,160,NA,"Dengue"
"50",2024,52,2024-12-23,168,NA,"Dengue"
"50",2025,1,2025-01-01,180,NA,"Dengue"
"50",2025,2,2025-01-08,175,NA,"Dengue"
"50",2025,3,2025-01-15,208,NA,"Dengue"
"50",2025,4,2025-01-22,203,NA,"Dengue"
"50",2025,5,2025-01-29,202,NA,"Dengue"
"50",2025,6,2025-02-05,212,NA,"Dengue"
"50",2025,7,2025-02-12,257,NA,"Dengue"
"50",2025,8,2025-02-19,228,NA,"Dengue"
"50",2025,9,2025-02-26,237,NA,"Dengue"
"50",2025,10,2025-03-05,227,NA,"Dengue"
"50",2025,11,2025-03-12,240,NA,"Dengue"
"50",2025,12,2025-03-19,232,NA,"Dengue"
"50",2025,13,2025-03-26,217,NA,"Dengue"
"50",2025,14,2025-04-02,256,NA,"Dengue"
"50",2025,15,2025-04-09,278,NA,"Dengue"
"50",2025,16,2025-04-16,299,NA,"Dengue"
"50",2025,17,2025-04-23,340,NA,"Dengue"
"50",2025,18,2025-04-30,322,NA,"Dengue"
"50",2025,19,2025-05-07,339,NA,"Dengue"
"50",2025,20,2025-05-14,368,NA,"Dengue"
"50",2025,21,2025-05-21,375,NA,"Dengue"
"50",2025,22,2025-05-28,313,NA,"Dengue"
"50",2025,23,2025-06-04,345,NA,"Dengue"
"50",2025,24,2025-06-11,317,NA,"Dengue"
"50",2025,25,2025-06-18,258,NA,"Dengue"
"50",2025,26,2025-06-25,201,NA,"Dengue"
"50",2025,27,2025-07-02,200,NA,"Dengue"
"50",2025,28,2025-07-09,141,NA,"Dengue"
"50",2025,29,2025-07-16,166,NA,"Dengue"
"50",2025,30,2025-07-23,164,NA,"Dengue"
"50",2025,31,2025-07-30,147,NA,"Dengue"
"50",2025,32,2025-08-06,125,NA,"Dengue"
"50",2025,33,2025-08-13,150,NA,"Dengue"
"50",2025,34,2025-08-20,131,NA,"Dengue"
"50",2025,35,2025-08-27,141,NA,"Dengue"
"50",2025,36,2025-09-03,113,NA,"Dengue"
"50",2025,37,2025-09-10,134,NA,"Dengue"
"50",2025,38,2025-09-17,119,NA,"Dengue"
"50",2025,39,2025-09-24,121,NA,"Dengue"
"50",2025,40,2025-10-01,112,NA,"Dengue"
"50",2025,41,2025-10-08,95,NA,"Dengue"
"50",2025,42,2025-10-15,85,NA,"Dengue"
"50",2025,43,2025-10-22,89,NA,"Dengue"
"50",2025,44,2025-10-29,90,NA,"Dengue"
"50",2025,45,2025-11-05,97,NA,"Dengue"
"50",2025,46,2025-11-12,121,NA,"Dengue"
"50",2025,47,2025-11-19,100,NA,"Dengue"
"50",2025,48,2025-11-26,127,NA,"Dengue"
"50",2025,49,2025-12-03,109,NA,"Dengue"
"50",2025,50,2025-12-10,147,NA,"Dengue"
"50",2025,51,2025-12-17,152,NA,"Dengue"
"50",2025,52,2025-12-24,128,NA,"Dengue"
"50",2025,53,2025-12-31,133,NA,"Dengue"
"52",2020,1,2020-01-01,7,NA,"Dengue"
"52",2020,2,2020-01-08,8,NA,"Dengue"
"52",2020,3,2020-01-15,11,NA,"Dengue"
"52",2020,4,2020-01-22,15,NA,"Dengue"
"52",2020,5,2020-01-29,11,NA,"Dengue"
"52",2020,6,2020-02-05,17,NA,"Dengue"
"52",2020,7,2020-02-12,12,NA,"Dengue"
"52",2020,8,2020-02-19,13,NA,"Dengue"
"52",2020,9,2020-02-26,12,NA,"Dengue"
"52",2020,10,2020-03-04,12,NA,"Dengue"
"52",2020,11,2020-03-11,18,NA,"Dengue"
"52",2020,12,2020-03-18,5,NA,"Dengue"
"52",2020,13,2020-03-25,12,NA,"Dengue"
"52",2020,14,2020-04-01,5,NA,"Dengue"
"52",2020,15,2020-04-08,8,NA,"Dengue"
"52",2020,16,2020-04-15,7,NA,"Dengue"
"52",2020,17,2020-04-22,7,NA,"Dengue"
"52",2020,18,2020-04-29,10,NA,"Dengue"
"52",2020,19,2020-05-06,12,NA,"Dengue"
"52",2020,20,2020-05-13,3,NA,"Dengue"
"52",2020,21,2020-05-20,6,NA,"Dengue"
"52",2020,22,2020-05-27,7,NA,"Dengue"
"52",2020,23,2020-06-03,9,NA,"Dengue"
"52",2020,24,2020-06-10,6,NA,"Dengue"
"52",2020,25,2020-06-17,11,NA,"Dengue"
"52",2020,26,2020-06-24,6,NA,"Dengue"
"52",2020,27,2020-07-01,8,NA,"Dengue"
"52",2020,28,2020-07-08,7,NA,"Dengue"
"52",2020,29,2020-07-15,12,NA,"Dengue"
"52",2020,30,2020-07-22,4,NA,"Dengue"
"52",2020,31,2020-07-29,4,NA,"Dengue"
"52",2020,32,2020-08-05,11,NA,"Dengue"
"52",2020,33,2020-08-12,10,NA,"Dengue"
"52",2020,34,2020-08-19,11,NA,"Dengue"
"52",2020,35,2020-08-26,2,NA,"Dengue"
"52",2020,36,2020-09-02,9,NA,"Dengue"
"52",2020,37,2020-09-09,12,NA,"Dengue"
"52",2020,38,2020-09-16,10,NA,"Dengue"
"52",2020,39,2020-09-23,9,NA,"Dengue"
"52",2020,40,2020-09-30,10,NA,"Dengue"
"52",2020,41,2020-10-07,18,NA,"Dengue"
"52",2020,42,2020-10-14,16,NA,"Dengue"
"52",2020,43,2020-10-21,5,NA,"Dengue"
"52",2020,44,2020-10-28,6,NA,"Dengue"
"52",2020,45,2020-11-04,5,NA,"Dengue"
"52",2020,46,2020-11-11,8,NA,"Dengue"
"52",2020,47,2020-11-18,6,NA,"Dengue"
"52",2020,48,2020-11-25,10,NA,"Dengue"
"52",2020,49,2020-12-02,14,NA,"Dengue"
"52",2020,50,2020-12-09,7,NA,"Dengue"
"52",2020,51,2020-12-16,2,NA,"Dengue"
"52",2020,52,2020-12-23,1,NA,"Dengue"
"52",2020,53,2020-12-30,6,NA,"Dengue"
"52",2021,1,2021-01-01,8,NA,"Dengue"
"52",2021,2,2021-01-08,15,NA,"Dengue"
"52",2021,3,2021-01-15,11,NA,"Dengue"
"52",2021,4,2021-01-22,9,NA,"Dengue"
"52",2021,5,2021-01-29,6,NA,"Dengue"
"52",2021,6,2021-02-05,11,NA,"Dengue"
"52",2021,7,2021-02-12,12,NA,"Dengue"
"52",2021,8,2021-02-19,9,NA,"Dengue"
"52",2021,9,2021-02-26,8,NA,"Dengue"
"52",2021,10,2021-03-05,9,NA,"Dengue"
"52",2021,11,2021-03-12,9,NA,"Dengue"
"52",2021,12,2021-03-19,12,NA,"Dengue"
"52",2021,13,2021-03-26,7,NA,"Dengue"
"52",2021,14,2021-04-02,7,NA,"Dengue"
"52",2021,15,2021-04-09,9,NA,"Dengue"
"52",2021,16,2021-04-16,8,NA,"Dengue"
"52",2021,17,2021-04-23,6,NA,"Dengue"
"52",2021,18,2021-04-30,7,NA,"Dengue"
"52",2021,19,2021-05-07,4,NA,"Dengue"
"52",2021,20,2021-05-14,15,NA,"Dengue"
"52",2021,21,2021-05-21,27,NA,"Dengue"
"52",2021,22,2021-05-28,35,NA,"Dengue"
"52",2021,23,2021-06-04,38,NA,"Dengue"
"52",2021,24,2021-06-11,41,NA,"Dengue"
"52",2021,25,2021-06-18,27,NA,"Dengue"
"52",2021,26,2021-06-25,19,NA,"Dengue"
"52",2021,27,2021-07-02,23,NA,"Dengue"
"52",2021,28,2021-07-09,9,NA,"Dengue"
"52",2021,29,2021-07-16,12,NA,"Dengue"
"52",2021,30,2021-07-23,14,NA,"Dengue"
"52",2021,31,2021-07-30,12,NA,"Dengue"
"52",2021,32,2021-08-06,10,NA,"Dengue"
"52",2021,33,2021-08-13,5,NA,"Dengue"
"52",2021,34,2021-08-20,10,NA,"Dengue"
"52",2021,35,2021-08-27,14,NA,"Dengue"
"52",2021,36,2021-09-03,14,NA,"Dengue"
"52",2021,37,2021-09-10,7,NA,"Dengue"
"52",2021,38,2021-09-17,13,NA,"Dengue"
"52",2021,39,2021-09-24,16,NA,"Dengue"
"52",2021,40,2021-10-01,14,NA,"Dengue"
"52",2021,41,2021-10-08,14,NA,"Dengue"
"52",2021,42,2021-10-15,20,NA,"Dengue"
"52",2021,43,2021-10-22,12,NA,"Dengue"
"52",2021,44,2021-10-29,10,NA,"Dengue"
"52",2021,45,2021-11-05,8,NA,"Dengue"
"52",2021,46,2021-11-12,6,NA,"Dengue"
"52",2021,47,2021-11-19,17,NA,"Dengue"
"52",2021,48,2021-11-26,17,NA,"Dengue"
"52",2021,49,2021-12-03,6,NA,"Dengue"
"52",2021,50,2021-12-10,6,NA,"Dengue"
"52",2021,51,2021-12-17,6,NA,"Dengue"
"52",2021,52,2021-12-24,10,NA,"Dengue"
"52",2022,1,2022-01-01,12,NA,"Dengue"
"52",2022,2,2022-01-08,9,NA,"Dengue"
"52",2022,3,2022-01-15,5,NA,"Dengue"
"52",2022,4,2022-01-22,9,NA,"Dengue"
"52",2022,5,2022-01-29,8,NA,"Dengue"
"52",2022,6,2022-02-05,9,NA,"Dengue"
"52",2022,7,2022-02-12,12,NA,"Dengue"
"52",2022,8,2022-02-19,18,NA,"Dengue"
"52",2022,9,2022-02-26,23,NA,"Dengue"
"52",2022,10,2022-03-05,9,NA,"Dengue"
"52",2022,11,2022-03-12,20,NA,"Dengue"
"52",2022,12,2022-03-19,12,NA,"Dengue"
"52",2022,13,2022-03-26,17,NA,"Dengue"
"52",2022,14,2022-04-02,13,NA,"Dengue"
"52",2022,15,2022-04-09,8,NA,"Dengue"
"52",2022,16,2022-04-16,15,NA,"Dengue"
"52",2022,17,2022-04-23,21,NA,"Dengue"
"52",2022,18,2022-04-30,7,NA,"Dengue"
"52",2022,19,2022-05-07,8,NA,"Dengue"
"52",2022,20,2022-05-14,16,NA,"Dengue"
"52",2022,21,2022-05-21,21,NA,"Dengue"
"52",2022,22,2022-05-28,17,NA,"Dengue"
"52",2022,23,2022-06-04,13,NA,"Dengue"
"52",2022,24,2022-06-11,16,NA,"Dengue"
"52",2022,25,2022-06-18,8,NA,"Dengue"
"52",2022,26,2022-06-25,10,NA,"Dengue"
"52",2022,27,2022-07-02,9,NA,"Dengue"
"52",2022,28,2022-07-09,4,NA,"Dengue"
"52",2022,29,2022-07-16,11,NA,"Dengue"
"52",2022,30,2022-07-23,9,NA,"Dengue"
"52",2022,31,2022-07-30,15,NA,"Dengue"
"52",2022,32,2022-08-06,5,NA,"Dengue"
"52",2022,33,2022-08-13,19,NA,"Dengue"
"52",2022,34,2022-08-20,16,NA,"Dengue"
"52",2022,35,2022-08-27,11,NA,"Dengue"
"52",2022,36,2022-09-03,13,NA,"Dengue"
"52",2022,37,2022-09-10,11,NA,"Dengue"
"52",2022,38,2022-09-17,16,NA,"Dengue"
"52",2022,39,2022-09-24,16,NA,"Dengue"
"52",2022,40,2022-10-01,22,NA,"Dengue"
"52",2022,41,2022-10-08,13,NA,"Dengue"
"52",2022,42,2022-10-15,10,NA,"Dengue"
"52",2022,43,2022-10-22,12,NA,"Dengue"
"52",2022,44,2022-10-29,14,NA,"Dengue"
"52",2022,45,2022-11-05,13,NA,"Dengue"
"52",2022,46,2022-11-12,15,NA,"Dengue"
"52",2022,47,2022-11-19,10,NA,"Dengue"
"52",2022,48,2022-11-26,9,NA,"Dengue"
"52",2022,49,2022-12-03,10,NA,"Dengue"
"52",2022,50,2022-12-10,5,NA,"Dengue"
"52",2022,51,2022-12-17,1,NA,"Dengue"
"52",2022,52,2022-12-24,6,NA,"Dengue"
"52",2023,1,2023-01-01,14,NA,"Dengue"
"52",2023,2,2023-01-08,15,NA,"Dengue"
"52",2023,3,2023-01-15,15,NA,"Dengue"
"52",2023,4,2023-01-22,21,NA,"Dengue"
"52",2023,5,2023-01-29,19,NA,"Dengue"
"52",2023,6,2023-02-05,28,NA,"Dengue"
"52",2023,7,2023-02-12,17,NA,"Dengue"
"52",2023,8,2023-02-19,20,NA,"Dengue"
"52",2023,9,2023-02-26,18,NA,"Dengue"
"52",2023,10,2023-03-05,16,NA,"Dengue"
"52",2023,11,2023-03-12,30,NA,"Dengue"
"52",2023,12,2023-03-19,28,NA,"Dengue"
"52",2023,13,2023-03-26,34,NA,"Dengue"
"52",2023,14,2023-04-02,19,NA,"Dengue"
"52",2023,15,2023-04-09,18,NA,"Dengue"
"52",2023,16,2023-04-16,34,NA,"Dengue"
"52",2023,17,2023-04-23,24,NA,"Dengue"
"52",2023,18,2023-04-30,39,NA,"Dengue"
"52",2023,19,2023-05-07,41,NA,"Dengue"
"52",2023,20,2023-05-14,27,NA,"Dengue"
"52",2023,21,2023-05-21,38,NA,"Dengue"
"52",2023,22,2023-05-28,48,NA,"Dengue"
"52",2023,23,2023-06-04,47,NA,"Dengue"
"52",2023,24,2023-06-11,48,NA,"Dengue"
"52",2023,25,2023-06-18,38,NA,"Dengue"
"52",2023,26,2023-06-25,34,NA,"Dengue"
"52",2023,27,2023-07-02,42,NA,"Dengue"
"52",2023,28,2023-07-09,33,NA,"Dengue"
"52",2023,29,2023-07-16,43,NA,"Dengue"
"52",2023,30,2023-07-23,36,NA,"Dengue"
"52",2023,31,2023-07-30,30,NA,"Dengue"
"52",2023,32,2023-08-06,30,NA,"Dengue"
"52",2023,33,2023-08-13,39,NA,"Dengue"
"52",2023,34,2023-08-20,43,NA,"Dengue"
"52",2023,35,2023-08-27,42,NA,"Dengue"
"52",2023,36,2023-09-03,47,NA,"Dengue"
"52",2023,37,2023-09-10,51,NA,"Dengue"
"52",2023,38,2023-09-17,71,NA,"Dengue"
"52",2023,39,2023-09-24,52,NA,"Dengue"
"52",2023,40,2023-10-01,47,NA,"Dengue"
"52",2023,41,2023-10-08,45,NA,"Dengue"
"52",2023,42,2023-10-15,71,NA,"Dengue"
"52",2023,43,2023-10-22,71,NA,"Dengue"
"52",2023,44,2023-10-29,72,NA,"Dengue"
"52",2023,45,2023-11-05,71,NA,"Dengue"
"52",2023,46,2023-11-12,81,NA,"Dengue"
"52",2023,47,2023-11-19,78,NA,"Dengue"
"52",2023,48,2023-11-26,78,NA,"Dengue"
"52",2023,49,2023-12-03,104,NA,"Dengue"
"52",2023,50,2023-12-10,104,NA,"Dengue"
"52",2023,51,2023-12-17,48,NA,"Dengue"
"52",2023,52,2023-12-24,43,NA,"Dengue"
"52",2024,1,2024-01-01,64,NA,"Dengue"
"52",2024,2,2024-01-08,83,NA,"Dengue"
"52",2024,3,2024-01-15,91,NA,"Dengue"
"52",2024,4,2024-01-22,72,NA,"Dengue"
"52",2024,5,2024-01-29,78,NA,"Dengue"
"52",2024,6,2024-02-05,117,NA,"Dengue"
"52",2024,7,2024-02-12,149,NA,"Dengue"
"52",2024,8,2024-02-19,132,NA,"Dengue"
"52",2024,9,2024-02-26,118,NA,"Dengue"
"52",2024,10,2024-03-04,112,NA,"Dengue"
"52",2024,11,2024-03-11,121,NA,"Dengue"
"52",2024,12,2024-03-18,111,NA,"Dengue"
"52",2024,13,2024-03-25,72,NA,"Dengue"
"52",2024,14,2024-04-01,89,NA,"Dengue"
"52",2024,15,2024-04-08,73,NA,"Dengue"
"52",2024,16,2024-04-15,90,NA,"Dengue"
"52",2024,17,2024-04-22,97,NA,"Dengue"
"52",2024,18,2024-04-29,84,NA,"Dengue"
"52",2024,19,2024-05-06,77,NA,"Dengue"
"52",2024,20,2024-05-13,70,NA,"Dengue"
"52",2024,21,2024-05-20,119,NA,"Dengue"
"52",2024,22,2024-05-27,96,NA,"Dengue"
"52",2024,23,2024-06-03,83,NA,"Dengue"
"52",2024,24,2024-06-10,96,NA,"Dengue"
"52",2024,25,2024-06-17,86,NA,"Dengue"
"52",2024,26,2024-06-24,69,NA,"Dengue"
"52",2024,27,2024-07-01,62,NA,"Dengue"
"52",2024,28,2024-07-08,32,NA,"Dengue"
"52",2024,29,2024-07-15,51,NA,"Dengue"
"52",2024,30,2024-07-22,50,NA,"Dengue"
"52",2024,31,2024-07-29,32,NA,"Dengue"
"52",2024,32,2024-08-05,41,NA,"Dengue"
"52",2024,33,2024-08-12,32,NA,"Dengue"
"52",2024,34,2024-08-19,41,NA,"Dengue"
"52",2024,35,2024-08-26,45,NA,"Dengue"
"52",2024,36,2024-09-02,29,NA,"Dengue"
"52",2024,37,2024-09-09,39,NA,"Dengue"
"52",2024,38,2024-09-16,26,NA,"Dengue"
"52",2024,39,2024-09-23,22,NA,"Dengue"
"52",2024,40,2024-09-30,29,NA,"Dengue"
"52",2024,41,2024-10-07,24,NA,"Dengue"
"52",2024,42,2024-10-14,40,NA,"Dengue"
"52",2024,43,2024-10-21,20,NA,"Dengue"
"52",2024,44,2024-10-28,24,NA,"Dengue"
"52",2024,45,2024-11-04,25,NA,"Dengue"
"52",2024,46,2024-11-11,34,NA,"Dengue"
"52",2024,47,2024-11-18,31,NA,"Dengue"
"52",2024,48,2024-11-25,27,NA,"Dengue"
"52",2024,49,2024-12-02,49,NA,"Dengue"
"52",2024,50,2024-12-09,38,NA,"Dengue"
"52",2024,51,2024-12-16,41,NA,"Dengue"
"52",2024,52,2024-12-23,21,NA,"Dengue"
"52",2025,1,2025-01-01,30,NA,"Dengue"
"52",2025,2,2025-01-08,24,NA,"Dengue"
"52",2025,3,2025-01-15,26,NA,"Dengue"
"52",2025,4,2025-01-22,25,NA,"Dengue"
"52",2025,5,2025-01-29,26,NA,"Dengue"
"52",2025,6,2025-02-05,31,NA,"Dengue"
"52",2025,7,2025-02-12,21,NA,"Dengue"
"52",2025,8,2025-02-19,26,NA,"Dengue"
"52",2025,9,2025-02-26,24,NA,"Dengue"
"52",2025,10,2025-03-05,33,NA,"Dengue"
"52",2025,11,2025-03-12,50,NA,"Dengue"
"52",2025,12,2025-03-19,48,NA,"Dengue"
"52",2025,13,2025-03-26,32,NA,"Dengue"
"52",2025,14,2025-04-02,23,NA,"Dengue"
"52",2025,15,2025-04-09,40,NA,"Dengue"
"52",2025,16,2025-04-16,39,NA,"Dengue"
"52",2025,17,2025-04-23,31,NA,"Dengue"
"52",2025,18,2025-04-30,23,NA,"Dengue"
"52",2025,19,2025-05-07,28,NA,"Dengue"
"52",2025,20,2025-05-14,26,NA,"Dengue"
"52",2025,21,2025-05-21,23,NA,"Dengue"
"52",2025,22,2025-05-28,17,NA,"Dengue"
"52",2025,23,2025-06-04,23,NA,"Dengue"
"52",2025,24,2025-06-11,18,NA,"Dengue"
"52",2025,25,2025-06-18,21,NA,"Dengue"
"52",2025,26,2025-06-25,10,NA,"Dengue"
"52",2025,27,2025-07-02,23,NA,"Dengue"
"52",2025,28,2025-07-09,28,NA,"Dengue"
"52",2025,29,2025-07-16,24,NA,"Dengue"
"52",2025,30,2025-07-23,26,NA,"Dengue"
"52",2025,31,2025-07-30,21,NA,"Dengue"
"52",2025,32,2025-08-06,18,NA,"Dengue"
"52",2025,33,2025-08-13,23,NA,"Dengue"
"52",2025,34,2025-08-20,13,NA,"Dengue"
"52",2025,35,2025-08-27,18,NA,"Dengue"
"52",2025,36,2025-09-03,23,NA,"Dengue"
"52",2025,37,2025-09-10,18,NA,"Dengue"
"52",2025,38,2025-09-17,13,NA,"Dengue"
"52",2025,39,2025-09-24,11,NA,"Dengue"
"52",2025,40,2025-10-01,16,NA,"Dengue"
"52",2025,41,2025-10-08,9,NA,"Dengue"
"52",2025,42,2025-10-15,11,NA,"Dengue"
"52",2025,43,2025-10-22,16,NA,"Dengue"
"52",2025,44,2025-10-29,22,NA,"Dengue"
"52",2025,45,2025-11-05,15,NA,"Dengue"
"52",2025,46,2025-11-12,13,NA,"Dengue"
"52",2025,47,2025-11-19,12,NA,"Dengue"
"52",2025,48,2025-11-26,9,NA,"Dengue"
"52",2025,49,2025-12-03,18,NA,"Dengue"
"52",2025,50,2025-12-10,5,NA,"Dengue"
"52",2025,51,2025-12-17,12,NA,"Dengue"
"52",2025,52,2025-12-24,8,NA,"Dengue"
"52",2025,53,2025-12-31,5,NA,"Dengue"
"54",2020,1,2020-01-01,72,NA,"Dengue"
"54",2020,2,2020-01-08,60,NA,"Dengue"
"54",2020,3,2020-01-15,51,NA,"Dengue"
"54",2020,4,2020-01-22,56,NA,"Dengue"
"54",2020,5,2020-01-29,48,NA,"Dengue"
"54",2020,6,2020-02-05,54,NA,"Dengue"
"54",2020,7,2020-02-12,41,NA,"Dengue"
"54",2020,8,2020-02-19,47,NA,"Dengue"
"54",2020,9,2020-02-26,47,NA,"Dengue"
"54",2020,10,2020-03-04,36,NA,"Dengue"
"54",2020,11,2020-03-11,38,NA,"Dengue"
"54",2020,12,2020-03-18,13,NA,"Dengue"
"54",2020,13,2020-03-25,19,NA,"Dengue"
"54",2020,14,2020-04-01,22,NA,"Dengue"
"54",2020,15,2020-04-08,27,NA,"Dengue"
"54",2020,16,2020-04-15,14,NA,"Dengue"
"54",2020,17,2020-04-22,19,NA,"Dengue"
"54",2020,18,2020-04-29,16,NA,"Dengue"
"54",2020,19,2020-05-06,22,NA,"Dengue"
"54",2020,20,2020-05-13,22,NA,"Dengue"
"54",2020,21,2020-05-20,24,NA,"Dengue"
"54",2020,22,2020-05-27,22,NA,"Dengue"
"54",2020,23,2020-06-03,21,NA,"Dengue"
"54",2020,24,2020-06-10,14,NA,"Dengue"
"54",2020,25,2020-06-17,13,NA,"Dengue"
"54",2020,26,2020-06-24,18,NA,"Dengue"
"54",2020,27,2020-07-01,29,NA,"Dengue"
"54",2020,28,2020-07-08,21,NA,"Dengue"
"54",2020,29,2020-07-15,20,NA,"Dengue"
"54",2020,30,2020-07-22,16,NA,"Dengue"
"54",2020,31,2020-07-29,5,NA,"Dengue"
"54",2020,32,2020-08-05,13,NA,"Dengue"
"54",2020,33,2020-08-12,6,NA,"Dengue"
"54",2020,34,2020-08-19,8,NA,"Dengue"
"54",2020,35,2020-08-26,11,NA,"Dengue"
"54",2020,36,2020-09-02,6,NA,"Dengue"
"54",2020,37,2020-09-09,21,NA,"Dengue"
"54",2020,38,2020-09-16,15,NA,"Dengue"
"54",2020,39,2020-09-23,10,NA,"Dengue"
"54",2020,40,2020-09-30,8,NA,"Dengue"
"54",2020,41,2020-10-07,21,NA,"Dengue"
"54",2020,42,2020-10-14,17,NA,"Dengue"
"54",2020,43,2020-10-21,18,NA,"Dengue"
"54",2020,44,2020-10-28,14,NA,"Dengue"
"54",2020,45,2020-11-04,21,NA,"Dengue"
"54",2020,46,2020-11-11,11,NA,"Dengue"
"54",2020,47,2020-11-18,12,NA,"Dengue"
"54",2020,48,2020-11-25,17,NA,"Dengue"
"54",2020,49,2020-12-02,12,NA,"Dengue"
"54",2020,50,2020-12-09,12,NA,"Dengue"
"54",2020,51,2020-12-16,10,NA,"Dengue"
"54",2020,52,2020-12-23,12,NA,"Dengue"
"54",2020,53,2020-12-30,18,NA,"Dengue"
"54",2021,1,2021-01-01,11,NA,"Dengue"
"54",2021,2,2021-01-08,12,NA,"Dengue"
"54",2021,3,2021-01-15,18,NA,"Dengue"
"54",2021,4,2021-01-22,14,NA,"Dengue"
"54",2021,5,2021-01-29,14,NA,"Dengue"
"54",2021,6,2021-02-05,16,NA,"Dengue"
"54",2021,7,2021-02-12,27,NA,"Dengue"
"54",2021,8,2021-02-19,18,NA,"Dengue"
"54",2021,9,2021-02-26,28,NA,"Dengue"
"54",2021,10,2021-03-05,19,NA,"Dengue"
"54",2021,11,2021-03-12,20,NA,"Dengue"
"54",2021,12,2021-03-19,22,NA,"Dengue"
"54",2021,13,2021-03-26,22,NA,"Dengue"
"54",2021,14,2021-04-02,30,NA,"Dengue"
"54",2021,15,2021-04-09,29,NA,"Dengue"
"54",2021,16,2021-04-16,23,NA,"Dengue"
"54",2021,17,2021-04-23,24,NA,"Dengue"
"54",2021,18,2021-04-30,19,NA,"Dengue"
"54",2021,19,2021-05-07,35,NA,"Dengue"
"54",2021,20,2021-05-14,31,NA,"Dengue"
"54",2021,21,2021-05-21,28,NA,"Dengue"
"54",2021,22,2021-05-28,40,NA,"Dengue"
"54",2021,23,2021-06-04,38,NA,"Dengue"
"54",2021,24,2021-06-11,27,NA,"Dengue"
"54",2021,25,2021-06-18,31,NA,"Dengue"
"54",2021,26,2021-06-25,50,NA,"Dengue"
"54",2021,27,2021-07-02,41,NA,"Dengue"
"54",2021,28,2021-07-09,63,NA,"Dengue"
"54",2021,29,2021-07-16,58,NA,"Dengue"
"54",2021,30,2021-07-23,64,NA,"Dengue"
"54",2021,31,2021-07-30,47,NA,"Dengue"
"54",2021,32,2021-08-06,60,NA,"Dengue"
"54",2021,33,2021-08-13,62,NA,"Dengue"
"54",2021,34,2021-08-20,71,NA,"Dengue"
"54",2021,35,2021-08-27,79,NA,"Dengue"
"54",2021,36,2021-09-03,70,NA,"Dengue"
"54",2021,37,2021-09-10,70,NA,"Dengue"
"54",2021,38,2021-09-17,76,NA,"Dengue"
"54",2021,39,2021-09-24,111,NA,"Dengue"
"54",2021,40,2021-10-01,86,NA,"Dengue"
"54",2021,41,2021-10-08,88,NA,"Dengue"
"54",2021,42,2021-10-15,122,NA,"Dengue"
"54",2021,43,2021-10-22,93,NA,"Dengue"
"54",2021,44,2021-10-29,116,NA,"Dengue"
"54",2021,45,2021-11-05,108,NA,"Dengue"
"54",2021,46,2021-11-12,135,NA,"Dengue"
"54",2021,47,2021-11-19,120,NA,"Dengue"
"54",2021,48,2021-11-26,78,NA,"Dengue"
"54",2021,49,2021-12-03,101,NA,"Dengue"
"54",2021,50,2021-12-10,108,NA,"Dengue"
"54",2021,51,2021-12-17,92,NA,"Dengue"
"54",2021,52,2021-12-24,81,NA,"Dengue"
"54",2022,1,2022-01-01,68,NA,"Dengue"
"54",2022,2,2022-01-08,66,NA,"Dengue"
"54",2022,3,2022-01-15,59,NA,"Dengue"
"54",2022,4,2022-01-22,56,NA,"Dengue"
"54",2022,5,2022-01-29,53,NA,"Dengue"
"54",2022,6,2022-02-05,50,NA,"Dengue"
"54",2022,7,2022-02-12,48,NA,"Dengue"
"54",2022,8,2022-02-19,30,NA,"Dengue"
"54",2022,9,2022-02-26,34,NA,"Dengue"
"54",2022,10,2022-03-05,51,NA,"Dengue"
"54",2022,11,2022-03-12,42,NA,"Dengue"
"54",2022,12,2022-03-19,40,NA,"Dengue"
"54",2022,13,2022-03-26,44,NA,"Dengue"
"54",2022,14,2022-04-02,46,NA,"Dengue"
"54",2022,15,2022-04-09,45,NA,"Dengue"
"54",2022,16,2022-04-16,61,NA,"Dengue"
"54",2022,17,2022-04-23,53,NA,"Dengue"
"54",2022,18,2022-04-30,44,NA,"Dengue"
"54",2022,19,2022-05-07,45,NA,"Dengue"
"54",2022,20,2022-05-14,49,NA,"Dengue"
"54",2022,21,2022-05-21,47,NA,"Dengue"
"54",2022,22,2022-05-28,58,NA,"Dengue"
"54",2022,23,2022-06-04,45,NA,"Dengue"
"54",2022,24,2022-06-11,56,NA,"Dengue"
"54",2022,25,2022-06-18,43,NA,"Dengue"
"54",2022,26,2022-06-25,37,NA,"Dengue"
"54",2022,27,2022-07-02,29,NA,"Dengue"
"54",2022,28,2022-07-09,59,NA,"Dengue"
"54",2022,29,2022-07-16,63,NA,"Dengue"
"54",2022,30,2022-07-23,43,NA,"Dengue"
"54",2022,31,2022-07-30,64,NA,"Dengue"
"54",2022,32,2022-08-06,57,NA,"Dengue"
"54",2022,33,2022-08-13,59,NA,"Dengue"
"54",2022,34,2022-08-20,54,NA,"Dengue"
"54",2022,35,2022-08-27,46,NA,"Dengue"
"54",2022,36,2022-09-03,58,NA,"Dengue"
"54",2022,37,2022-09-10,46,NA,"Dengue"
"54",2022,38,2022-09-17,35,NA,"Dengue"
"54",2022,39,2022-09-24,62,NA,"Dengue"
"54",2022,40,2022-10-01,48,NA,"Dengue"
"54",2022,41,2022-10-08,48,NA,"Dengue"
"54",2022,42,2022-10-15,43,NA,"Dengue"
"54",2022,43,2022-10-22,34,NA,"Dengue"
"54",2022,44,2022-10-29,43,NA,"Dengue"
"54",2022,45,2022-11-05,45,NA,"Dengue"
"54",2022,46,2022-11-12,44,NA,"Dengue"
"54",2022,47,2022-11-19,43,NA,"Dengue"
"54",2022,48,2022-11-26,48,NA,"Dengue"
"54",2022,49,2022-12-03,50,NA,"Dengue"
"54",2022,50,2022-12-10,27,NA,"Dengue"
"54",2022,51,2022-12-17,45,NA,"Dengue"
"54",2022,52,2022-12-24,49,NA,"Dengue"
"54",2023,1,2023-01-01,43,NA,"Dengue"
"54",2023,2,2023-01-08,43,NA,"Dengue"
"54",2023,3,2023-01-15,48,NA,"Dengue"
"54",2023,4,2023-01-22,41,NA,"Dengue"
"54",2023,5,2023-01-29,58,NA,"Dengue"
"54",2023,6,2023-02-05,51,NA,"Dengue"
"54",2023,7,2023-02-12,30,NA,"Dengue"
"54",2023,8,2023-02-19,38,NA,"Dengue"
"54",2023,9,2023-02-26,38,NA,"Dengue"
"54",2023,10,2023-03-05,43,NA,"Dengue"
"54",2023,11,2023-03-12,48,NA,"Dengue"
"54",2023,12,2023-03-19,49,NA,"Dengue"
"54",2023,13,2023-03-26,68,NA,"Dengue"
"54",2023,14,2023-04-02,49,NA,"Dengue"
"54",2023,15,2023-04-09,59,NA,"Dengue"
"54",2023,16,2023-04-16,56,NA,"Dengue"
"54",2023,17,2023-04-23,61,NA,"Dengue"
"54",2023,18,2023-04-30,56,NA,"Dengue"
"54",2023,19,2023-05-07,57,NA,"Dengue"
"54",2023,20,2023-05-14,50,NA,"Dengue"
"54",2023,21,2023-05-21,45,NA,"Dengue"
"54",2023,22,2023-05-28,37,NA,"Dengue"
"54",2023,23,2023-06-04,45,NA,"Dengue"
"54",2023,24,2023-06-11,48,NA,"Dengue"
"54",2023,25,2023-06-18,56,NA,"Dengue"
"54",2023,26,2023-06-25,60,NA,"Dengue"
"54",2023,27,2023-07-02,63,NA,"Dengue"
"54",2023,28,2023-07-09,85,NA,"Dengue"
"54",2023,29,2023-07-16,66,NA,"Dengue"
"54",2023,30,2023-07-23,78,NA,"Dengue"
"54",2023,31,2023-07-30,83,NA,"Dengue"
"54",2023,32,2023-08-06,80,NA,"Dengue"
"54",2023,33,2023-08-13,84,NA,"Dengue"
"54",2023,34,2023-08-20,93,NA,"Dengue"
"54",2023,35,2023-08-27,107,NA,"Dengue"
"54",2023,36,2023-09-03,118,NA,"Dengue"
"54",2023,37,2023-09-10,117,NA,"Dengue"
"54",2023,38,2023-09-17,106,NA,"Dengue"
"54",2023,39,2023-09-24,88,NA,"Dengue"
"54",2023,40,2023-10-01,97,NA,"Dengue"
"54",2023,41,2023-10-08,116,NA,"Dengue"
"54",2023,42,2023-10-15,135,NA,"Dengue"
"54",2023,43,2023-10-22,128,NA,"Dengue"
"54",2023,44,2023-10-29,110,NA,"Dengue"
"54",2023,45,2023-11-05,132,NA,"Dengue"
"54",2023,46,2023-11-12,136,NA,"Dengue"
"54",2023,47,2023-11-19,159,NA,"Dengue"
"54",2023,48,2023-11-26,137,NA,"Dengue"
"54",2023,49,2023-12-03,142,NA,"Dengue"
"54",2023,50,2023-12-10,171,NA,"Dengue"
"54",2023,51,2023-12-17,208,NA,"Dengue"
"54",2023,52,2023-12-24,181,NA,"Dengue"
"54",2024,1,2024-01-01,167,NA,"Dengue"
"54",2024,2,2024-01-08,158,NA,"Dengue"
"54",2024,3,2024-01-15,188,NA,"Dengue"
"54",2024,4,2024-01-22,195,NA,"Dengue"
"54",2024,5,2024-01-29,190,NA,"Dengue"
"54",2024,6,2024-02-05,219,NA,"Dengue"
"54",2024,7,2024-02-12,212,NA,"Dengue"
"54",2024,8,2024-02-19,236,NA,"Dengue"
"54",2024,9,2024-02-26,262,NA,"Dengue"
"54",2024,10,2024-03-04,239,NA,"Dengue"
"54",2024,11,2024-03-11,250,NA,"Dengue"
"54",2024,12,2024-03-18,221,NA,"Dengue"
"54",2024,13,2024-03-25,189,NA,"Dengue"
"54",2024,14,2024-04-01,170,NA,"Dengue"
"54",2024,15,2024-04-08,175,NA,"Dengue"
"54",2024,16,2024-04-15,191,NA,"Dengue"
"54",2024,17,2024-04-22,200,NA,"Dengue"
"54",2024,18,2024-04-29,200,NA,"Dengue"
"54",2024,19,2024-05-06,218,NA,"Dengue"
"54",2024,20,2024-05-13,201,NA,"Dengue"
"54",2024,21,2024-05-20,214,NA,"Dengue"
"54",2024,22,2024-05-27,193,NA,"Dengue"
"54",2024,23,2024-06-03,177,NA,"Dengue"
"54",2024,24,2024-06-10,176,NA,"Dengue"
"54",2024,25,2024-06-17,164,NA,"Dengue"
"54",2024,26,2024-06-24,154,NA,"Dengue"
"54",2024,27,2024-07-01,156,NA,"Dengue"
"54",2024,28,2024-07-08,161,NA,"Dengue"
"54",2024,29,2024-07-15,133,NA,"Dengue"
"54",2024,30,2024-07-22,141,NA,"Dengue"
"54",2024,31,2024-07-29,142,NA,"Dengue"
"54",2024,32,2024-08-05,128,NA,"Dengue"
"54",2024,33,2024-08-12,109,NA,"Dengue"
"54",2024,34,2024-08-19,107,NA,"Dengue"
"54",2024,35,2024-08-26,98,NA,"Dengue"
"54",2024,36,2024-09-02,107,NA,"Dengue"
"54",2024,37,2024-09-09,85,NA,"Dengue"
"54",2024,38,2024-09-16,91,NA,"Dengue"
"54",2024,39,2024-09-23,90,NA,"Dengue"
"54",2024,40,2024-09-30,84,NA,"Dengue"
"54",2024,41,2024-10-07,99,NA,"Dengue"
"54",2024,42,2024-10-14,99,NA,"Dengue"
"54",2024,43,2024-10-21,118,NA,"Dengue"
"54",2024,44,2024-10-28,111,NA,"Dengue"
"54",2024,45,2024-11-04,121,NA,"Dengue"
"54",2024,46,2024-11-11,116,NA,"Dengue"
"54",2024,47,2024-11-18,129,NA,"Dengue"
"54",2024,48,2024-11-25,138,NA,"Dengue"
"54",2024,49,2024-12-02,155,NA,"Dengue"
"54",2024,50,2024-12-09,167,NA,"Dengue"
"54",2024,51,2024-12-16,153,NA,"Dengue"
"54",2024,52,2024-12-23,164,NA,"Dengue"
"54",2025,1,2025-01-01,150,NA,"Dengue"
"54",2025,2,2025-01-08,178,NA,"Dengue"
"54",2025,3,2025-01-15,136,NA,"Dengue"
"54",2025,4,2025-01-22,184,NA,"Dengue"
"54",2025,5,2025-01-29,155,NA,"Dengue"
"54",2025,6,2025-02-05,185,NA,"Dengue"
"54",2025,7,2025-02-12,178,NA,"Dengue"
"54",2025,8,2025-02-19,161,NA,"Dengue"
"54",2025,9,2025-02-26,178,NA,"Dengue"
"54",2025,10,2025-03-05,211,NA,"Dengue"
"54",2025,11,2025-03-12,166,NA,"Dengue"
"54",2025,12,2025-03-19,160,NA,"Dengue"
"54",2025,13,2025-03-26,156,NA,"Dengue"
"54",2025,14,2025-04-02,170,NA,"Dengue"
"54",2025,15,2025-04-09,169,NA,"Dengue"
"54",2025,16,2025-04-16,190,NA,"Dengue"
"54",2025,17,2025-04-23,138,NA,"Dengue"
"54",2025,18,2025-04-30,166,NA,"Dengue"
"54",2025,19,2025-05-07,184,NA,"Dengue"
"54",2025,20,2025-05-14,180,NA,"Dengue"
"54",2025,21,2025-05-21,241,NA,"Dengue"
"54",2025,22,2025-05-28,225,NA,"Dengue"
"54",2025,23,2025-06-04,211,NA,"Dengue"
"54",2025,24,2025-06-11,208,NA,"Dengue"
"54",2025,25,2025-06-18,207,NA,"Dengue"
"54",2025,26,2025-06-25,199,NA,"Dengue"
"54",2025,27,2025-07-02,187,NA,"Dengue"
"54",2025,28,2025-07-09,234,NA,"Dengue"
"54",2025,29,2025-07-16,221,NA,"Dengue"
"54",2025,30,2025-07-23,211,NA,"Dengue"
"54",2025,31,2025-07-30,183,NA,"Dengue"
"54",2025,32,2025-08-06,148,NA,"Dengue"
"54",2025,33,2025-08-13,139,NA,"Dengue"
"54",2025,34,2025-08-20,127,NA,"Dengue"
"54",2025,35,2025-08-27,139,NA,"Dengue"
"54",2025,36,2025-09-03,121,NA,"Dengue"
"54",2025,37,2025-09-10,157,NA,"Dengue"
"54",2025,38,2025-09-17,126,NA,"Dengue"
"54",2025,39,2025-09-24,143,NA,"Dengue"
"54",2025,40,2025-10-01,100,NA,"Dengue"
"54",2025,41,2025-10-08,113,NA,"Dengue"
"54",2025,42,2025-10-15,92,NA,"Dengue"
"54",2025,43,2025-10-22,108,NA,"Dengue"
"54",2025,44,2025-10-29,136,NA,"Dengue"
"54",2025,45,2025-11-05,135,NA,"Dengue"
"54",2025,46,2025-11-12,130,NA,"Dengue"
"54",2025,47,2025-11-19,124,NA,"Dengue"
"54",2025,48,2025-11-26,114,NA,"Dengue"
"54",2025,49,2025-12-03,106,NA,"Dengue"
"54",2025,50,2025-12-10,118,NA,"Dengue"
"54",2025,51,2025-12-17,95,NA,"Dengue"
"54",2025,52,2025-12-24,101,NA,"Dengue"
"54",2025,53,2025-12-31,121,NA,"Dengue"
"63",2020,1,2020-01-01,24,NA,"Dengue"
"63",2020,2,2020-01-08,22,NA,"Dengue"
"63",2020,3,2020-01-15,13,NA,"Dengue"
"63",2020,4,2020-01-22,18,NA,"Dengue"
"63",2020,5,2020-01-29,17,NA,"Dengue"
"63",2020,6,2020-02-05,18,NA,"Dengue"
"63",2020,7,2020-02-12,17,NA,"Dengue"
"63",2020,8,2020-02-19,12,NA,"Dengue"
"63",2020,9,2020-02-26,22,NA,"Dengue"
"63",2020,10,2020-03-04,16,NA,"Dengue"
"63",2020,11,2020-03-11,14,NA,"Dengue"
"63",2020,12,2020-03-18,11,NA,"Dengue"
"63",2020,13,2020-03-25,6,NA,"Dengue"
"63",2020,14,2020-04-01,4,NA,"Dengue"
"63",2020,15,2020-04-08,5,NA,"Dengue"
"63",2020,16,2020-04-15,10,NA,"Dengue"
"63",2020,17,2020-04-22,6,NA,"Dengue"
"63",2020,18,2020-04-29,5,NA,"Dengue"
"63",2020,19,2020-05-06,14,NA,"Dengue"
"63",2020,20,2020-05-13,11,NA,"Dengue"
"63",2020,21,2020-05-20,12,NA,"Dengue"
"63",2020,22,2020-05-27,4,NA,"Dengue"
"63",2020,23,2020-06-03,10,NA,"Dengue"
"63",2020,24,2020-06-10,9,NA,"Dengue"
"63",2020,25,2020-06-17,10,NA,"Dengue"
"63",2020,26,2020-06-24,10,NA,"Dengue"
"63",2020,27,2020-07-01,12,NA,"Dengue"
"63",2020,28,2020-07-08,7,NA,"Dengue"
"63",2020,29,2020-07-15,11,NA,"Dengue"
"63",2020,30,2020-07-22,7,NA,"Dengue"
"63",2020,31,2020-07-29,5,NA,"Dengue"
"63",2020,32,2020-08-05,15,NA,"Dengue"
"63",2020,33,2020-08-12,8,NA,"Dengue"
"63",2020,34,2020-08-19,9,NA,"Dengue"
"63",2020,35,2020-08-26,15,NA,"Dengue"
"63",2020,36,2020-09-02,10,NA,"Dengue"
"63",2020,37,2020-09-09,10,NA,"Dengue"
"63",2020,38,2020-09-16,10,NA,"Dengue"
"63",2020,39,2020-09-23,5,NA,"Dengue"
"63",2020,40,2020-09-30,9,NA,"Dengue"
"63",2020,41,2020-10-07,5,NA,"Dengue"
"63",2020,42,2020-10-14,6,NA,"Dengue"
"63",2020,43,2020-10-21,9,NA,"Dengue"
"63",2020,44,2020-10-28,9,NA,"Dengue"
"63",2020,45,2020-11-04,7,NA,"Dengue"
"63",2020,46,2020-11-11,3,NA,"Dengue"
"63",2020,47,2020-11-18,7,NA,"Dengue"
"63",2020,48,2020-11-25,7,NA,"Dengue"
"63",2020,49,2020-12-02,7,NA,"Dengue"
"63",2020,50,2020-12-09,8,NA,"Dengue"
"63",2020,51,2020-12-16,4,NA,"Dengue"
"63",2020,52,2020-12-23,2,NA,"Dengue"
"63",2020,53,2020-12-30,1,NA,"Dengue"
"63",2021,1,2021-01-01,1,NA,"Dengue"
"63",2021,2,2021-01-08,5,NA,"Dengue"
"63",2021,3,2021-01-15,1,NA,"Dengue"
"63",2021,4,2021-01-22,1,NA,"Dengue"
"63",2021,5,2021-01-29,6,NA,"Dengue"
"63",2021,6,2021-02-05,4,NA,"Dengue"
"63",2021,7,2021-02-12,5,NA,"Dengue"
"63",2021,8,2021-02-19,1,NA,"Dengue"
"63",2021,9,2021-02-26,3,NA,"Dengue"
"63",2021,10,2021-03-05,3,NA,"Dengue"
"63",2021,11,2021-03-12,2,NA,"Dengue"
"63",2021,12,2021-03-19,2,NA,"Dengue"
"63",2021,13,2021-03-26,3,NA,"Dengue"
"63",2021,14,2021-04-02,2,NA,"Dengue"
"63",2021,16,2021-04-16,4,NA,"Dengue"
"63",2021,17,2021-04-23,1,NA,"Dengue"
"63",2021,18,2021-04-30,6,NA,"Dengue"
"63",2021,19,2021-05-07,3,NA,"Dengue"
"63",2021,20,2021-05-14,2,NA,"Dengue"
"63",2021,21,2021-05-21,2,NA,"Dengue"
"63",2021,22,2021-05-28,4,NA,"Dengue"
"63",2021,23,2021-06-04,5,NA,"Dengue"
"63",2021,25,2021-06-18,5,NA,"Dengue"
"63",2021,26,2021-06-25,5,NA,"Dengue"
"63",2021,27,2021-07-02,5,NA,"Dengue"
"63",2021,28,2021-07-09,6,NA,"Dengue"
"63",2021,29,2021-07-16,5,NA,"Dengue"
"63",2021,30,2021-07-23,1,NA,"Dengue"
"63",2021,31,2021-07-30,5,NA,"Dengue"
"63",2021,32,2021-08-06,1,NA,"Dengue"
"63",2021,33,2021-08-13,1,NA,"Dengue"
"63",2021,35,2021-08-27,4,NA,"Dengue"
"63",2021,36,2021-09-03,2,NA,"Dengue"
"63",2021,37,2021-09-10,1,NA,"Dengue"
"63",2021,38,2021-09-17,2,NA,"Dengue"
"63",2021,39,2021-09-24,2,NA,"Dengue"
"63",2021,40,2021-10-01,3,NA,"Dengue"
"63",2021,41,2021-10-08,1,NA,"Dengue"
"63",2021,42,2021-10-15,2,NA,"Dengue"
"63",2021,43,2021-10-22,4,NA,"Dengue"
"63",2021,44,2021-10-29,1,NA,"Dengue"
"63",2021,45,2021-11-05,3,NA,"Dengue"
"63",2021,46,2021-11-12,2,NA,"Dengue"
"63",2021,47,2021-11-19,5,NA,"Dengue"
"63",2021,48,2021-11-26,3,NA,"Dengue"
"63",2021,49,2021-12-03,2,NA,"Dengue"
"63",2021,50,2021-12-10,1,NA,"Dengue"
"63",2021,51,2021-12-17,1,NA,"Dengue"
"63",2021,52,2021-12-24,5,NA,"Dengue"
"63",2022,1,2022-01-01,3,NA,"Dengue"
"63",2022,2,2022-01-08,1,NA,"Dengue"
"63",2022,6,2022-02-05,2,NA,"Dengue"
"63",2022,7,2022-02-12,2,NA,"Dengue"
"63",2022,8,2022-02-19,1,NA,"Dengue"
"63",2022,11,2022-03-12,2,NA,"Dengue"
"63",2022,12,2022-03-19,1,NA,"Dengue"
"63",2022,13,2022-03-26,1,NA,"Dengue"
"63",2022,15,2022-04-09,1,NA,"Dengue"
"63",2022,16,2022-04-16,1,NA,"Dengue"
"63",2022,17,2022-04-23,3,NA,"Dengue"
"63",2022,18,2022-04-30,4,NA,"Dengue"
"63",2022,19,2022-05-07,2,NA,"Dengue"
"63",2022,23,2022-06-04,2,NA,"Dengue"
"63",2022,25,2022-06-18,2,NA,"Dengue"
"63",2022,26,2022-06-25,2,NA,"Dengue"
"63",2022,27,2022-07-02,3,NA,"Dengue"
"63",2022,29,2022-07-16,3,NA,"Dengue"
"63",2022,31,2022-07-30,4,NA,"Dengue"
"63",2022,34,2022-08-20,3,NA,"Dengue"
"63",2022,35,2022-08-27,1,NA,"Dengue"
"63",2022,36,2022-09-03,2,NA,"Dengue"
"63",2022,38,2022-09-17,1,NA,"Dengue"
"63",2022,39,2022-09-24,3,NA,"Dengue"
"63",2022,40,2022-10-01,3,NA,"Dengue"
"63",2022,41,2022-10-08,5,NA,"Dengue"
"63",2022,42,2022-10-15,2,NA,"Dengue"
"63",2022,44,2022-10-29,4,NA,"Dengue"
"63",2022,45,2022-11-05,3,NA,"Dengue"
"63",2022,46,2022-11-12,1,NA,"Dengue"
"63",2022,47,2022-11-19,3,NA,"Dengue"
"63",2022,48,2022-11-26,3,NA,"Dengue"
"63",2022,49,2022-12-03,4,NA,"Dengue"
"63",2022,50,2022-12-10,3,NA,"Dengue"
"63",2022,51,2022-12-17,1,NA,"Dengue"
"63",2022,52,2022-12-24,2,NA,"Dengue"
"63",2023,1,2023-01-01,2,NA,"Dengue"
"63",2023,3,2023-01-15,2,NA,"Dengue"
"63",2023,4,2023-01-22,3,NA,"Dengue"
"63",2023,5,2023-01-29,4,NA,"Dengue"
"63",2023,6,2023-02-05,4,NA,"Dengue"
"63",2023,7,2023-02-12,10,NA,"Dengue"
"63",2023,8,2023-02-19,1,NA,"Dengue"
"63",2023,9,2023-02-26,6,NA,"Dengue"
"63",2023,10,2023-03-05,4,NA,"Dengue"
"63",2023,11,2023-03-12,7,NA,"Dengue"
"63",2023,12,2023-03-19,6,NA,"Dengue"
"63",2023,13,2023-03-26,4,NA,"Dengue"
"63",2023,14,2023-04-02,4,NA,"Dengue"
"63",2023,15,2023-04-09,2,NA,"Dengue"
"63",2023,16,2023-04-16,5,NA,"Dengue"
"63",2023,17,2023-04-23,4,NA,"Dengue"
"63",2023,18,2023-04-30,8,NA,"Dengue"
"63",2023,19,2023-05-07,5,NA,"Dengue"
"63",2023,20,2023-05-14,3,NA,"Dengue"
"63",2023,21,2023-05-21,1,NA,"Dengue"
"63",2023,22,2023-05-28,5,NA,"Dengue"
"63",2023,23,2023-06-04,3,NA,"Dengue"
"63",2023,25,2023-06-18,1,NA,"Dengue"
"63",2023,26,2023-06-25,4,NA,"Dengue"
"63",2023,27,2023-07-02,3,NA,"Dengue"
"63",2023,28,2023-07-09,1,NA,"Dengue"
"63",2023,29,2023-07-16,2,NA,"Dengue"
"63",2023,30,2023-07-23,6,NA,"Dengue"
"63",2023,31,2023-07-30,4,NA,"Dengue"
"63",2023,32,2023-08-06,12,NA,"Dengue"
"63",2023,33,2023-08-13,5,NA,"Dengue"
"63",2023,34,2023-08-20,9,NA,"Dengue"
"63",2023,35,2023-08-27,11,NA,"Dengue"
"63",2023,36,2023-09-03,7,NA,"Dengue"
"63",2023,37,2023-09-10,8,NA,"Dengue"
"63",2023,38,2023-09-17,9,NA,"Dengue"
"63",2023,39,2023-09-24,9,NA,"Dengue"
"63",2023,40,2023-10-01,16,NA,"Dengue"
"63",2023,41,2023-10-08,14,NA,"Dengue"
"63",2023,42,2023-10-15,12,NA,"Dengue"
"63",2023,43,2023-10-22,15,NA,"Dengue"
"63",2023,44,2023-10-29,3,NA,"Dengue"
"63",2023,45,2023-11-05,16,NA,"Dengue"
"63",2023,46,2023-11-12,21,NA,"Dengue"
"63",2023,47,2023-11-19,30,NA,"Dengue"
"63",2023,48,2023-11-26,28,NA,"Dengue"
"63",2023,49,2023-12-03,27,NA,"Dengue"
"63",2023,50,2023-12-10,20,NA,"Dengue"
"63",2023,51,2023-12-17,32,NA,"Dengue"
"63",2023,52,2023-12-24,33,NA,"Dengue"
"63",2024,1,2024-01-01,34,NA,"Dengue"
"63",2024,2,2024-01-08,33,NA,"Dengue"
"63",2024,3,2024-01-15,33,NA,"Dengue"
"63",2024,4,2024-01-22,27,NA,"Dengue"
"63",2024,5,2024-01-29,41,NA,"Dengue"
"63",2024,6,2024-02-05,38,NA,"Dengue"
"63",2024,7,2024-02-12,51,NA,"Dengue"
"63",2024,8,2024-02-19,59,NA,"Dengue"
"63",2024,9,2024-02-26,74,NA,"Dengue"
"63",2024,10,2024-03-04,79,NA,"Dengue"
"63",2024,11,2024-03-11,103,NA,"Dengue"
"63",2024,12,2024-03-18,106,NA,"Dengue"
"63",2024,13,2024-03-25,119,NA,"Dengue"
"63",2024,14,2024-04-01,183,NA,"Dengue"
"63",2024,15,2024-04-08,191,NA,"Dengue"
"63",2024,16,2024-04-15,275,NA,"Dengue"
"63",2024,17,2024-04-22,200,NA,"Dengue"
"63",2024,18,2024-04-29,256,NA,"Dengue"
"63",2024,19,2024-05-06,261,NA,"Dengue"
"63",2024,20,2024-05-13,264,NA,"Dengue"
"63",2024,21,2024-05-20,284,NA,"Dengue"
"63",2024,22,2024-05-27,280,NA,"Dengue"
"63",2024,23,2024-06-03,251,NA,"Dengue"
"63",2024,24,2024-06-10,265,NA,"Dengue"
"63",2024,25,2024-06-17,201,NA,"Dengue"
"63",2024,26,2024-06-24,179,NA,"Dengue"
"63",2024,27,2024-07-01,189,NA,"Dengue"
"63",2024,28,2024-07-08,187,NA,"Dengue"
"63",2024,29,2024-07-15,190,NA,"Dengue"
"63",2024,30,2024-07-22,181,NA,"Dengue"
"63",2024,31,2024-07-29,157,NA,"Dengue"
"63",2024,32,2024-08-05,142,NA,"Dengue"
"63",2024,33,2024-08-12,101,NA,"Dengue"
"63",2024,34,2024-08-19,135,NA,"Dengue"
"63",2024,35,2024-08-26,131,NA,"Dengue"
"63",2024,36,2024-09-02,122,NA,"Dengue"
"63",2024,37,2024-09-09,109,NA,"Dengue"
"63",2024,38,2024-09-16,163,NA,"Dengue"
"63",2024,39,2024-09-23,137,NA,"Dengue"
"63",2024,40,2024-09-30,110,NA,"Dengue"
"63",2024,41,2024-10-07,123,NA,"Dengue"
"63",2024,42,2024-10-14,127,NA,"Dengue"
"63",2024,43,2024-10-21,138,NA,"Dengue"
"63",2024,44,2024-10-28,120,NA,"Dengue"
"63",2024,45,2024-11-04,105,NA,"Dengue"
"63",2024,46,2024-11-11,109,NA,"Dengue"
"63",2024,47,2024-11-18,89,NA,"Dengue"
"63",2024,48,2024-11-25,92,NA,"Dengue"
"63",2024,49,2024-12-02,75,NA,"Dengue"
"63",2024,50,2024-12-09,80,NA,"Dengue"
"63",2024,51,2024-12-16,90,NA,"Dengue"
"63",2024,52,2024-12-23,61,NA,"Dengue"
"63",2025,1,2025-01-01,70,NA,"Dengue"
"63",2025,2,2025-01-08,48,NA,"Dengue"
"63",2025,3,2025-01-15,41,NA,"Dengue"
"63",2025,4,2025-01-22,49,NA,"Dengue"
"63",2025,5,2025-01-29,34,NA,"Dengue"
"63",2025,6,2025-02-05,35,NA,"Dengue"
"63",2025,7,2025-02-12,24,NA,"Dengue"
"63",2025,8,2025-02-19,24,NA,"Dengue"
"63",2025,9,2025-02-26,26,NA,"Dengue"
"63",2025,10,2025-03-05,28,NA,"Dengue"
"63",2025,11,2025-03-12,22,NA,"Dengue"
"63",2025,12,2025-03-19,17,NA,"Dengue"
"63",2025,13,2025-03-26,23,NA,"Dengue"
"63",2025,14,2025-04-02,17,NA,"Dengue"
"63",2025,15,2025-04-09,12,NA,"Dengue"
"63",2025,16,2025-04-16,16,NA,"Dengue"
"63",2025,17,2025-04-23,26,NA,"Dengue"
"63",2025,18,2025-04-30,18,NA,"Dengue"
"63",2025,19,2025-05-07,16,NA,"Dengue"
"63",2025,20,2025-05-14,18,NA,"Dengue"
"63",2025,21,2025-05-21,20,NA,"Dengue"
"63",2025,22,2025-05-28,15,NA,"Dengue"
"63",2025,23,2025-06-04,23,NA,"Dengue"
"63",2025,24,2025-06-11,18,NA,"Dengue"
"63",2025,25,2025-06-18,9,NA,"Dengue"
"63",2025,26,2025-06-25,11,NA,"Dengue"
"63",2025,27,2025-07-02,14,NA,"Dengue"
"63",2025,28,2025-07-09,12,NA,"Dengue"
"63",2025,29,2025-07-16,16,NA,"Dengue"
"63",2025,30,2025-07-23,7,NA,"Dengue"
"63",2025,31,2025-07-30,8,NA,"Dengue"
"63",2025,32,2025-08-06,6,NA,"Dengue"
"63",2025,33,2025-08-13,3,NA,"Dengue"
"63",2025,34,2025-08-20,4,NA,"Dengue"
"63",2025,35,2025-08-27,6,NA,"Dengue"
"63",2025,36,2025-09-03,5,NA,"Dengue"
"63",2025,37,2025-09-10,10,NA,"Dengue"
"63",2025,38,2025-09-17,10,NA,"Dengue"
"63",2025,39,2025-09-24,2,NA,"Dengue"
"63",2025,40,2025-10-01,3,NA,"Dengue"
"63",2025,41,2025-10-08,7,NA,"Dengue"
"63",2025,42,2025-10-15,8,NA,"Dengue"
"63",2025,43,2025-10-22,5,NA,"Dengue"
"63",2025,44,2025-10-29,7,NA,"Dengue"
"63",2025,45,2025-11-05,2,NA,"Dengue"
"63",2025,46,2025-11-12,14,NA,"Dengue"
"63",2025,47,2025-11-19,11,NA,"Dengue"
"63",2025,48,2025-11-26,11,NA,"Dengue"
"63",2025,49,2025-12-03,8,NA,"Dengue"
"63",2025,50,2025-12-10,8,NA,"Dengue"
"63",2025,51,2025-12-17,7,NA,"Dengue"
"63",2025,52,2025-12-24,5,NA,"Dengue"
"63",2025,53,2025-12-31,7,NA,"Dengue"
"66",2020,1,2020-01-01,21,NA,"Dengue"
"66",2020,2,2020-01-08,18,NA,"Dengue"
"66",2020,3,2020-01-15,12,NA,"Dengue"
"66",2020,4,2020-01-22,14,NA,"Dengue"
"66",2020,5,2020-01-29,11,NA,"Dengue"
"66",2020,6,2020-02-05,15,NA,"Dengue"
"66",2020,7,2020-02-12,17,NA,"Dengue"
"66",2020,8,2020-02-19,18,NA,"Dengue"
"66",2020,9,2020-02-26,19,NA,"Dengue"
"66",2020,10,2020-03-04,12,NA,"Dengue"
"66",2020,11,2020-03-11,20,NA,"Dengue"
"66",2020,12,2020-03-18,6,NA,"Dengue"
"66",2020,13,2020-03-25,15,NA,"Dengue"
"66",2020,14,2020-04-01,20,NA,"Dengue"
"66",2020,15,2020-04-08,7,NA,"Dengue"
"66",2020,16,2020-04-15,15,NA,"Dengue"
"66",2020,17,2020-04-22,13,NA,"Dengue"
"66",2020,18,2020-04-29,16,NA,"Dengue"
"66",2020,19,2020-05-06,13,NA,"Dengue"
"66",2020,20,2020-05-13,18,NA,"Dengue"
"66",2020,21,2020-05-20,15,NA,"Dengue"
"66",2020,22,2020-05-27,14,NA,"Dengue"
"66",2020,23,2020-06-03,17,NA,"Dengue"
"66",2020,24,2020-06-10,12,NA,"Dengue"
"66",2020,25,2020-06-17,14,NA,"Dengue"
"66",2020,26,2020-06-24,7,NA,"Dengue"
"66",2020,27,2020-07-01,11,NA,"Dengue"
"66",2020,28,2020-07-08,10,NA,"Dengue"
"66",2020,29,2020-07-15,3,NA,"Dengue"
"66",2020,30,2020-07-22,13,NA,"Dengue"
"66",2020,31,2020-07-29,12,NA,"Dengue"
"66",2020,32,2020-08-05,4,NA,"Dengue"
"66",2020,33,2020-08-12,9,NA,"Dengue"
"66",2020,34,2020-08-19,6,NA,"Dengue"
"66",2020,35,2020-08-26,5,NA,"Dengue"
"66",2020,36,2020-09-02,4,NA,"Dengue"
"66",2020,37,2020-09-09,7,NA,"Dengue"
"66",2020,38,2020-09-16,3,NA,"Dengue"
"66",2020,39,2020-09-23,4,NA,"Dengue"
"66",2020,40,2020-09-30,9,NA,"Dengue"
"66",2020,41,2020-10-07,7,NA,"Dengue"
"66",2020,42,2020-10-14,6,NA,"Dengue"
"66",2020,43,2020-10-21,4,NA,"Dengue"
"66",2020,44,2020-10-28,4,NA,"Dengue"
"66",2020,45,2020-11-04,9,NA,"Dengue"
"66",2020,46,2020-11-11,8,NA,"Dengue"
"66",2020,47,2020-11-18,6,NA,"Dengue"
"66",2020,48,2020-11-25,6,NA,"Dengue"
"66",2020,49,2020-12-02,4,NA,"Dengue"
"66",2020,50,2020-12-09,5,NA,"Dengue"
"66",2020,51,2020-12-16,2,NA,"Dengue"
"66",2020,52,2020-12-23,5,NA,"Dengue"
"66",2020,53,2020-12-30,2,NA,"Dengue"
"66",2021,1,2021-01-01,1,NA,"Dengue"
"66",2021,2,2021-01-08,1,NA,"Dengue"
"66",2021,3,2021-01-15,5,NA,"Dengue"
"66",2021,4,2021-01-22,6,NA,"Dengue"
"66",2021,5,2021-01-29,5,NA,"Dengue"
"66",2021,6,2021-02-05,1,NA,"Dengue"
"66",2021,7,2021-02-12,4,NA,"Dengue"
"66",2021,8,2021-02-19,5,NA,"Dengue"
"66",2021,9,2021-02-26,3,NA,"Dengue"
"66",2021,10,2021-03-05,1,NA,"Dengue"
"66",2021,11,2021-03-12,2,NA,"Dengue"
"66",2021,12,2021-03-19,2,NA,"Dengue"
"66",2021,13,2021-03-26,1,NA,"Dengue"
"66",2021,14,2021-04-02,6,NA,"Dengue"
"66",2021,15,2021-04-09,4,NA,"Dengue"
"66",2021,16,2021-04-16,2,NA,"Dengue"
"66",2021,17,2021-04-23,2,NA,"Dengue"
"66",2021,18,2021-04-30,2,NA,"Dengue"
"66",2021,19,2021-05-07,1,NA,"Dengue"
"66",2021,20,2021-05-14,1,NA,"Dengue"
"66",2021,21,2021-05-21,1,NA,"Dengue"
"66",2021,22,2021-05-28,5,NA,"Dengue"
"66",2021,24,2021-06-11,1,NA,"Dengue"
"66",2021,27,2021-07-02,1,NA,"Dengue"
"66",2021,28,2021-07-09,1,NA,"Dengue"
"66",2021,29,2021-07-16,1,NA,"Dengue"
"66",2021,30,2021-07-23,3,NA,"Dengue"
"66",2021,31,2021-07-30,3,NA,"Dengue"
"66",2021,32,2021-08-06,2,NA,"Dengue"
"66",2021,33,2021-08-13,1,NA,"Dengue"
"66",2021,34,2021-08-20,1,NA,"Dengue"
"66",2021,35,2021-08-27,1,NA,"Dengue"
"66",2021,36,2021-09-03,3,NA,"Dengue"
"66",2021,37,2021-09-10,1,NA,"Dengue"
"66",2021,38,2021-09-17,5,NA,"Dengue"
"66",2021,39,2021-09-24,2,NA,"Dengue"
"66",2021,40,2021-10-01,2,NA,"Dengue"
"66",2021,41,2021-10-08,5,NA,"Dengue"
"66",2021,42,2021-10-15,2,NA,"Dengue"
"66",2021,43,2021-10-22,2,NA,"Dengue"
"66",2021,44,2021-10-29,1,NA,"Dengue"
"66",2021,45,2021-11-05,4,NA,"Dengue"
"66",2021,46,2021-11-12,2,NA,"Dengue"
"66",2021,47,2021-11-19,3,NA,"Dengue"
"66",2021,49,2021-12-03,2,NA,"Dengue"
"66",2021,50,2021-12-10,3,NA,"Dengue"
"66",2021,51,2021-12-17,3,NA,"Dengue"
"66",2021,52,2021-12-24,2,NA,"Dengue"
"66",2022,1,2022-01-01,3,NA,"Dengue"
"66",2022,2,2022-01-08,3,NA,"Dengue"
"66",2022,4,2022-01-22,1,NA,"Dengue"
"66",2022,6,2022-02-05,5,NA,"Dengue"
"66",2022,8,2022-02-19,2,NA,"Dengue"
"66",2022,9,2022-02-26,2,NA,"Dengue"
"66",2022,10,2022-03-05,2,NA,"Dengue"
"66",2022,11,2022-03-12,1,NA,"Dengue"
"66",2022,12,2022-03-19,5,NA,"Dengue"
"66",2022,13,2022-03-26,1,NA,"Dengue"
"66",2022,14,2022-04-02,2,NA,"Dengue"
"66",2022,16,2022-04-16,3,NA,"Dengue"
"66",2022,17,2022-04-23,5,NA,"Dengue"
"66",2022,18,2022-04-30,1,NA,"Dengue"
"66",2022,19,2022-05-07,1,NA,"Dengue"
"66",2022,21,2022-05-21,1,NA,"Dengue"
"66",2022,22,2022-05-28,5,NA,"Dengue"
"66",2022,24,2022-06-11,3,NA,"Dengue"
"66",2022,25,2022-06-18,3,NA,"Dengue"
"66",2022,26,2022-06-25,3,NA,"Dengue"
"66",2022,28,2022-07-09,2,NA,"Dengue"
"66",2022,29,2022-07-16,2,NA,"Dengue"
"66",2022,30,2022-07-23,3,NA,"Dengue"
"66",2022,32,2022-08-06,1,NA,"Dengue"
"66",2022,33,2022-08-13,3,NA,"Dengue"
"66",2022,34,2022-08-20,2,NA,"Dengue"
"66",2022,35,2022-08-27,1,NA,"Dengue"
"66",2022,36,2022-09-03,1,NA,"Dengue"
"66",2022,37,2022-09-10,2,NA,"Dengue"
"66",2022,39,2022-09-24,6,NA,"Dengue"
"66",2022,40,2022-10-01,5,NA,"Dengue"
"66",2022,41,2022-10-08,2,NA,"Dengue"
"66",2022,42,2022-10-15,2,NA,"Dengue"
"66",2022,43,2022-10-22,3,NA,"Dengue"
"66",2022,44,2022-10-29,1,NA,"Dengue"
"66",2022,45,2022-11-05,3,NA,"Dengue"
"66",2022,46,2022-11-12,2,NA,"Dengue"
"66",2022,47,2022-11-19,1,NA,"Dengue"
"66",2022,48,2022-11-26,2,NA,"Dengue"
"66",2022,49,2022-12-03,2,NA,"Dengue"
"66",2022,51,2022-12-17,1,NA,"Dengue"
"66",2022,52,2022-12-24,1,NA,"Dengue"
"66",2023,1,2023-01-01,2,NA,"Dengue"
"66",2023,3,2023-01-15,1,NA,"Dengue"
"66",2023,5,2023-01-29,4,NA,"Dengue"
"66",2023,6,2023-02-05,4,NA,"Dengue"
"66",2023,7,2023-02-12,2,NA,"Dengue"
"66",2023,8,2023-02-19,2,NA,"Dengue"
"66",2023,9,2023-02-26,1,NA,"Dengue"
"66",2023,10,2023-03-05,1,NA,"Dengue"
"66",2023,11,2023-03-12,2,NA,"Dengue"
"66",2023,12,2023-03-19,2,NA,"Dengue"
"66",2023,13,2023-03-26,1,NA,"Dengue"
"66",2023,14,2023-04-02,2,NA,"Dengue"
"66",2023,15,2023-04-09,1,NA,"Dengue"
"66",2023,16,2023-04-16,1,NA,"Dengue"
"66",2023,17,2023-04-23,1,NA,"Dengue"
"66",2023,18,2023-04-30,6,NA,"Dengue"
"66",2023,19,2023-05-07,1,NA,"Dengue"
"66",2023,20,2023-05-14,3,NA,"Dengue"
"66",2023,21,2023-05-21,1,NA,"Dengue"
"66",2023,22,2023-05-28,3,NA,"Dengue"
"66",2023,24,2023-06-11,2,NA,"Dengue"
"66",2023,25,2023-06-18,4,NA,"Dengue"
"66",2023,26,2023-06-25,1,NA,"Dengue"
"66",2023,27,2023-07-02,5,NA,"Dengue"
"66",2023,28,2023-07-09,2,NA,"Dengue"
"66",2023,29,2023-07-16,1,NA,"Dengue"
"66",2023,30,2023-07-23,3,NA,"Dengue"
"66",2023,31,2023-07-30,5,NA,"Dengue"
"66",2023,32,2023-08-06,2,NA,"Dengue"
"66",2023,33,2023-08-13,7,NA,"Dengue"
"66",2023,34,2023-08-20,8,NA,"Dengue"
"66",2023,35,2023-08-27,3,NA,"Dengue"
"66",2023,36,2023-09-03,6,NA,"Dengue"
"66",2023,37,2023-09-10,10,NA,"Dengue"
"66",2023,38,2023-09-17,5,NA,"Dengue"
"66",2023,39,2023-09-24,8,NA,"Dengue"
"66",2023,40,2023-10-01,4,NA,"Dengue"
"66",2023,41,2023-10-08,9,NA,"Dengue"
"66",2023,42,2023-10-15,5,NA,"Dengue"
"66",2023,43,2023-10-22,4,NA,"Dengue"
"66",2023,44,2023-10-29,9,NA,"Dengue"
"66",2023,45,2023-11-05,16,NA,"Dengue"
"66",2023,46,2023-11-12,9,NA,"Dengue"
"66",2023,47,2023-11-19,14,NA,"Dengue"
"66",2023,48,2023-11-26,13,NA,"Dengue"
"66",2023,49,2023-12-03,10,NA,"Dengue"
"66",2023,50,2023-12-10,13,NA,"Dengue"
"66",2023,51,2023-12-17,12,NA,"Dengue"
"66",2023,52,2023-12-24,21,NA,"Dengue"
"66",2024,1,2024-01-01,18,NA,"Dengue"
"66",2024,2,2024-01-08,17,NA,"Dengue"
"66",2024,3,2024-01-15,12,NA,"Dengue"
"66",2024,4,2024-01-22,17,NA,"Dengue"
"66",2024,5,2024-01-29,33,NA,"Dengue"
"66",2024,6,2024-02-05,40,NA,"Dengue"
"66",2024,7,2024-02-12,35,NA,"Dengue"
"66",2024,8,2024-02-19,41,NA,"Dengue"
"66",2024,9,2024-02-26,59,NA,"Dengue"
"66",2024,10,2024-03-04,95,NA,"Dengue"
"66",2024,11,2024-03-11,96,NA,"Dengue"
"66",2024,12,2024-03-18,136,NA,"Dengue"
"66",2024,13,2024-03-25,140,NA,"Dengue"
"66",2024,14,2024-04-01,218,NA,"Dengue"
"66",2024,15,2024-04-08,252,NA,"Dengue"
"66",2024,16,2024-04-15,290,NA,"Dengue"
"66",2024,17,2024-04-22,294,NA,"Dengue"
"66",2024,18,2024-04-29,294,NA,"Dengue"
"66",2024,19,2024-05-06,292,NA,"Dengue"
"66",2024,20,2024-05-13,310,NA,"Dengue"
"66",2024,21,2024-05-20,335,NA,"Dengue"
"66",2024,22,2024-05-27,329,NA,"Dengue"
"66",2024,23,2024-06-03,318,NA,"Dengue"
"66",2024,24,2024-06-10,351,NA,"Dengue"
"66",2024,25,2024-06-17,317,NA,"Dengue"
"66",2024,26,2024-06-24,285,NA,"Dengue"
"66",2024,27,2024-07-01,262,NA,"Dengue"
"66",2024,28,2024-07-08,286,NA,"Dengue"
"66",2024,29,2024-07-15,311,NA,"Dengue"
"66",2024,30,2024-07-22,264,NA,"Dengue"
"66",2024,31,2024-07-29,242,NA,"Dengue"
"66",2024,32,2024-08-05,252,NA,"Dengue"
"66",2024,33,2024-08-12,198,NA,"Dengue"
"66",2024,34,2024-08-19,192,NA,"Dengue"
"66",2024,35,2024-08-26,201,NA,"Dengue"
"66",2024,36,2024-09-02,201,NA,"Dengue"
"66",2024,37,2024-09-09,229,NA,"Dengue"
"66",2024,38,2024-09-16,232,NA,"Dengue"
"66",2024,39,2024-09-23,203,NA,"Dengue"
"66",2024,40,2024-09-30,204,NA,"Dengue"
"66",2024,41,2024-10-07,151,NA,"Dengue"
"66",2024,42,2024-10-14,201,NA,"Dengue"
"66",2024,43,2024-10-21,170,NA,"Dengue"
"66",2024,44,2024-10-28,130,NA,"Dengue"
"66",2024,45,2024-11-04,106,NA,"Dengue"
"66",2024,46,2024-11-11,117,NA,"Dengue"
"66",2024,47,2024-11-18,99,NA,"Dengue"
"66",2024,48,2024-11-25,82,NA,"Dengue"
"66",2024,49,2024-12-02,132,NA,"Dengue"
"66",2024,50,2024-12-09,119,NA,"Dengue"
"66",2024,51,2024-12-16,73,NA,"Dengue"
"66",2024,52,2024-12-23,65,NA,"Dengue"
"66",2025,1,2025-01-01,70,NA,"Dengue"
"66",2025,2,2025-01-08,81,NA,"Dengue"
"66",2025,3,2025-01-15,50,NA,"Dengue"
"66",2025,4,2025-01-22,54,NA,"Dengue"
"66",2025,5,2025-01-29,50,NA,"Dengue"
"66",2025,6,2025-02-05,34,NA,"Dengue"
"66",2025,7,2025-02-12,38,NA,"Dengue"
"66",2025,8,2025-02-19,35,NA,"Dengue"
"66",2025,9,2025-02-26,44,NA,"Dengue"
"66",2025,10,2025-03-05,31,NA,"Dengue"
"66",2025,11,2025-03-12,28,NA,"Dengue"
"66",2025,12,2025-03-19,28,NA,"Dengue"
"66",2025,13,2025-03-26,35,NA,"Dengue"
"66",2025,14,2025-04-02,31,NA,"Dengue"
"66",2025,15,2025-04-09,18,NA,"Dengue"
"66",2025,16,2025-04-16,23,NA,"Dengue"
"66",2025,17,2025-04-23,24,NA,"Dengue"
"66",2025,18,2025-04-30,26,NA,"Dengue"
"66",2025,19,2025-05-07,19,NA,"Dengue"
"66",2025,20,2025-05-14,27,NA,"Dengue"
"66",2025,21,2025-05-21,13,NA,"Dengue"
"66",2025,22,2025-05-28,21,NA,"Dengue"
"66",2025,23,2025-06-04,18,NA,"Dengue"
"66",2025,24,2025-06-11,14,NA,"Dengue"
"66",2025,25,2025-06-18,16,NA,"Dengue"
"66",2025,26,2025-06-25,13,NA,"Dengue"
"66",2025,27,2025-07-02,14,NA,"Dengue"
"66",2025,28,2025-07-09,12,NA,"Dengue"
"66",2025,29,2025-07-16,13,NA,"Dengue"
"66",2025,30,2025-07-23,13,NA,"Dengue"
"66",2025,31,2025-07-30,17,NA,"Dengue"
"66",2025,32,2025-08-06,8,NA,"Dengue"
"66",2025,33,2025-08-13,8,NA,"Dengue"
"66",2025,34,2025-08-20,10,NA,"Dengue"
"66",2025,35,2025-08-27,9,NA,"Dengue"
"66",2025,36,2025-09-03,6,NA,"Dengue"
"66",2025,37,2025-09-10,9,NA,"Dengue"
"66",2025,38,2025-09-17,12,NA,"Dengue"
"66",2025,39,2025-09-24,5,NA,"Dengue"
"66",2025,40,2025-10-01,7,NA,"Dengue"
"66",2025,41,2025-10-08,5,NA,"Dengue"
"66",2025,42,2025-10-15,5,NA,"Dengue"
"66",2025,43,2025-10-22,4,NA,"Dengue"
"66",2025,44,2025-10-29,13,NA,"Dengue"
"66",2025,45,2025-11-05,6,NA,"Dengue"
"66",2025,46,2025-11-12,4,NA,"Dengue"
"66",2025,47,2025-11-19,3,NA,"Dengue"
"66",2025,48,2025-11-26,3,NA,"Dengue"
"66",2025,49,2025-12-03,5,NA,"Dengue"
"66",2025,50,2025-12-10,2,NA,"Dengue"
"66",2025,51,2025-12-17,3,NA,"Dengue"
"66",2025,52,2025-12-24,8,NA,"Dengue"
"66",2025,53,2025-12-31,9,NA,"Dengue"
"68",2020,1,2020-01-01,127,NA,"Dengue"
"68",2020,2,2020-01-08,146,NA,"Dengue"
"68",2020,3,2020-01-15,145,NA,"Dengue"
"68",2020,4,2020-01-22,149,NA,"Dengue"
"68",2020,5,2020-01-29,172,NA,"Dengue"
"68",2020,6,2020-02-05,132,NA,"Dengue"
"68",2020,7,2020-02-12,149,NA,"Dengue"
"68",2020,8,2020-02-19,95,NA,"Dengue"
"68",2020,9,2020-02-26,116,NA,"Dengue"
"68",2020,10,2020-03-04,143,NA,"Dengue"
"68",2020,11,2020-03-11,118,NA,"Dengue"
"68",2020,12,2020-03-18,76,NA,"Dengue"
"68",2020,13,2020-03-25,62,NA,"Dengue"
"68",2020,14,2020-04-01,71,NA,"Dengue"
"68",2020,15,2020-04-08,71,NA,"Dengue"
"68",2020,16,2020-04-15,74,NA,"Dengue"
"68",2020,17,2020-04-22,93,NA,"Dengue"
"68",2020,18,2020-04-29,77,NA,"Dengue"
"68",2020,19,2020-05-06,103,NA,"Dengue"
"68",2020,20,2020-05-13,112,NA,"Dengue"
"68",2020,21,2020-05-20,104,NA,"Dengue"
"68",2020,22,2020-05-27,97,NA,"Dengue"
"68",2020,23,2020-06-03,99,NA,"Dengue"
"68",2020,24,2020-06-10,75,NA,"Dengue"
"68",2020,25,2020-06-17,77,NA,"Dengue"
"68",2020,26,2020-06-24,52,NA,"Dengue"
"68",2020,27,2020-07-01,65,NA,"Dengue"
"68",2020,28,2020-07-08,46,NA,"Dengue"
"68",2020,29,2020-07-15,53,NA,"Dengue"
"68",2020,30,2020-07-22,35,NA,"Dengue"
"68",2020,31,2020-07-29,37,NA,"Dengue"
"68",2020,32,2020-08-05,38,NA,"Dengue"
"68",2020,33,2020-08-12,25,NA,"Dengue"
"68",2020,34,2020-08-19,19,NA,"Dengue"
"68",2020,35,2020-08-26,27,NA,"Dengue"
"68",2020,36,2020-09-02,22,NA,"Dengue"
"68",2020,37,2020-09-09,20,NA,"Dengue"
"68",2020,38,2020-09-16,21,NA,"Dengue"
"68",2020,39,2020-09-23,22,NA,"Dengue"
"68",2020,40,2020-09-30,12,NA,"Dengue"
"68",2020,41,2020-10-07,24,NA,"Dengue"
"68",2020,42,2020-10-14,22,NA,"Dengue"
"68",2020,43,2020-10-21,19,NA,"Dengue"
"68",2020,44,2020-10-28,29,NA,"Dengue"
"68",2020,45,2020-11-04,11,NA,"Dengue"
"68",2020,46,2020-11-11,16,NA,"Dengue"
"68",2020,47,2020-11-18,23,NA,"Dengue"
"68",2020,48,2020-11-25,10,NA,"Dengue"
"68",2020,49,2020-12-02,17,NA,"Dengue"
"68",2020,50,2020-12-09,19,NA,"Dengue"
"68",2020,51,2020-12-16,18,NA,"Dengue"
"68",2020,52,2020-12-23,23,NA,"Dengue"
"68",2020,53,2020-12-30,16,NA,"Dengue"
"68",2021,1,2021-01-01,7,NA,"Dengue"
"68",2021,2,2021-01-08,15,NA,"Dengue"
"68",2021,3,2021-01-15,10,NA,"Dengue"
"68",2021,4,2021-01-22,11,NA,"Dengue"
"68",2021,5,2021-01-29,10,NA,"Dengue"
"68",2021,6,2021-02-05,24,NA,"Dengue"
"68",2021,7,2021-02-12,13,NA,"Dengue"
"68",2021,8,2021-02-19,8,NA,"Dengue"
"68",2021,9,2021-02-26,14,NA,"Dengue"
"68",2021,10,2021-03-05,12,NA,"Dengue"
"68",2021,11,2021-03-12,11,NA,"Dengue"
"68",2021,12,2021-03-19,13,NA,"Dengue"
"68",2021,13,2021-03-26,11,NA,"Dengue"
"68",2021,14,2021-04-02,16,NA,"Dengue"
"68",2021,15,2021-04-09,21,NA,"Dengue"
"68",2021,16,2021-04-16,19,NA,"Dengue"
"68",2021,17,2021-04-23,23,NA,"Dengue"
"68",2021,18,2021-04-30,19,NA,"Dengue"
"68",2021,19,2021-05-07,14,NA,"Dengue"
"68",2021,20,2021-05-14,8,NA,"Dengue"
"68",2021,21,2021-05-21,18,NA,"Dengue"
"68",2021,22,2021-05-28,14,NA,"Dengue"
"68",2021,23,2021-06-04,13,NA,"Dengue"
"68",2021,24,2021-06-11,15,NA,"Dengue"
"68",2021,25,2021-06-18,10,NA,"Dengue"
"68",2021,26,2021-06-25,11,NA,"Dengue"
"68",2021,27,2021-07-02,11,NA,"Dengue"
"68",2021,28,2021-07-09,14,NA,"Dengue"
"68",2021,29,2021-07-16,15,NA,"Dengue"
"68",2021,30,2021-07-23,19,NA,"Dengue"
"68",2021,31,2021-07-30,17,NA,"Dengue"
"68",2021,32,2021-08-06,14,NA,"Dengue"
"68",2021,33,2021-08-13,18,NA,"Dengue"
"68",2021,34,2021-08-20,26,NA,"Dengue"
"68",2021,35,2021-08-27,14,NA,"Dengue"
"68",2021,36,2021-09-03,23,NA,"Dengue"
"68",2021,37,2021-09-10,19,NA,"Dengue"
"68",2021,38,2021-09-17,24,NA,"Dengue"
"68",2021,39,2021-09-24,23,NA,"Dengue"
"68",2021,40,2021-10-01,23,NA,"Dengue"
"68",2021,41,2021-10-08,32,NA,"Dengue"
"68",2021,42,2021-10-15,35,NA,"Dengue"
"68",2021,43,2021-10-22,30,NA,"Dengue"
"68",2021,44,2021-10-29,29,NA,"Dengue"
"68",2021,45,2021-11-05,23,NA,"Dengue"
"68",2021,46,2021-11-12,25,NA,"Dengue"
"68",2021,47,2021-11-19,23,NA,"Dengue"
"68",2021,48,2021-11-26,21,NA,"Dengue"
"68",2021,49,2021-12-03,19,NA,"Dengue"
"68",2021,50,2021-12-10,23,NA,"Dengue"
"68",2021,51,2021-12-17,18,NA,"Dengue"
"68",2021,52,2021-12-24,26,NA,"Dengue"
"68",2022,1,2022-01-01,11,NA,"Dengue"
"68",2022,2,2022-01-08,17,NA,"Dengue"
"68",2022,3,2022-01-15,15,NA,"Dengue"
"68",2022,4,2022-01-22,9,NA,"Dengue"
"68",2022,5,2022-01-29,15,NA,"Dengue"
"68",2022,6,2022-02-05,25,NA,"Dengue"
"68",2022,7,2022-02-12,11,NA,"Dengue"
"68",2022,8,2022-02-19,15,NA,"Dengue"
"68",2022,9,2022-02-26,19,NA,"Dengue"
"68",2022,10,2022-03-05,18,NA,"Dengue"
"68",2022,11,2022-03-12,23,NA,"Dengue"
"68",2022,12,2022-03-19,16,NA,"Dengue"
"68",2022,13,2022-03-26,23,NA,"Dengue"
"68",2022,14,2022-04-02,19,NA,"Dengue"
"68",2022,15,2022-04-09,25,NA,"Dengue"
"68",2022,16,2022-04-16,28,NA,"Dengue"
"68",2022,17,2022-04-23,26,NA,"Dengue"
"68",2022,18,2022-04-30,33,NA,"Dengue"
"68",2022,19,2022-05-07,40,NA,"Dengue"
"68",2022,20,2022-05-14,49,NA,"Dengue"
"68",2022,21,2022-05-21,40,NA,"Dengue"
"68",2022,22,2022-05-28,55,NA,"Dengue"
"68",2022,23,2022-06-04,49,NA,"Dengue"
"68",2022,24,2022-06-11,31,NA,"Dengue"
"68",2022,25,2022-06-18,37,NA,"Dengue"
"68",2022,26,2022-06-25,48,NA,"Dengue"
"68",2022,27,2022-07-02,34,NA,"Dengue"
"68",2022,28,2022-07-09,40,NA,"Dengue"
"68",2022,29,2022-07-16,34,NA,"Dengue"
"68",2022,30,2022-07-23,46,NA,"Dengue"
"68",2022,31,2022-07-30,46,NA,"Dengue"
"68",2022,32,2022-08-06,55,NA,"Dengue"
"68",2022,33,2022-08-13,50,NA,"Dengue"
"68",2022,34,2022-08-20,31,NA,"Dengue"
"68",2022,35,2022-08-27,48,NA,"Dengue"
"68",2022,36,2022-09-03,32,NA,"Dengue"
"68",2022,37,2022-09-10,36,NA,"Dengue"
"68",2022,38,2022-09-17,41,NA,"Dengue"
"68",2022,39,2022-09-24,41,NA,"Dengue"
"68",2022,40,2022-10-01,48,NA,"Dengue"
"68",2022,41,2022-10-08,32,NA,"Dengue"
"68",2022,42,2022-10-15,36,NA,"Dengue"
"68",2022,43,2022-10-22,51,NA,"Dengue"
"68",2022,44,2022-10-29,57,NA,"Dengue"
"68",2022,45,2022-11-05,57,NA,"Dengue"
"68",2022,46,2022-11-12,55,NA,"Dengue"
"68",2022,47,2022-11-19,57,NA,"Dengue"
"68",2022,48,2022-11-26,39,NA,"Dengue"
"68",2022,49,2022-12-03,44,NA,"Dengue"
"68",2022,50,2022-12-10,39,NA,"Dengue"
"68",2022,51,2022-12-17,58,NA,"Dengue"
"68",2022,52,2022-12-24,61,NA,"Dengue"
"68",2023,1,2023-01-01,57,NA,"Dengue"
"68",2023,2,2023-01-08,45,NA,"Dengue"
"68",2023,3,2023-01-15,58,NA,"Dengue"
"68",2023,4,2023-01-22,51,NA,"Dengue"
"68",2023,5,2023-01-29,47,NA,"Dengue"
"68",2023,6,2023-02-05,63,NA,"Dengue"
"68",2023,7,2023-02-12,64,NA,"Dengue"
"68",2023,8,2023-02-19,63,NA,"Dengue"
"68",2023,9,2023-02-26,56,NA,"Dengue"
"68",2023,10,2023-03-05,78,NA,"Dengue"
"68",2023,11,2023-03-12,59,NA,"Dengue"
"68",2023,12,2023-03-19,79,NA,"Dengue"
"68",2023,13,2023-03-26,79,NA,"Dengue"
"68",2023,14,2023-04-02,77,NA,"Dengue"
"68",2023,15,2023-04-09,94,NA,"Dengue"
"68",2023,16,2023-04-16,106,NA,"Dengue"
"68",2023,17,2023-04-23,130,NA,"Dengue"
"68",2023,18,2023-04-30,183,NA,"Dengue"
"68",2023,19,2023-05-07,156,NA,"Dengue"
"68",2023,20,2023-05-14,222,NA,"Dengue"
"68",2023,21,2023-05-21,183,NA,"Dengue"
"68",2023,22,2023-05-28,241,NA,"Dengue"
"68",2023,23,2023-06-04,186,NA,"Dengue"
"68",2023,24,2023-06-11,167,NA,"Dengue"
"68",2023,25,2023-06-18,187,NA,"Dengue"
"68",2023,26,2023-06-25,200,NA,"Dengue"
"68",2023,27,2023-07-02,203,NA,"Dengue"
"68",2023,28,2023-07-09,224,NA,"Dengue"
"68",2023,29,2023-07-16,229,NA,"Dengue"
"68",2023,30,2023-07-23,262,NA,"Dengue"
"68",2023,31,2023-07-30,302,NA,"Dengue"
"68",2023,32,2023-08-06,326,NA,"Dengue"
"68",2023,33,2023-08-13,293,NA,"Dengue"
"68",2023,34,2023-08-20,330,NA,"Dengue"
"68",2023,35,2023-08-27,310,NA,"Dengue"
"68",2023,36,2023-09-03,352,NA,"Dengue"
"68",2023,37,2023-09-10,313,NA,"Dengue"
"68",2023,38,2023-09-17,354,NA,"Dengue"
"68",2023,39,2023-09-24,350,NA,"Dengue"
"68",2023,40,2023-10-01,368,NA,"Dengue"
"68",2023,41,2023-10-08,370,NA,"Dengue"
"68",2023,42,2023-10-15,344,NA,"Dengue"
"68",2023,43,2023-10-22,320,NA,"Dengue"
"68",2023,44,2023-10-29,305,NA,"Dengue"
"68",2023,45,2023-11-05,294,NA,"Dengue"
"68",2023,46,2023-11-12,318,NA,"Dengue"
"68",2023,47,2023-11-19,330,NA,"Dengue"
"68",2023,48,2023-11-26,350,NA,"Dengue"
"68",2023,49,2023-12-03,354,NA,"Dengue"
"68",2023,50,2023-12-10,408,NA,"Dengue"
"68",2023,51,2023-12-17,377,NA,"Dengue"
"68",2023,52,2023-12-24,371,NA,"Dengue"
"68",2024,1,2024-01-01,446,NA,"Dengue"
"68",2024,2,2024-01-08,387,NA,"Dengue"
"68",2024,3,2024-01-15,420,NA,"Dengue"
"68",2024,4,2024-01-22,446,NA,"Dengue"
"68",2024,5,2024-01-29,470,NA,"Dengue"
"68",2024,6,2024-02-05,493,NA,"Dengue"
"68",2024,7,2024-02-12,512,NA,"Dengue"
"68",2024,8,2024-02-19,568,NA,"Dengue"
"68",2024,9,2024-02-26,593,NA,"Dengue"
"68",2024,10,2024-03-04,690,NA,"Dengue"
"68",2024,11,2024-03-11,674,NA,"Dengue"
"68",2024,12,2024-03-18,736,NA,"Dengue"
"68",2024,13,2024-03-25,748,NA,"Dengue"
"68",2024,14,2024-04-01,850,NA,"Dengue"
"68",2024,15,2024-04-08,852,NA,"Dengue"
"68",2024,16,2024-04-15,958,NA,"Dengue"
"68",2024,17,2024-04-22,1000,NA,"Dengue"
"68",2024,18,2024-04-29,1006,NA,"Dengue"
"68",2024,19,2024-05-06,1059,NA,"Dengue"
"68",2024,20,2024-05-13,1193,NA,"Dengue"
"68",2024,21,2024-05-20,1328,NA,"Dengue"
"68",2024,22,2024-05-27,1298,NA,"Dengue"
"68",2024,23,2024-06-03,1212,NA,"Dengue"
"68",2024,24,2024-06-10,1358,NA,"Dengue"
"68",2024,25,2024-06-17,1303,NA,"Dengue"
"68",2024,26,2024-06-24,1092,NA,"Dengue"
"68",2024,27,2024-07-01,1205,NA,"Dengue"
"68",2024,28,2024-07-08,1101,NA,"Dengue"
"68",2024,29,2024-07-15,1067,NA,"Dengue"
"68",2024,30,2024-07-22,848,NA,"Dengue"
"68",2024,31,2024-07-29,832,NA,"Dengue"
"68",2024,32,2024-08-05,708,NA,"Dengue"
"68",2024,33,2024-08-12,623,NA,"Dengue"
"68",2024,34,2024-08-19,654,NA,"Dengue"
"68",2024,35,2024-08-26,584,NA,"Dengue"
"68",2024,36,2024-09-02,531,NA,"Dengue"
"68",2024,37,2024-09-09,568,NA,"Dengue"
"68",2024,38,2024-09-16,533,NA,"Dengue"
"68",2024,39,2024-09-23,451,NA,"Dengue"
"68",2024,40,2024-09-30,500,NA,"Dengue"
"68",2024,41,2024-10-07,375,NA,"Dengue"
"68",2024,42,2024-10-14,402,NA,"Dengue"
"68",2024,43,2024-10-21,374,NA,"Dengue"
"68",2024,44,2024-10-28,377,NA,"Dengue"
"68",2024,45,2024-11-04,346,NA,"Dengue"
"68",2024,46,2024-11-11,322,NA,"Dengue"
"68",2024,47,2024-11-18,331,NA,"Dengue"
"68",2024,48,2024-11-25,275,NA,"Dengue"
"68",2024,49,2024-12-02,330,NA,"Dengue"
"68",2024,50,2024-12-09,318,NA,"Dengue"
"68",2024,51,2024-12-16,243,NA,"Dengue"
"68",2024,52,2024-12-23,245,NA,"Dengue"
"68",2025,1,2025-01-01,225,NA,"Dengue"
"68",2025,2,2025-01-08,241,NA,"Dengue"
"68",2025,3,2025-01-15,237,NA,"Dengue"
"68",2025,4,2025-01-22,259,NA,"Dengue"
"68",2025,5,2025-01-29,272,NA,"Dengue"
"68",2025,6,2025-02-05,277,NA,"Dengue"
"68",2025,7,2025-02-12,256,NA,"Dengue"
"68",2025,8,2025-02-19,235,NA,"Dengue"
"68",2025,9,2025-02-26,225,NA,"Dengue"
"68",2025,10,2025-03-05,232,NA,"Dengue"
"68",2025,11,2025-03-12,256,NA,"Dengue"
"68",2025,12,2025-03-19,251,NA,"Dengue"
"68",2025,13,2025-03-26,259,NA,"Dengue"
"68",2025,14,2025-04-02,286,NA,"Dengue"
"68",2025,15,2025-04-09,277,NA,"Dengue"
"68",2025,16,2025-04-16,246,NA,"Dengue"
"68",2025,17,2025-04-23,304,NA,"Dengue"
"68",2025,18,2025-04-30,290,NA,"Dengue"
"68",2025,19,2025-05-07,321,NA,"Dengue"
"68",2025,20,2025-05-14,297,NA,"Dengue"
"68",2025,21,2025-05-21,295,NA,"Dengue"
"68",2025,22,2025-05-28,290,NA,"Dengue"
"68",2025,23,2025-06-04,273,NA,"Dengue"
"68",2025,24,2025-06-11,270,NA,"Dengue"
"68",2025,25,2025-06-18,221,NA,"Dengue"
"68",2025,26,2025-06-25,207,NA,"Dengue"
"68",2025,27,2025-07-02,202,NA,"Dengue"
"68",2025,28,2025-07-09,210,NA,"Dengue"
"68",2025,29,2025-07-16,223,NA,"Dengue"
"68",2025,30,2025-07-23,191,NA,"Dengue"
"68",2025,31,2025-07-30,205,NA,"Dengue"
"68",2025,32,2025-08-06,146,NA,"Dengue"
"68",2025,33,2025-08-13,119,NA,"Dengue"
"68",2025,34,2025-08-20,150,NA,"Dengue"
"68",2025,35,2025-08-27,175,NA,"Dengue"
"68",2025,36,2025-09-03,183,NA,"Dengue"
"68",2025,37,2025-09-10,144,NA,"Dengue"
"68",2025,38,2025-09-17,159,NA,"Dengue"
"68",2025,39,2025-09-24,175,NA,"Dengue"
"68",2025,40,2025-10-01,160,NA,"Dengue"
"68",2025,41,2025-10-08,110,NA,"Dengue"
"68",2025,42,2025-10-15,128,NA,"Dengue"
"68",2025,43,2025-10-22,138,NA,"Dengue"
"68",2025,44,2025-10-29,117,NA,"Dengue"
"68",2025,45,2025-11-05,149,NA,"Dengue"
"68",2025,46,2025-11-12,146,NA,"Dengue"
"68",2025,47,2025-11-19,123,NA,"Dengue"
"68",2025,48,2025-11-26,144,NA,"Dengue"
"68",2025,49,2025-12-03,126,NA,"Dengue"
"68",2025,50,2025-12-10,140,NA,"Dengue"
"68",2025,51,2025-12-17,140,NA,"Dengue"
"68",2025,52,2025-12-24,102,NA,"Dengue"
"68",2025,53,2025-12-31,131,NA,"Dengue"
"70",2020,1,2020-01-01,138,NA,"Dengue"
"70",2020,2,2020-01-08,135,NA,"Dengue"
"70",2020,3,2020-01-15,129,NA,"Dengue"
"70",2020,4,2020-01-22,141,NA,"Dengue"
"70",2020,5,2020-01-29,112,NA,"Dengue"
"70",2020,6,2020-02-05,117,NA,"Dengue"
"70",2020,7,2020-02-12,101,NA,"Dengue"
"70",2020,8,2020-02-19,76,NA,"Dengue"
"70",2020,9,2020-02-26,59,NA,"Dengue"
"70",2020,10,2020-03-04,56,NA,"Dengue"
"70",2020,11,2020-03-11,42,NA,"Dengue"
"70",2020,12,2020-03-18,17,NA,"Dengue"
"70",2020,13,2020-03-25,11,NA,"Dengue"
"70",2020,14,2020-04-01,11,NA,"Dengue"
"70",2020,15,2020-04-08,9,NA,"Dengue"
"70",2020,16,2020-04-15,18,NA,"Dengue"
"70",2020,17,2020-04-22,8,NA,"Dengue"
"70",2020,18,2020-04-29,18,NA,"Dengue"
"70",2020,19,2020-05-06,9,NA,"Dengue"
"70",2020,20,2020-05-13,10,NA,"Dengue"
"70",2020,21,2020-05-20,13,NA,"Dengue"
"70",2020,22,2020-05-27,8,NA,"Dengue"
"70",2020,23,2020-06-03,13,NA,"Dengue"
"70",2020,24,2020-06-10,10,NA,"Dengue"
"70",2020,25,2020-06-17,10,NA,"Dengue"
"70",2020,26,2020-06-24,7,NA,"Dengue"
"70",2020,27,2020-07-01,10,NA,"Dengue"
"70",2020,28,2020-07-08,7,NA,"Dengue"
"70",2020,29,2020-07-15,7,NA,"Dengue"
"70",2020,30,2020-07-22,3,NA,"Dengue"
"70",2020,31,2020-07-29,11,NA,"Dengue"
"70",2020,32,2020-08-05,10,NA,"Dengue"
"70",2020,33,2020-08-12,9,NA,"Dengue"
"70",2020,34,2020-08-19,12,NA,"Dengue"
"70",2020,35,2020-08-26,9,NA,"Dengue"
"70",2020,36,2020-09-02,8,NA,"Dengue"
"70",2020,37,2020-09-09,11,NA,"Dengue"
"70",2020,38,2020-09-16,7,NA,"Dengue"
"70",2020,39,2020-09-23,16,NA,"Dengue"
"70",2020,40,2020-09-30,11,NA,"Dengue"
"70",2020,41,2020-10-07,15,NA,"Dengue"
"70",2020,42,2020-10-14,8,NA,"Dengue"
"70",2020,43,2020-10-21,11,NA,"Dengue"
"70",2020,44,2020-10-28,14,NA,"Dengue"
"70",2020,45,2020-11-04,17,NA,"Dengue"
"70",2020,46,2020-11-11,18,NA,"Dengue"
"70",2020,47,2020-11-18,14,NA,"Dengue"
"70",2020,48,2020-11-25,11,NA,"Dengue"
"70",2020,49,2020-12-02,15,NA,"Dengue"
"70",2020,50,2020-12-09,17,NA,"Dengue"
"70",2020,51,2020-12-16,9,NA,"Dengue"
"70",2020,52,2020-12-23,13,NA,"Dengue"
"70",2020,53,2020-12-30,13,NA,"Dengue"
"70",2021,1,2021-01-01,10,NA,"Dengue"
"70",2021,2,2021-01-08,8,NA,"Dengue"
"70",2021,3,2021-01-15,12,NA,"Dengue"
"70",2021,4,2021-01-22,18,NA,"Dengue"
"70",2021,5,2021-01-29,14,NA,"Dengue"
"70",2021,6,2021-02-05,8,NA,"Dengue"
"70",2021,7,2021-02-12,11,NA,"Dengue"
"70",2021,8,2021-02-19,13,NA,"Dengue"
"70",2021,9,2021-02-26,14,NA,"Dengue"
"70",2021,10,2021-03-05,12,NA,"Dengue"
"70",2021,11,2021-03-12,7,NA,"Dengue"
"70",2021,12,2021-03-19,13,NA,"Dengue"
"70",2021,13,2021-03-26,5,NA,"Dengue"
"70",2021,14,2021-04-02,7,NA,"Dengue"
"70",2021,15,2021-04-09,6,NA,"Dengue"
"70",2021,16,2021-04-16,8,NA,"Dengue"
"70",2021,17,2021-04-23,5,NA,"Dengue"
"70",2021,18,2021-04-30,7,NA,"Dengue"
"70",2021,19,2021-05-07,11,NA,"Dengue"
"70",2021,20,2021-05-14,10,NA,"Dengue"
"70",2021,21,2021-05-21,7,NA,"Dengue"
"70",2021,22,2021-05-28,7,NA,"Dengue"
"70",2021,23,2021-06-04,11,NA,"Dengue"
"70",2021,24,2021-06-11,18,NA,"Dengue"
"70",2021,25,2021-06-18,16,NA,"Dengue"
"70",2021,26,2021-06-25,11,NA,"Dengue"
"70",2021,27,2021-07-02,20,NA,"Dengue"
"70",2021,28,2021-07-09,12,NA,"Dengue"
"70",2021,29,2021-07-16,12,NA,"Dengue"
"70",2021,30,2021-07-23,12,NA,"Dengue"
"70",2021,31,2021-07-30,19,NA,"Dengue"
"70",2021,32,2021-08-06,18,NA,"Dengue"
"70",2021,33,2021-08-13,25,NA,"Dengue"
"70",2021,34,2021-08-20,20,NA,"Dengue"
"70",2021,35,2021-08-27,25,NA,"Dengue"
"70",2021,36,2021-09-03,40,NA,"Dengue"
"70",2021,37,2021-09-10,38,NA,"Dengue"
"70",2021,38,2021-09-17,35,NA,"Dengue"
"70",2021,39,2021-09-24,49,NA,"Dengue"
"70",2021,40,2021-10-01,63,NA,"Dengue"
"70",2021,41,2021-10-08,76,NA,"Dengue"
"70",2021,42,2021-10-15,70,NA,"Dengue"
"70",2021,43,2021-10-22,55,NA,"Dengue"
"70",2021,44,2021-10-29,70,NA,"Dengue"
"70",2021,45,2021-11-05,53,NA,"Dengue"
"70",2021,46,2021-11-12,73,NA,"Dengue"
"70",2021,47,2021-11-19,41,NA,"Dengue"
"70",2021,48,2021-11-26,62,NA,"Dengue"
"70",2021,49,2021-12-03,42,NA,"Dengue"
"70",2021,50,2021-12-10,63,NA,"Dengue"
"70",2021,51,2021-12-17,52,NA,"Dengue"
"70",2021,52,2021-12-24,56,NA,"Dengue"
"70",2022,1,2022-01-01,35,NA,"Dengue"
"70",2022,2,2022-01-08,28,NA,"Dengue"
"70",2022,3,2022-01-15,35,NA,"Dengue"
"70",2022,4,2022-01-22,31,NA,"Dengue"
"70",2022,5,2022-01-29,41,NA,"Dengue"
"70",2022,6,2022-02-05,38,NA,"Dengue"
"70",2022,7,2022-02-12,38,NA,"Dengue"
"70",2022,8,2022-02-19,38,NA,"Dengue"
"70",2022,9,2022-02-26,37,NA,"Dengue"
"70",2022,10,2022-03-05,34,NA,"Dengue"
"70",2022,11,2022-03-12,49,NA,"Dengue"
"70",2022,12,2022-03-19,46,NA,"Dengue"
"70",2022,13,2022-03-26,62,NA,"Dengue"
"70",2022,14,2022-04-02,51,NA,"Dengue"
"70",2022,15,2022-04-09,44,NA,"Dengue"
"70",2022,16,2022-04-16,77,NA,"Dengue"
"70",2022,17,2022-04-23,66,NA,"Dengue"
"70",2022,18,2022-04-30,72,NA,"Dengue"
"70",2022,19,2022-05-07,104,NA,"Dengue"
"70",2022,20,2022-05-14,137,NA,"Dengue"
"70",2022,21,2022-05-21,149,NA,"Dengue"
"70",2022,22,2022-05-28,141,NA,"Dengue"
"70",2022,23,2022-06-04,138,NA,"Dengue"
"70",2022,24,2022-06-11,128,NA,"Dengue"
"70",2022,25,2022-06-18,105,NA,"Dengue"
"70",2022,26,2022-06-25,131,NA,"Dengue"
"70",2022,27,2022-07-02,116,NA,"Dengue"
"70",2022,28,2022-07-09,149,NA,"Dengue"
"70",2022,29,2022-07-16,169,NA,"Dengue"
"70",2022,30,2022-07-23,119,NA,"Dengue"
"70",2022,31,2022-07-30,134,NA,"Dengue"
"70",2022,32,2022-08-06,117,NA,"Dengue"
"70",2022,33,2022-08-13,122,NA,"Dengue"
"70",2022,34,2022-08-20,128,NA,"Dengue"
"70",2022,35,2022-08-27,119,NA,"Dengue"
"70",2022,36,2022-09-03,120,NA,"Dengue"
"70",2022,37,2022-09-10,100,NA,"Dengue"
"70",2022,38,2022-09-17,91,NA,"Dengue"
"70",2022,39,2022-09-24,88,NA,"Dengue"
"70",2022,40,2022-10-01,107,NA,"Dengue"
"70",2022,41,2022-10-08,85,NA,"Dengue"
"70",2022,42,2022-10-15,122,NA,"Dengue"
"70",2022,43,2022-10-22,130,NA,"Dengue"
"70",2022,44,2022-10-29,108,NA,"Dengue"
"70",2022,45,2022-11-05,79,NA,"Dengue"
"70",2022,46,2022-11-12,83,NA,"Dengue"
"70",2022,47,2022-11-19,77,NA,"Dengue"
"70",2022,48,2022-11-26,84,NA,"Dengue"
"70",2022,49,2022-12-03,90,NA,"Dengue"
"70",2022,50,2022-12-10,101,NA,"Dengue"
"70",2022,51,2022-12-17,97,NA,"Dengue"
"70",2022,52,2022-12-24,108,NA,"Dengue"
"70",2023,1,2023-01-01,96,NA,"Dengue"
"70",2023,2,2023-01-08,90,NA,"Dengue"
"70",2023,3,2023-01-15,122,NA,"Dengue"
"70",2023,4,2023-01-22,128,NA,"Dengue"
"70",2023,5,2023-01-29,112,NA,"Dengue"
"70",2023,6,2023-02-05,104,NA,"Dengue"
"70",2023,7,2023-02-12,116,NA,"Dengue"
"70",2023,8,2023-02-19,81,NA,"Dengue"
"70",2023,9,2023-02-26,77,NA,"Dengue"
"70",2023,10,2023-03-05,76,NA,"Dengue"
"70",2023,11,2023-03-12,66,NA,"Dengue"
"70",2023,12,2023-03-19,72,NA,"Dengue"
"70",2023,13,2023-03-26,42,NA,"Dengue"
"70",2023,14,2023-04-02,61,NA,"Dengue"
"70",2023,15,2023-04-09,48,NA,"Dengue"
"70",2023,16,2023-04-16,41,NA,"Dengue"
"70",2023,17,2023-04-23,42,NA,"Dengue"
"70",2023,18,2023-04-30,47,NA,"Dengue"
"70",2023,19,2023-05-07,62,NA,"Dengue"
"70",2023,20,2023-05-14,54,NA,"Dengue"
"70",2023,21,2023-05-21,56,NA,"Dengue"
"70",2023,22,2023-05-28,56,NA,"Dengue"
"70",2023,23,2023-06-04,69,NA,"Dengue"
"70",2023,24,2023-06-11,84,NA,"Dengue"
"70",2023,25,2023-06-18,78,NA,"Dengue"
"70",2023,26,2023-06-25,94,NA,"Dengue"
"70",2023,27,2023-07-02,81,NA,"Dengue"
"70",2023,28,2023-07-09,95,NA,"Dengue"
"70",2023,29,2023-07-16,112,NA,"Dengue"
"70",2023,30,2023-07-23,82,NA,"Dengue"
"70",2023,31,2023-07-30,110,NA,"Dengue"
"70",2023,32,2023-08-06,63,NA,"Dengue"
"70",2023,33,2023-08-13,69,NA,"Dengue"
"70",2023,34,2023-08-20,55,NA,"Dengue"
"70",2023,35,2023-08-27,51,NA,"Dengue"
"70",2023,36,2023-09-03,55,NA,"Dengue"
"70",2023,37,2023-09-10,47,NA,"Dengue"
"70",2023,38,2023-09-17,43,NA,"Dengue"
"70",2023,39,2023-09-24,39,NA,"Dengue"
"70",2023,40,2023-10-01,37,NA,"Dengue"
"70",2023,41,2023-10-08,39,NA,"Dengue"
"70",2023,42,2023-10-15,48,NA,"Dengue"
"70",2023,43,2023-10-22,45,NA,"Dengue"
"70",2023,44,2023-10-29,29,NA,"Dengue"
"70",2023,45,2023-11-05,41,NA,"Dengue"
"70",2023,46,2023-11-12,35,NA,"Dengue"
"70",2023,47,2023-11-19,36,NA,"Dengue"
"70",2023,48,2023-11-26,29,NA,"Dengue"
"70",2023,49,2023-12-03,39,NA,"Dengue"
"70",2023,50,2023-12-10,35,NA,"Dengue"
"70",2023,51,2023-12-17,34,NA,"Dengue"
"70",2023,52,2023-12-24,34,NA,"Dengue"
"70",2024,1,2024-01-01,37,NA,"Dengue"
"70",2024,2,2024-01-08,39,NA,"Dengue"
"70",2024,3,2024-01-15,34,NA,"Dengue"
"70",2024,4,2024-01-22,39,NA,"Dengue"
"70",2024,5,2024-01-29,35,NA,"Dengue"
"70",2024,6,2024-02-05,34,NA,"Dengue"
"70",2024,7,2024-02-12,32,NA,"Dengue"
"70",2024,8,2024-02-19,33,NA,"Dengue"
"70",2024,9,2024-02-26,37,NA,"Dengue"
"70",2024,10,2024-03-04,21,NA,"Dengue"
"70",2024,11,2024-03-11,28,NA,"Dengue"
"70",2024,12,2024-03-18,21,NA,"Dengue"
"70",2024,13,2024-03-25,19,NA,"Dengue"
"70",2024,14,2024-04-01,25,NA,"Dengue"
"70",2024,15,2024-04-08,20,NA,"Dengue"
"70",2024,16,2024-04-15,16,NA,"Dengue"
"70",2024,17,2024-04-22,14,NA,"Dengue"
"70",2024,18,2024-04-29,20,NA,"Dengue"
"70",2024,19,2024-05-06,17,NA,"Dengue"
"70",2024,20,2024-05-13,31,NA,"Dengue"
"70",2024,21,2024-05-20,35,NA,"Dengue"
"70",2024,22,2024-05-27,40,NA,"Dengue"
"70",2024,23,2024-06-03,55,NA,"Dengue"
"70",2024,24,2024-06-10,48,NA,"Dengue"
"70",2024,25,2024-06-17,73,NA,"Dengue"
"70",2024,26,2024-06-24,61,NA,"Dengue"
"70",2024,27,2024-07-01,90,NA,"Dengue"
"70",2024,28,2024-07-08,98,NA,"Dengue"
"70",2024,29,2024-07-15,147,NA,"Dengue"
"70",2024,30,2024-07-22,141,NA,"Dengue"
"70",2024,31,2024-07-29,135,NA,"Dengue"
"70",2024,32,2024-08-05,126,NA,"Dengue"
"70",2024,33,2024-08-12,143,NA,"Dengue"
"70",2024,34,2024-08-19,146,NA,"Dengue"
"70",2024,35,2024-08-26,157,NA,"Dengue"
"70",2024,36,2024-09-02,165,NA,"Dengue"
"70",2024,37,2024-09-09,187,NA,"Dengue"
"70",2024,38,2024-09-16,206,NA,"Dengue"
"70",2024,39,2024-09-23,191,NA,"Dengue"
"70",2024,40,2024-09-30,181,NA,"Dengue"
"70",2024,41,2024-10-07,201,NA,"Dengue"
"70",2024,42,2024-10-14,205,NA,"Dengue"
"70",2024,43,2024-10-21,217,NA,"Dengue"
"70",2024,44,2024-10-28,216,NA,"Dengue"
"70",2024,45,2024-11-04,224,NA,"Dengue"
"70",2024,46,2024-11-11,209,NA,"Dengue"
"70",2024,47,2024-11-18,212,NA,"Dengue"
"70",2024,48,2024-11-25,195,NA,"Dengue"
"70",2024,49,2024-12-02,215,NA,"Dengue"
"70",2024,50,2024-12-09,205,NA,"Dengue"
"70",2024,51,2024-12-16,173,NA,"Dengue"
"70",2024,52,2024-12-23,139,NA,"Dengue"
"70",2025,1,2025-01-01,125,NA,"Dengue"
"70",2025,2,2025-01-08,142,NA,"Dengue"
"70",2025,3,2025-01-15,129,NA,"Dengue"
"70",2025,4,2025-01-22,157,NA,"Dengue"
"70",2025,5,2025-01-29,141,NA,"Dengue"
"70",2025,6,2025-02-05,142,NA,"Dengue"
"70",2025,7,2025-02-12,95,NA,"Dengue"
"70",2025,8,2025-02-19,109,NA,"Dengue"
"70",2025,9,2025-02-26,87,NA,"Dengue"
"70",2025,10,2025-03-05,91,NA,"Dengue"
"70",2025,11,2025-03-12,69,NA,"Dengue"
"70",2025,12,2025-03-19,65,NA,"Dengue"
"70",2025,13,2025-03-26,57,NA,"Dengue"
"70",2025,14,2025-04-02,43,NA,"Dengue"
"70",2025,15,2025-04-09,55,NA,"Dengue"
"70",2025,16,2025-04-16,54,NA,"Dengue"
"70",2025,17,2025-04-23,70,NA,"Dengue"
"70",2025,18,2025-04-30,49,NA,"Dengue"
"70",2025,19,2025-05-07,69,NA,"Dengue"
"70",2025,20,2025-05-14,88,NA,"Dengue"
"70",2025,21,2025-05-21,107,NA,"Dengue"
"70",2025,22,2025-05-28,84,NA,"Dengue"
"70",2025,23,2025-06-04,94,NA,"Dengue"
"70",2025,24,2025-06-11,79,NA,"Dengue"
"70",2025,25,2025-06-18,114,NA,"Dengue"
"70",2025,26,2025-06-25,103,NA,"Dengue"
"70",2025,27,2025-07-02,108,NA,"Dengue"
"70",2025,28,2025-07-09,113,NA,"Dengue"
"70",2025,29,2025-07-16,101,NA,"Dengue"
"70",2025,30,2025-07-23,84,NA,"Dengue"
"70",2025,31,2025-07-30,65,NA,"Dengue"
"70",2025,32,2025-08-06,66,NA,"Dengue"
"70",2025,33,2025-08-13,51,NA,"Dengue"
"70",2025,34,2025-08-20,51,NA,"Dengue"
"70",2025,35,2025-08-27,38,NA,"Dengue"
"70",2025,36,2025-09-03,42,NA,"Dengue"
"70",2025,37,2025-09-10,50,NA,"Dengue"
"70",2025,38,2025-09-17,27,NA,"Dengue"
"70",2025,39,2025-09-24,33,NA,"Dengue"
"70",2025,40,2025-10-01,26,NA,"Dengue"
"70",2025,41,2025-10-08,18,NA,"Dengue"
"70",2025,42,2025-10-15,27,NA,"Dengue"
"70",2025,43,2025-10-22,26,NA,"Dengue"
"70",2025,44,2025-10-29,32,NA,"Dengue"
"70",2025,45,2025-11-05,25,NA,"Dengue"
"70",2025,46,2025-11-12,31,NA,"Dengue"
"70",2025,47,2025-11-19,24,NA,"Dengue"
"70",2025,48,2025-11-26,15,NA,"Dengue"
"70",2025,49,2025-12-03,27,NA,"Dengue"
"70",2025,50,2025-12-10,27,NA,"Dengue"
"70",2025,51,2025-12-17,22,NA,"Dengue"
"70",2025,52,2025-12-24,38,NA,"Dengue"
"70",2025,53,2025-12-31,38,NA,"Dengue"
"73",2020,1,2020-01-01,369,NA,"Dengue"
"73",2020,2,2020-01-08,414,NA,"Dengue"
"73",2020,3,2020-01-15,466,NA,"Dengue"
"73",2020,4,2020-01-22,391,NA,"Dengue"
"73",2020,5,2020-01-29,375,NA,"Dengue"
"73",2020,6,2020-02-05,376,NA,"Dengue"
"73",2020,7,2020-02-12,324,NA,"Dengue"
"73",2020,8,2020-02-19,303,NA,"Dengue"
"73",2020,9,2020-02-26,283,NA,"Dengue"
"73",2020,10,2020-03-04,272,NA,"Dengue"
"73",2020,11,2020-03-11,249,NA,"Dengue"
"73",2020,12,2020-03-18,140,NA,"Dengue"
"73",2020,13,2020-03-25,108,NA,"Dengue"
"73",2020,14,2020-04-01,115,NA,"Dengue"
"73",2020,15,2020-04-08,129,NA,"Dengue"
"73",2020,16,2020-04-15,115,NA,"Dengue"
"73",2020,17,2020-04-22,113,NA,"Dengue"
"73",2020,18,2020-04-29,112,NA,"Dengue"
"73",2020,19,2020-05-06,122,NA,"Dengue"
"73",2020,20,2020-05-13,119,NA,"Dengue"
"73",2020,21,2020-05-20,91,NA,"Dengue"
"73",2020,22,2020-05-27,95,NA,"Dengue"
"73",2020,23,2020-06-03,106,NA,"Dengue"
"73",2020,24,2020-06-10,94,NA,"Dengue"
"73",2020,25,2020-06-17,64,NA,"Dengue"
"73",2020,26,2020-06-24,68,NA,"Dengue"
"73",2020,27,2020-07-01,79,NA,"Dengue"
"73",2020,28,2020-07-08,59,NA,"Dengue"
"73",2020,29,2020-07-15,68,NA,"Dengue"
"73",2020,30,2020-07-22,47,NA,"Dengue"
"73",2020,31,2020-07-29,61,NA,"Dengue"
"73",2020,32,2020-08-05,60,NA,"Dengue"
"73",2020,33,2020-08-12,58,NA,"Dengue"
"73",2020,34,2020-08-19,43,NA,"Dengue"
"73",2020,35,2020-08-26,52,NA,"Dengue"
"73",2020,36,2020-09-02,50,NA,"Dengue"
"73",2020,37,2020-09-09,58,NA,"Dengue"
"73",2020,38,2020-09-16,60,NA,"Dengue"
"73",2020,39,2020-09-23,52,NA,"Dengue"
"73",2020,40,2020-09-30,49,NA,"Dengue"
"73",2020,41,2020-10-07,60,NA,"Dengue"
"73",2020,42,2020-10-14,60,NA,"Dengue"
"73",2020,43,2020-10-21,56,NA,"Dengue"
"73",2020,44,2020-10-28,49,NA,"Dengue"
"73",2020,45,2020-11-04,42,NA,"Dengue"
"73",2020,46,2020-11-11,27,NA,"Dengue"
"73",2020,47,2020-11-18,40,NA,"Dengue"
"73",2020,48,2020-11-25,27,NA,"Dengue"
"73",2020,49,2020-12-02,51,NA,"Dengue"
"73",2020,50,2020-12-09,49,NA,"Dengue"
"73",2020,51,2020-12-16,45,NA,"Dengue"
"73",2020,52,2020-12-23,30,NA,"Dengue"
"73",2020,53,2020-12-30,34,NA,"Dengue"
"73",2021,1,2021-01-01,27,NA,"Dengue"
"73",2021,2,2021-01-08,27,NA,"Dengue"
"73",2021,3,2021-01-15,26,NA,"Dengue"
"73",2021,4,2021-01-22,34,NA,"Dengue"
"73",2021,5,2021-01-29,26,NA,"Dengue"
"73",2021,6,2021-02-05,16,NA,"Dengue"
"73",2021,7,2021-02-12,25,NA,"Dengue"
"73",2021,8,2021-02-19,28,NA,"Dengue"
"73",2021,9,2021-02-26,26,NA,"Dengue"
"73",2021,10,2021-03-05,23,NA,"Dengue"
"73",2021,11,2021-03-12,21,NA,"Dengue"
"73",2021,12,2021-03-19,26,NA,"Dengue"
"73",2021,13,2021-03-26,21,NA,"Dengue"
"73",2021,14,2021-04-02,36,NA,"Dengue"
"73",2021,15,2021-04-09,34,NA,"Dengue"
"73",2021,16,2021-04-16,37,NA,"Dengue"
"73",2021,17,2021-04-23,46,NA,"Dengue"
"73",2021,18,2021-04-30,41,NA,"Dengue"
"73",2021,19,2021-05-07,36,NA,"Dengue"
"73",2021,20,2021-05-14,59,NA,"Dengue"
"73",2021,21,2021-05-21,47,NA,"Dengue"
"73",2021,22,2021-05-28,51,NA,"Dengue"
"73",2021,23,2021-06-04,38,NA,"Dengue"
"73",2021,24,2021-06-11,41,NA,"Dengue"
"73",2021,25,2021-06-18,33,NA,"Dengue"
"73",2021,26,2021-06-25,29,NA,"Dengue"
"73",2021,27,2021-07-02,31,NA,"Dengue"
"73",2021,28,2021-07-09,14,NA,"Dengue"
"73",2021,29,2021-07-16,14,NA,"Dengue"
"73",2021,30,2021-07-23,16,NA,"Dengue"
"73",2021,31,2021-07-30,22,NA,"Dengue"
"73",2021,32,2021-08-06,14,NA,"Dengue"
"73",2021,33,2021-08-13,16,NA,"Dengue"
"73",2021,34,2021-08-20,23,NA,"Dengue"
"73",2021,35,2021-08-27,27,NA,"Dengue"
"73",2021,36,2021-09-03,26,NA,"Dengue"
"73",2021,37,2021-09-10,16,NA,"Dengue"
"73",2021,38,2021-09-17,18,NA,"Dengue"
"73",2021,39,2021-09-24,18,NA,"Dengue"
"73",2021,40,2021-10-01,22,NA,"Dengue"
"73",2021,41,2021-10-08,35,NA,"Dengue"
"73",2021,42,2021-10-15,28,NA,"Dengue"
"73",2021,43,2021-10-22,24,NA,"Dengue"
"73",2021,44,2021-10-29,30,NA,"Dengue"
"73",2021,45,2021-11-05,34,NA,"Dengue"
"73",2021,46,2021-11-12,35,NA,"Dengue"
"73",2021,47,2021-11-19,25,NA,"Dengue"
"73",2021,48,2021-11-26,27,NA,"Dengue"
"73",2021,49,2021-12-03,26,NA,"Dengue"
"73",2021,50,2021-12-10,32,NA,"Dengue"
"73",2021,51,2021-12-17,34,NA,"Dengue"
"73",2021,52,2021-12-24,34,NA,"Dengue"
"73",2022,1,2022-01-01,31,NA,"Dengue"
"73",2022,2,2022-01-08,36,NA,"Dengue"
"73",2022,3,2022-01-15,32,NA,"Dengue"
"73",2022,4,2022-01-22,17,NA,"Dengue"
"73",2022,5,2022-01-29,35,NA,"Dengue"
"73",2022,6,2022-02-05,25,NA,"Dengue"
"73",2022,7,2022-02-12,24,NA,"Dengue"
"73",2022,8,2022-02-19,34,NA,"Dengue"
"73",2022,9,2022-02-26,23,NA,"Dengue"
"73",2022,10,2022-03-05,32,NA,"Dengue"
"73",2022,11,2022-03-12,30,NA,"Dengue"
"73",2022,12,2022-03-19,31,NA,"Dengue"
"73",2022,13,2022-03-26,47,NA,"Dengue"
"73",2022,14,2022-04-02,45,NA,"Dengue"
"73",2022,15,2022-04-09,32,NA,"Dengue"
"73",2022,16,2022-04-16,59,NA,"Dengue"
"73",2022,17,2022-04-23,43,NA,"Dengue"
"73",2022,18,2022-04-30,60,NA,"Dengue"
"73",2022,19,2022-05-07,49,NA,"Dengue"
"73",2022,20,2022-05-14,64,NA,"Dengue"
"73",2022,21,2022-05-21,60,NA,"Dengue"
"73",2022,22,2022-05-28,67,NA,"Dengue"
"73",2022,23,2022-06-04,61,NA,"Dengue"
"73",2022,24,2022-06-11,63,NA,"Dengue"
"73",2022,25,2022-06-18,65,NA,"Dengue"
"73",2022,26,2022-06-25,72,NA,"Dengue"
"73",2022,27,2022-07-02,75,NA,"Dengue"
"73",2022,28,2022-07-09,78,NA,"Dengue"
"73",2022,29,2022-07-16,77,NA,"Dengue"
"73",2022,30,2022-07-23,59,NA,"Dengue"
"73",2022,31,2022-07-30,60,NA,"Dengue"
"73",2022,32,2022-08-06,50,NA,"Dengue"
"73",2022,33,2022-08-13,73,NA,"Dengue"
"73",2022,34,2022-08-20,62,NA,"Dengue"
"73",2022,35,2022-08-27,77,NA,"Dengue"
"73",2022,36,2022-09-03,58,NA,"Dengue"
"73",2022,37,2022-09-10,64,NA,"Dengue"
"73",2022,38,2022-09-17,52,NA,"Dengue"
"73",2022,39,2022-09-24,74,NA,"Dengue"
"73",2022,40,2022-10-01,73,NA,"Dengue"
"73",2022,41,2022-10-08,98,NA,"Dengue"
"73",2022,42,2022-10-15,89,NA,"Dengue"
"73",2022,43,2022-10-22,78,NA,"Dengue"
"73",2022,44,2022-10-29,86,NA,"Dengue"
"73",2022,45,2022-11-05,97,NA,"Dengue"
"73",2022,46,2022-11-12,95,NA,"Dengue"
"73",2022,47,2022-11-19,109,NA,"Dengue"
"73",2022,48,2022-11-26,106,NA,"Dengue"
"73",2022,49,2022-12-03,110,NA,"Dengue"
"73",2022,50,2022-12-10,83,NA,"Dengue"
"73",2022,51,2022-12-17,108,NA,"Dengue"
"73",2022,52,2022-12-24,117,NA,"Dengue"
"73",2023,1,2023-01-01,145,NA,"Dengue"
"73",2023,2,2023-01-08,131,NA,"Dengue"
"73",2023,3,2023-01-15,178,NA,"Dengue"
"73",2023,4,2023-01-22,148,NA,"Dengue"
"73",2023,5,2023-01-29,186,NA,"Dengue"
"73",2023,6,2023-02-05,173,NA,"Dengue"
"73",2023,7,2023-02-12,126,NA,"Dengue"
"73",2023,8,2023-02-19,147,NA,"Dengue"
"73",2023,9,2023-02-26,142,NA,"Dengue"
"73",2023,10,2023-03-05,141,NA,"Dengue"
"73",2023,11,2023-03-12,165,NA,"Dengue"
"73",2023,12,2023-03-19,157,NA,"Dengue"
"73",2023,13,2023-03-26,145,NA,"Dengue"
"73",2023,14,2023-04-02,175,NA,"Dengue"
"73",2023,15,2023-04-09,155,NA,"Dengue"
"73",2023,16,2023-04-16,207,NA,"Dengue"
"73",2023,17,2023-04-23,216,NA,"Dengue"
"73",2023,18,2023-04-30,272,NA,"Dengue"
"73",2023,19,2023-05-07,240,NA,"Dengue"
"73",2023,20,2023-05-14,206,NA,"Dengue"
"73",2023,21,2023-05-21,188,NA,"Dengue"
"73",2023,22,2023-05-28,212,NA,"Dengue"
"73",2023,23,2023-06-04,205,NA,"Dengue"
"73",2023,24,2023-06-11,164,NA,"Dengue"
"73",2023,25,2023-06-18,138,NA,"Dengue"
"73",2023,26,2023-06-25,181,NA,"Dengue"
"73",2023,27,2023-07-02,200,NA,"Dengue"
"73",2023,28,2023-07-09,218,NA,"Dengue"
"73",2023,29,2023-07-16,209,NA,"Dengue"
"73",2023,30,2023-07-23,196,NA,"Dengue"
"73",2023,31,2023-07-30,203,NA,"Dengue"
"73",2023,32,2023-08-06,196,NA,"Dengue"
"73",2023,33,2023-08-13,209,NA,"Dengue"
"73",2023,34,2023-08-20,214,NA,"Dengue"
"73",2023,35,2023-08-27,231,NA,"Dengue"
"73",2023,36,2023-09-03,261,NA,"Dengue"
"73",2023,37,2023-09-10,280,NA,"Dengue"
"73",2023,38,2023-09-17,267,NA,"Dengue"
"73",2023,39,2023-09-24,283,NA,"Dengue"
"73",2023,40,2023-10-01,271,NA,"Dengue"
"73",2023,41,2023-10-08,269,NA,"Dengue"
"73",2023,42,2023-10-15,294,NA,"Dengue"
"73",2023,43,2023-10-22,331,NA,"Dengue"
"73",2023,44,2023-10-29,335,NA,"Dengue"
"73",2023,45,2023-11-05,344,NA,"Dengue"
"73",2023,46,2023-11-12,377,NA,"Dengue"
"73",2023,47,2023-11-19,373,NA,"Dengue"
"73",2023,48,2023-11-26,404,NA,"Dengue"
"73",2023,49,2023-12-03,435,NA,"Dengue"
"73",2023,50,2023-12-10,454,NA,"Dengue"
"73",2023,51,2023-12-17,432,NA,"Dengue"
"73",2023,52,2023-12-24,438,NA,"Dengue"
"73",2024,1,2024-01-01,564,NA,"Dengue"
"73",2024,2,2024-01-08,582,NA,"Dengue"
"73",2024,3,2024-01-15,562,NA,"Dengue"
"73",2024,4,2024-01-22,583,NA,"Dengue"
"73",2024,5,2024-01-29,581,NA,"Dengue"
"73",2024,6,2024-02-05,592,NA,"Dengue"
"73",2024,7,2024-02-12,617,NA,"Dengue"
"73",2024,8,2024-02-19,619,NA,"Dengue"
"73",2024,9,2024-02-26,613,NA,"Dengue"
"73",2024,10,2024-03-04,602,NA,"Dengue"
"73",2024,11,2024-03-11,673,NA,"Dengue"
"73",2024,12,2024-03-18,667,NA,"Dengue"
"73",2024,13,2024-03-25,652,NA,"Dengue"
"73",2024,14,2024-04-01,740,NA,"Dengue"
"73",2024,15,2024-04-08,719,NA,"Dengue"
"73",2024,16,2024-04-15,743,NA,"Dengue"
"73",2024,17,2024-04-22,674,NA,"Dengue"
"73",2024,18,2024-04-29,690,NA,"Dengue"
"73",2024,19,2024-05-06,651,NA,"Dengue"
"73",2024,20,2024-05-13,760,NA,"Dengue"
"73",2024,21,2024-05-20,749,NA,"Dengue"
"73",2024,22,2024-05-27,720,NA,"Dengue"
"73",2024,23,2024-06-03,753,NA,"Dengue"
"73",2024,24,2024-06-10,682,NA,"Dengue"
"73",2024,25,2024-06-17,570,NA,"Dengue"
"73",2024,26,2024-06-24,511,NA,"Dengue"
"73",2024,27,2024-07-01,589,NA,"Dengue"
"73",2024,28,2024-07-08,541,NA,"Dengue"
"73",2024,29,2024-07-15,529,NA,"Dengue"
"73",2024,30,2024-07-22,458,NA,"Dengue"
"73",2024,31,2024-07-29,423,NA,"Dengue"
"73",2024,32,2024-08-05,386,NA,"Dengue"
"73",2024,33,2024-08-12,357,NA,"Dengue"
"73",2024,34,2024-08-19,332,NA,"Dengue"
"73",2024,35,2024-08-26,335,NA,"Dengue"
"73",2024,36,2024-09-02,350,NA,"Dengue"
"73",2024,37,2024-09-09,340,NA,"Dengue"
"73",2024,38,2024-09-16,239,NA,"Dengue"
"73",2024,39,2024-09-23,233,NA,"Dengue"
"73",2024,40,2024-09-30,189,NA,"Dengue"
"73",2024,41,2024-10-07,172,NA,"Dengue"
"73",2024,42,2024-10-14,231,NA,"Dengue"
"73",2024,43,2024-10-21,222,NA,"Dengue"
"73",2024,44,2024-10-28,201,NA,"Dengue"
"73",2024,45,2024-11-04,198,NA,"Dengue"
"73",2024,46,2024-11-11,214,NA,"Dengue"
"73",2024,47,2024-11-18,216,NA,"Dengue"
"73",2024,48,2024-11-25,286,NA,"Dengue"
"73",2024,49,2024-12-02,302,NA,"Dengue"
"73",2024,50,2024-12-09,310,NA,"Dengue"
"73",2024,51,2024-12-16,243,NA,"Dengue"
"73",2024,52,2024-12-23,197,NA,"Dengue"
"73",2025,1,2025-01-01,204,NA,"Dengue"
"73",2025,2,2025-01-08,262,NA,"Dengue"
"73",2025,3,2025-01-15,194,NA,"Dengue"
"73",2025,4,2025-01-22,185,NA,"Dengue"
"73",2025,5,2025-01-29,176,NA,"Dengue"
"73",2025,6,2025-02-05,162,NA,"Dengue"
"73",2025,7,2025-02-12,141,NA,"Dengue"
"73",2025,8,2025-02-19,142,NA,"Dengue"
"73",2025,9,2025-02-26,158,NA,"Dengue"
"73",2025,10,2025-03-05,140,NA,"Dengue"
"73",2025,11,2025-03-12,135,NA,"Dengue"
"73",2025,12,2025-03-19,160,NA,"Dengue"
"73",2025,13,2025-03-26,117,NA,"Dengue"
"73",2025,14,2025-04-02,144,NA,"Dengue"
"73",2025,15,2025-04-09,130,NA,"Dengue"
"73",2025,16,2025-04-16,146,NA,"Dengue"
"73",2025,17,2025-04-23,168,NA,"Dengue"
"73",2025,18,2025-04-30,150,NA,"Dengue"
"73",2025,19,2025-05-07,149,NA,"Dengue"
"73",2025,20,2025-05-14,118,NA,"Dengue"
"73",2025,21,2025-05-21,133,NA,"Dengue"
"73",2025,22,2025-05-28,119,NA,"Dengue"
"73",2025,23,2025-06-04,83,NA,"Dengue"
"73",2025,24,2025-06-11,85,NA,"Dengue"
"73",2025,25,2025-06-18,85,NA,"Dengue"
"73",2025,26,2025-06-25,79,NA,"Dengue"
"73",2025,27,2025-07-02,92,NA,"Dengue"
"73",2025,28,2025-07-09,92,NA,"Dengue"
"73",2025,29,2025-07-16,72,NA,"Dengue"
"73",2025,30,2025-07-23,80,NA,"Dengue"
"73",2025,31,2025-07-30,65,NA,"Dengue"
"73",2025,32,2025-08-06,51,NA,"Dengue"
"73",2025,33,2025-08-13,53,NA,"Dengue"
"73",2025,34,2025-08-20,58,NA,"Dengue"
"73",2025,35,2025-08-27,72,NA,"Dengue"
"73",2025,36,2025-09-03,57,NA,"Dengue"
"73",2025,37,2025-09-10,55,NA,"Dengue"
"73",2025,38,2025-09-17,44,NA,"Dengue"
"73",2025,39,2025-09-24,44,NA,"Dengue"
"73",2025,40,2025-10-01,45,NA,"Dengue"
"73",2025,41,2025-10-08,43,NA,"Dengue"
"73",2025,42,2025-10-15,55,NA,"Dengue"
"73",2025,43,2025-10-22,50,NA,"Dengue"
"73",2025,44,2025-10-29,49,NA,"Dengue"
"73",2025,45,2025-11-05,59,NA,"Dengue"
"73",2025,46,2025-11-12,65,NA,"Dengue"
"73",2025,47,2025-11-19,56,NA,"Dengue"
"73",2025,48,2025-11-26,61,NA,"Dengue"
"73",2025,49,2025-12-03,47,NA,"Dengue"
"73",2025,50,2025-12-10,40,NA,"Dengue"
"73",2025,51,2025-12-17,66,NA,"Dengue"
"73",2025,52,2025-12-24,42,NA,"Dengue"
"73",2025,53,2025-12-31,80,NA,"Dengue"
"76",2020,1,2020-01-01,676,NA,"Dengue"
"76",2020,2,2020-01-08,796,NA,"Dengue"
"76",2020,3,2020-01-15,991,NA,"Dengue"
"76",2020,4,2020-01-22,1075,NA,"Dengue"
"76",2020,5,2020-01-29,1275,NA,"Dengue"
"76",2020,6,2020-02-05,1397,NA,"Dengue"
"76",2020,7,2020-02-12,1279,NA,"Dengue"
"76",2020,8,2020-02-19,1302,NA,"Dengue"
"76",2020,9,2020-02-26,1338,NA,"Dengue"
"76",2020,10,2020-03-04,1452,NA,"Dengue"
"76",2020,11,2020-03-11,1419,NA,"Dengue"
"76",2020,12,2020-03-18,922,NA,"Dengue"
"76",2020,13,2020-03-25,884,NA,"Dengue"
"76",2020,14,2020-04-01,898,NA,"Dengue"
"76",2020,15,2020-04-08,749,NA,"Dengue"
"76",2020,16,2020-04-15,758,NA,"Dengue"
"76",2020,17,2020-04-22,737,NA,"Dengue"
"76",2020,18,2020-04-29,660,NA,"Dengue"
"76",2020,19,2020-05-06,595,NA,"Dengue"
"76",2020,20,2020-05-13,606,NA,"Dengue"
"76",2020,21,2020-05-20,563,NA,"Dengue"
"76",2020,22,2020-05-27,445,NA,"Dengue"
"76",2020,23,2020-06-03,455,NA,"Dengue"
"76",2020,24,2020-06-10,362,NA,"Dengue"
"76",2020,25,2020-06-17,409,NA,"Dengue"
"76",2020,26,2020-06-24,332,NA,"Dengue"
"76",2020,27,2020-07-01,360,NA,"Dengue"
"76",2020,28,2020-07-08,287,NA,"Dengue"
"76",2020,29,2020-07-15,283,NA,"Dengue"
"76",2020,30,2020-07-22,297,NA,"Dengue"
"76",2020,31,2020-07-29,248,NA,"Dengue"
"76",2020,32,2020-08-05,253,NA,"Dengue"
"76",2020,33,2020-08-12,261,NA,"Dengue"
"76",2020,34,2020-08-19,228,NA,"Dengue"
"76",2020,35,2020-08-26,242,NA,"Dengue"
"76",2020,36,2020-09-02,235,NA,"Dengue"
"76",2020,37,2020-09-09,224,NA,"Dengue"
"76",2020,38,2020-09-16,228,NA,"Dengue"
"76",2020,39,2020-09-23,219,NA,"Dengue"
"76",2020,40,2020-09-30,176,NA,"Dengue"
"76",2020,41,2020-10-07,190,NA,"Dengue"
"76",2020,42,2020-10-14,200,NA,"Dengue"
"76",2020,43,2020-10-21,196,NA,"Dengue"
"76",2020,44,2020-10-28,199,NA,"Dengue"
"76",2020,45,2020-11-04,195,NA,"Dengue"
"76",2020,46,2020-11-11,171,NA,"Dengue"
"76",2020,47,2020-11-18,178,NA,"Dengue"
"76",2020,48,2020-11-25,161,NA,"Dengue"
"76",2020,49,2020-12-02,189,NA,"Dengue"
"76",2020,50,2020-12-09,190,NA,"Dengue"
"76",2020,51,2020-12-16,169,NA,"Dengue"
"76",2020,52,2020-12-23,185,NA,"Dengue"
"76",2020,53,2020-12-30,161,NA,"Dengue"
"76",2021,1,2021-01-01,217,NA,"Dengue"
"76",2021,2,2021-01-08,189,NA,"Dengue"
"76",2021,3,2021-01-15,216,NA,"Dengue"
"76",2021,4,2021-01-22,260,NA,"Dengue"
"76",2021,5,2021-01-29,231,NA,"Dengue"
"76",2021,6,2021-02-05,230,NA,"Dengue"
"76",2021,7,2021-02-12,229,NA,"Dengue"
"76",2021,8,2021-02-19,244,NA,"Dengue"
"76",2021,9,2021-02-26,232,NA,"Dengue"
"76",2021,10,2021-03-05,223,NA,"Dengue"
"76",2021,11,2021-03-12,213,NA,"Dengue"
"76",2021,12,2021-03-19,208,NA,"Dengue"
"76",2021,13,2021-03-26,188,NA,"Dengue"
"76",2021,14,2021-04-02,218,NA,"Dengue"
"76",2021,15,2021-04-09,195,NA,"Dengue"
"76",2021,16,2021-04-16,140,NA,"Dengue"
"76",2021,17,2021-04-23,133,NA,"Dengue"
"76",2021,18,2021-04-30,128,NA,"Dengue"
"76",2021,19,2021-05-07,136,NA,"Dengue"
"76",2021,20,2021-05-14,168,NA,"Dengue"
"76",2021,21,2021-05-21,134,NA,"Dengue"
"76",2021,22,2021-05-28,155,NA,"Dengue"
"76",2021,23,2021-06-04,148,NA,"Dengue"
"76",2021,24,2021-06-11,161,NA,"Dengue"
"76",2021,25,2021-06-18,188,NA,"Dengue"
"76",2021,26,2021-06-25,149,NA,"Dengue"
"76",2021,27,2021-07-02,121,NA,"Dengue"
"76",2021,28,2021-07-09,124,NA,"Dengue"
"76",2021,29,2021-07-16,181,NA,"Dengue"
"76",2021,30,2021-07-23,123,NA,"Dengue"
"76",2021,31,2021-07-30,169,NA,"Dengue"
"76",2021,32,2021-08-06,138,NA,"Dengue"
"76",2021,33,2021-08-13,146,NA,"Dengue"
"76",2021,34,2021-08-20,133,NA,"Dengue"
"76",2021,35,2021-08-27,148,NA,"Dengue"
"76",2021,36,2021-09-03,136,NA,"Dengue"
"76",2021,37,2021-09-10,142,NA,"Dengue"
"76",2021,38,2021-09-17,149,NA,"Dengue"
"76",2021,39,2021-09-24,120,NA,"Dengue"
"76",2021,40,2021-10-01,128,NA,"Dengue"
"76",2021,41,2021-10-08,154,NA,"Dengue"
"76",2021,42,2021-10-15,107,NA,"Dengue"
"76",2021,43,2021-10-22,106,NA,"Dengue"
"76",2021,44,2021-10-29,137,NA,"Dengue"
"76",2021,45,2021-11-05,127,NA,"Dengue"
"76",2021,46,2021-11-12,125,NA,"Dengue"
"76",2021,47,2021-11-19,130,NA,"Dengue"
"76",2021,48,2021-11-26,141,NA,"Dengue"
"76",2021,49,2021-12-03,121,NA,"Dengue"
"76",2021,50,2021-12-10,130,NA,"Dengue"
"76",2021,51,2021-12-17,150,NA,"Dengue"
"76",2021,52,2021-12-24,125,NA,"Dengue"
"76",2022,1,2022-01-01,81,NA,"Dengue"
"76",2022,2,2022-01-08,93,NA,"Dengue"
"76",2022,3,2022-01-15,95,NA,"Dengue"
"76",2022,4,2022-01-22,78,NA,"Dengue"
"76",2022,5,2022-01-29,82,NA,"Dengue"
"76",2022,6,2022-02-05,79,NA,"Dengue"
"76",2022,7,2022-02-12,75,NA,"Dengue"
"76",2022,8,2022-02-19,79,NA,"Dengue"
"76",2022,9,2022-02-26,76,NA,"Dengue"
"76",2022,10,2022-03-05,93,NA,"Dengue"
"76",2022,11,2022-03-12,75,NA,"Dengue"
"76",2022,12,2022-03-19,95,NA,"Dengue"
"76",2022,13,2022-03-26,89,NA,"Dengue"
"76",2022,14,2022-04-02,77,NA,"Dengue"
"76",2022,15,2022-04-09,83,NA,"Dengue"
"76",2022,16,2022-04-16,90,NA,"Dengue"
"76",2022,17,2022-04-23,94,NA,"Dengue"
"76",2022,18,2022-04-30,89,NA,"Dengue"
"76",2022,19,2022-05-07,85,NA,"Dengue"
"76",2022,20,2022-05-14,96,NA,"Dengue"
"76",2022,21,2022-05-21,86,NA,"Dengue"
"76",2022,22,2022-05-28,93,NA,"Dengue"
"76",2022,23,2022-06-04,66,NA,"Dengue"
"76",2022,24,2022-06-11,100,NA,"Dengue"
"76",2022,25,2022-06-18,77,NA,"Dengue"
"76",2022,26,2022-06-25,95,NA,"Dengue"
"76",2022,27,2022-07-02,92,NA,"Dengue"
"76",2022,28,2022-07-09,92,NA,"Dengue"
"76",2022,29,2022-07-16,81,NA,"Dengue"
"76",2022,30,2022-07-23,61,NA,"Dengue"
"76",2022,31,2022-07-30,77,NA,"Dengue"
"76",2022,32,2022-08-06,72,NA,"Dengue"
"76",2022,33,2022-08-13,77,NA,"Dengue"
"76",2022,34,2022-08-20,75,NA,"Dengue"
"76",2022,35,2022-08-27,94,NA,"Dengue"
"76",2022,36,2022-09-03,104,NA,"Dengue"
"76",2022,37,2022-09-10,63,NA,"Dengue"
"76",2022,38,2022-09-17,80,NA,"Dengue"
"76",2022,39,2022-09-24,65,NA,"Dengue"
"76",2022,40,2022-10-01,64,NA,"Dengue"
"76",2022,41,2022-10-08,67,NA,"Dengue"
"76",2022,42,2022-10-15,78,NA,"Dengue"
"76",2022,43,2022-10-22,81,NA,"Dengue"
"76",2022,44,2022-10-29,84,NA,"Dengue"
"76",2022,45,2022-11-05,83,NA,"Dengue"
"76",2022,46,2022-11-12,95,NA,"Dengue"
"76",2022,47,2022-11-19,79,NA,"Dengue"
"76",2022,48,2022-11-26,70,NA,"Dengue"
"76",2022,49,2022-12-03,83,NA,"Dengue"
"76",2022,50,2022-12-10,62,NA,"Dengue"
"76",2022,51,2022-12-17,55,NA,"Dengue"
"76",2022,52,2022-12-24,61,NA,"Dengue"
"76",2023,1,2023-01-01,75,NA,"Dengue"
"76",2023,2,2023-01-08,73,NA,"Dengue"
"76",2023,3,2023-01-15,60,NA,"Dengue"
"76",2023,4,2023-01-22,67,NA,"Dengue"
"76",2023,5,2023-01-29,73,NA,"Dengue"
"76",2023,6,2023-02-05,90,NA,"Dengue"
"76",2023,7,2023-02-12,86,NA,"Dengue"
"76",2023,8,2023-02-19,97,NA,"Dengue"
"76",2023,9,2023-02-26,82,NA,"Dengue"
"76",2023,10,2023-03-05,111,NA,"Dengue"
"76",2023,11,2023-03-12,95,NA,"Dengue"
"76",2023,12,2023-03-19,112,NA,"Dengue"
"76",2023,13,2023-03-26,110,NA,"Dengue"
"76",2023,14,2023-04-02,106,NA,"Dengue"
"76",2023,15,2023-04-09,106,NA,"Dengue"
"76",2023,16,2023-04-16,122,NA,"Dengue"
"76",2023,17,2023-04-23,97,NA,"Dengue"
"76",2023,18,2023-04-30,152,NA,"Dengue"
"76",2023,19,2023-05-07,150,NA,"Dengue"
"76",2023,20,2023-05-14,158,NA,"Dengue"
"76",2023,21,2023-05-21,171,NA,"Dengue"
"76",2023,22,2023-05-28,213,NA,"Dengue"
"76",2023,23,2023-06-04,221,NA,"Dengue"
"76",2023,24,2023-06-11,314,NA,"Dengue"
"76",2023,25,2023-06-18,350,NA,"Dengue"
"76",2023,26,2023-06-25,360,NA,"Dengue"
"76",2023,27,2023-07-02,406,NA,"Dengue"
"76",2023,28,2023-07-09,398,NA,"Dengue"
"76",2023,29,2023-07-16,470,NA,"Dengue"
"76",2023,30,2023-07-23,454,NA,"Dengue"
"76",2023,31,2023-07-30,509,NA,"Dengue"
"76",2023,32,2023-08-06,510,NA,"Dengue"
"76",2023,33,2023-08-13,484,NA,"Dengue"
"76",2023,34,2023-08-20,554,NA,"Dengue"
"76",2023,35,2023-08-27,644,NA,"Dengue"
"76",2023,36,2023-09-03,597,NA,"Dengue"
"76",2023,37,2023-09-10,631,NA,"Dengue"
"76",2023,38,2023-09-17,743,NA,"Dengue"
"76",2023,39,2023-09-24,625,NA,"Dengue"
"76",2023,40,2023-10-01,739,NA,"Dengue"
"76",2023,41,2023-10-08,735,NA,"Dengue"
"76",2023,42,2023-10-15,831,NA,"Dengue"
"76",2023,43,2023-10-22,870,NA,"Dengue"
"76",2023,44,2023-10-29,818,NA,"Dengue"
"76",2023,45,2023-11-05,844,NA,"Dengue"
"76",2023,46,2023-11-12,1036,NA,"Dengue"
"76",2023,47,2023-11-19,1038,NA,"Dengue"
"76",2023,48,2023-11-26,1163,NA,"Dengue"
"76",2023,49,2023-12-03,1274,NA,"Dengue"
"76",2023,50,2023-12-10,1334,NA,"Dengue"
"76",2023,51,2023-12-17,1328,NA,"Dengue"
"76",2023,52,2023-12-24,1297,NA,"Dengue"
"76",2024,1,2024-01-01,1500,NA,"Dengue"
"76",2024,2,2024-01-08,1538,NA,"Dengue"
"76",2024,3,2024-01-15,1744,NA,"Dengue"
"76",2024,4,2024-01-22,1829,NA,"Dengue"
"76",2024,5,2024-01-29,2030,NA,"Dengue"
"76",2024,6,2024-02-05,2246,NA,"Dengue"
"76",2024,7,2024-02-12,2485,NA,"Dengue"
"76",2024,8,2024-02-19,2489,NA,"Dengue"
"76",2024,9,2024-02-26,2605,NA,"Dengue"
"76",2024,10,2024-03-04,2704,NA,"Dengue"
"76",2024,11,2024-03-11,2925,NA,"Dengue"
"76",2024,12,2024-03-18,2767,NA,"Dengue"
"76",2024,13,2024-03-25,2584,NA,"Dengue"
"76",2024,14,2024-04-01,3091,NA,"Dengue"
"76",2024,15,2024-04-08,2903,NA,"Dengue"
"76",2024,16,2024-04-15,2991,NA,"Dengue"
"76",2024,17,2024-04-22,2594,NA,"Dengue"
"76",2024,18,2024-04-29,2760,NA,"Dengue"
"76",2024,19,2024-05-06,2553,NA,"Dengue"
"76",2024,20,2024-05-13,2664,NA,"Dengue"
"76",2024,21,2024-05-20,3009,NA,"Dengue"
"76",2024,22,2024-05-27,2785,NA,"Dengue"
"76",2024,23,2024-06-03,2751,NA,"Dengue"
"76",2024,24,2024-06-10,2737,NA,"Dengue"
"76",2024,25,2024-06-17,2624,NA,"Dengue"
"76",2024,26,2024-06-24,2188,NA,"Dengue"
"76",2024,27,2024-07-01,2076,NA,"Dengue"
"76",2024,28,2024-07-08,2021,NA,"Dengue"
"76",2024,29,2024-07-15,1995,NA,"Dengue"
"76",2024,30,2024-07-22,1731,NA,"Dengue"
"76",2024,31,2024-07-29,1594,NA,"Dengue"
"76",2024,32,2024-08-05,1296,NA,"Dengue"
"76",2024,33,2024-08-12,1111,NA,"Dengue"
"76",2024,34,2024-08-19,1033,NA,"Dengue"
"76",2024,35,2024-08-26,895,NA,"Dengue"
"76",2024,36,2024-09-02,922,NA,"Dengue"
"76",2024,37,2024-09-09,846,NA,"Dengue"
"76",2024,38,2024-09-16,745,NA,"Dengue"
"76",2024,39,2024-09-23,648,NA,"Dengue"
"76",2024,40,2024-09-30,588,NA,"Dengue"
"76",2024,41,2024-10-07,571,NA,"Dengue"
"76",2024,42,2024-10-14,580,NA,"Dengue"
"76",2024,43,2024-10-21,476,NA,"Dengue"
"76",2024,44,2024-10-28,493,NA,"Dengue"
"76",2024,45,2024-11-04,465,NA,"Dengue"
"76",2024,46,2024-11-11,433,NA,"Dengue"
"76",2024,47,2024-11-18,448,NA,"Dengue"
"76",2024,48,2024-11-25,426,NA,"Dengue"
"76",2024,49,2024-12-02,465,NA,"Dengue"
"76",2024,50,2024-12-09,429,NA,"Dengue"
"76",2024,51,2024-12-16,375,NA,"Dengue"
"76",2024,52,2024-12-23,352,NA,"Dengue"
"76",2025,1,2025-01-01,315,NA,"Dengue"
"76",2025,2,2025-01-08,339,NA,"Dengue"
"76",2025,3,2025-01-15,304,NA,"Dengue"
"76",2025,4,2025-01-22,301,NA,"Dengue"
"76",2025,5,2025-01-29,296,NA,"Dengue"
"76",2025,6,2025-02-05,237,NA,"Dengue"
"76",2025,7,2025-02-12,255,NA,"Dengue"
"76",2025,8,2025-02-19,282,NA,"Dengue"
"76",2025,9,2025-02-26,278,NA,"Dengue"
"76",2025,10,2025-03-05,250,NA,"Dengue"
"76",2025,11,2025-03-12,220,NA,"Dengue"
"76",2025,12,2025-03-19,204,NA,"Dengue"
"76",2025,13,2025-03-26,166,NA,"Dengue"
"76",2025,14,2025-04-02,184,NA,"Dengue"
"76",2025,15,2025-04-09,185,NA,"Dengue"
"76",2025,16,2025-04-16,161,NA,"Dengue"
"76",2025,17,2025-04-23,166,NA,"Dengue"
"76",2025,18,2025-04-30,133,NA,"Dengue"
"76",2025,19,2025-05-07,166,NA,"Dengue"
"76",2025,20,2025-05-14,158,NA,"Dengue"
"76",2025,21,2025-05-21,142,NA,"Dengue"
"76",2025,22,2025-05-28,125,NA,"Dengue"
"76",2025,23,2025-06-04,118,NA,"Dengue"
"76",2025,24,2025-06-11,133,NA,"Dengue"
"76",2025,25,2025-06-18,112,NA,"Dengue"
"76",2025,26,2025-06-25,102,NA,"Dengue"
"76",2025,27,2025-07-02,124,NA,"Dengue"
"76",2025,28,2025-07-09,92,NA,"Dengue"
"76",2025,29,2025-07-16,97,NA,"Dengue"
"76",2025,30,2025-07-23,98,NA,"Dengue"
"76",2025,31,2025-07-30,92,NA,"Dengue"
"76",2025,32,2025-08-06,70,NA,"Dengue"
"76",2025,33,2025-08-13,88,NA,"Dengue"
"76",2025,34,2025-08-20,64,NA,"Dengue"
"76",2025,35,2025-08-27,72,NA,"Dengue"
"76",2025,36,2025-09-03,93,NA,"Dengue"
"76",2025,37,2025-09-10,89,NA,"Dengue"
"76",2025,38,2025-09-17,79,NA,"Dengue"
"76",2025,39,2025-09-24,72,NA,"Dengue"
"76",2025,40,2025-10-01,87,NA,"Dengue"
"76",2025,41,2025-10-08,68,NA,"Dengue"
"76",2025,42,2025-10-15,87,NA,"Dengue"
"76",2025,43,2025-10-22,79,NA,"Dengue"
"76",2025,44,2025-10-29,76,NA,"Dengue"
"76",2025,45,2025-11-05,97,NA,"Dengue"
"76",2025,46,2025-11-12,72,NA,"Dengue"
"76",2025,47,2025-11-19,73,NA,"Dengue"
"76",2025,48,2025-11-26,67,NA,"Dengue"
"76",2025,49,2025-12-03,97,NA,"Dengue"
"76",2025,50,2025-12-10,78,NA,"Dengue"
"76",2025,51,2025-12-17,67,NA,"Dengue"
"76",2025,52,2025-12-24,63,NA,"Dengue"
"76",2025,53,2025-12-31,65,NA,"Dengue"
"81",2020,1,2020-01-01,9,NA,"Dengue"
"81",2020,2,2020-01-08,10,NA,"Dengue"
"81",2020,3,2020-01-15,6,NA,"Dengue"
"81",2020,4,2020-01-22,10,NA,"Dengue"
"81",2020,5,2020-01-29,15,NA,"Dengue"
"81",2020,6,2020-02-05,13,NA,"Dengue"
"81",2020,7,2020-02-12,8,NA,"Dengue"
"81",2020,8,2020-02-19,5,NA,"Dengue"
"81",2020,9,2020-02-26,3,NA,"Dengue"
"81",2020,10,2020-03-04,5,NA,"Dengue"
"81",2020,11,2020-03-11,12,NA,"Dengue"
"81",2020,12,2020-03-18,10,NA,"Dengue"
"81",2020,13,2020-03-25,10,NA,"Dengue"
"81",2020,14,2020-04-01,11,NA,"Dengue"
"81",2020,15,2020-04-08,4,NA,"Dengue"
"81",2020,16,2020-04-15,10,NA,"Dengue"
"81",2020,17,2020-04-22,2,NA,"Dengue"
"81",2020,18,2020-04-29,7,NA,"Dengue"
"81",2020,19,2020-05-06,2,NA,"Dengue"
"81",2020,20,2020-05-13,6,NA,"Dengue"
"81",2020,21,2020-05-20,5,NA,"Dengue"
"81",2020,22,2020-05-27,12,NA,"Dengue"
"81",2020,23,2020-06-03,11,NA,"Dengue"
"81",2020,24,2020-06-10,12,NA,"Dengue"
"81",2020,25,2020-06-17,13,NA,"Dengue"
"81",2020,26,2020-06-24,8,NA,"Dengue"
"81",2020,27,2020-07-01,8,NA,"Dengue"
"81",2020,28,2020-07-08,12,NA,"Dengue"
"81",2020,29,2020-07-15,5,NA,"Dengue"
"81",2020,30,2020-07-22,6,NA,"Dengue"
"81",2020,31,2020-07-29,1,NA,"Dengue"
"81",2020,32,2020-08-05,8,NA,"Dengue"
"81",2020,33,2020-08-12,5,NA,"Dengue"
"81",2020,34,2020-08-19,7,NA,"Dengue"
"81",2020,35,2020-08-26,5,NA,"Dengue"
"81",2020,36,2020-09-02,6,NA,"Dengue"
"81",2020,37,2020-09-09,1,NA,"Dengue"
"81",2020,38,2020-09-16,5,NA,"Dengue"
"81",2020,39,2020-09-23,2,NA,"Dengue"
"81",2020,40,2020-09-30,2,NA,"Dengue"
"81",2020,41,2020-10-07,5,NA,"Dengue"
"81",2020,42,2020-10-14,6,NA,"Dengue"
"81",2020,43,2020-10-21,3,NA,"Dengue"
"81",2020,44,2020-10-28,4,NA,"Dengue"
"81",2020,45,2020-11-04,2,NA,"Dengue"
"81",2020,46,2020-11-11,3,NA,"Dengue"
"81",2020,47,2020-11-18,4,NA,"Dengue"
"81",2020,48,2020-11-25,9,NA,"Dengue"
"81",2020,49,2020-12-02,4,NA,"Dengue"
"81",2020,50,2020-12-09,2,NA,"Dengue"
"81",2020,51,2020-12-16,4,NA,"Dengue"
"81",2020,52,2020-12-23,2,NA,"Dengue"
"81",2020,53,2020-12-30,6,NA,"Dengue"
"81",2021,1,2021-01-01,2,NA,"Dengue"
"81",2021,2,2021-01-08,3,NA,"Dengue"
"81",2021,3,2021-01-15,2,NA,"Dengue"
"81",2021,4,2021-01-22,2,NA,"Dengue"
"81",2021,5,2021-01-29,1,NA,"Dengue"
"81",2021,6,2021-02-05,5,NA,"Dengue"
"81",2021,7,2021-02-12,4,NA,"Dengue"
"81",2021,8,2021-02-19,5,NA,"Dengue"
"81",2021,9,2021-02-26,3,NA,"Dengue"
"81",2021,10,2021-03-05,4,NA,"Dengue"
"81",2021,11,2021-03-12,5,NA,"Dengue"
"81",2021,12,2021-03-19,6,NA,"Dengue"
"81",2021,13,2021-03-26,3,NA,"Dengue"
"81",2021,14,2021-04-02,2,NA,"Dengue"
"81",2021,15,2021-04-09,6,NA,"Dengue"
"81",2021,16,2021-04-16,6,NA,"Dengue"
"81",2021,17,2021-04-23,7,NA,"Dengue"
"81",2021,18,2021-04-30,10,NA,"Dengue"
"81",2021,19,2021-05-07,3,NA,"Dengue"
"81",2021,20,2021-05-14,1,NA,"Dengue"
"81",2021,21,2021-05-21,6,NA,"Dengue"
"81",2021,22,2021-05-28,8,NA,"Dengue"
"81",2021,23,2021-06-04,4,NA,"Dengue"
"81",2021,24,2021-06-11,8,NA,"Dengue"
"81",2021,25,2021-06-18,5,NA,"Dengue"
"81",2021,26,2021-06-25,9,NA,"Dengue"
"81",2021,27,2021-07-02,6,NA,"Dengue"
"81",2021,28,2021-07-09,3,NA,"Dengue"
"81",2021,29,2021-07-16,6,NA,"Dengue"
"81",2021,30,2021-07-23,5,NA,"Dengue"
"81",2021,31,2021-07-30,6,NA,"Dengue"
"81",2021,32,2021-08-06,9,NA,"Dengue"
"81",2021,33,2021-08-13,6,NA,"Dengue"
"81",2021,34,2021-08-20,6,NA,"Dengue"
"81",2021,35,2021-08-27,9,NA,"Dengue"
"81",2021,36,2021-09-03,3,NA,"Dengue"
"81",2021,37,2021-09-10,6,NA,"Dengue"
"81",2021,38,2021-09-17,9,NA,"Dengue"
"81",2021,39,2021-09-24,3,NA,"Dengue"
"81",2021,40,2021-10-01,2,NA,"Dengue"
"81",2021,41,2021-10-08,3,NA,"Dengue"
"81",2021,42,2021-10-15,5,NA,"Dengue"
"81",2021,43,2021-10-22,4,NA,"Dengue"
"81",2021,44,2021-10-29,10,NA,"Dengue"
"81",2021,45,2021-11-05,5,NA,"Dengue"
"81",2021,46,2021-11-12,9,NA,"Dengue"
"81",2021,47,2021-11-19,3,NA,"Dengue"
"81",2021,48,2021-11-26,6,NA,"Dengue"
"81",2021,49,2021-12-03,4,NA,"Dengue"
"81",2021,50,2021-12-10,5,NA,"Dengue"
"81",2021,51,2021-12-17,5,NA,"Dengue"
"81",2021,52,2021-12-24,4,NA,"Dengue"
"81",2022,1,2022-01-01,5,NA,"Dengue"
"81",2022,2,2022-01-08,5,NA,"Dengue"
"81",2022,3,2022-01-15,7,NA,"Dengue"
"81",2022,4,2022-01-22,7,NA,"Dengue"
"81",2022,5,2022-01-29,4,NA,"Dengue"
"81",2022,6,2022-02-05,7,NA,"Dengue"
"81",2022,7,2022-02-12,7,NA,"Dengue"
"81",2022,8,2022-02-19,2,NA,"Dengue"
"81",2022,9,2022-02-26,5,NA,"Dengue"
"81",2022,10,2022-03-05,7,NA,"Dengue"
"81",2022,11,2022-03-12,6,NA,"Dengue"
"81",2022,12,2022-03-19,5,NA,"Dengue"
"81",2022,13,2022-03-26,7,NA,"Dengue"
"81",2022,14,2022-04-02,7,NA,"Dengue"
"81",2022,15,2022-04-09,10,NA,"Dengue"
"81",2022,16,2022-04-16,17,NA,"Dengue"
"81",2022,17,2022-04-23,21,NA,"Dengue"
"81",2022,18,2022-04-30,18,NA,"Dengue"
"81",2022,19,2022-05-07,23,NA,"Dengue"
"81",2022,20,2022-05-14,30,NA,"Dengue"
"81",2022,21,2022-05-21,48,NA,"Dengue"
"81",2022,22,2022-05-28,36,NA,"Dengue"
"81",2022,23,2022-06-04,52,NA,"Dengue"
"81",2022,24,2022-06-11,44,NA,"Dengue"
"81",2022,25,2022-06-18,69,NA,"Dengue"
"81",2022,26,2022-06-25,49,NA,"Dengue"
"81",2022,27,2022-07-02,44,NA,"Dengue"
"81",2022,28,2022-07-09,68,NA,"Dengue"
"81",2022,29,2022-07-16,50,NA,"Dengue"
"81",2022,30,2022-07-23,51,NA,"Dengue"
"81",2022,31,2022-07-30,46,NA,"Dengue"
"81",2022,32,2022-08-06,51,NA,"Dengue"
"81",2022,33,2022-08-13,43,NA,"Dengue"
"81",2022,34,2022-08-20,46,NA,"Dengue"
"81",2022,35,2022-08-27,49,NA,"Dengue"
"81",2022,36,2022-09-03,41,NA,"Dengue"
"81",2022,37,2022-09-10,36,NA,"Dengue"
"81",2022,38,2022-09-17,31,NA,"Dengue"
"81",2022,39,2022-09-24,28,NA,"Dengue"
"81",2022,40,2022-10-01,22,NA,"Dengue"
"81",2022,41,2022-10-08,14,NA,"Dengue"
"81",2022,42,2022-10-15,32,NA,"Dengue"
"81",2022,43,2022-10-22,27,NA,"Dengue"
"81",2022,44,2022-10-29,32,NA,"Dengue"
"81",2022,45,2022-11-05,27,NA,"Dengue"
"81",2022,46,2022-11-12,25,NA,"Dengue"
"81",2022,47,2022-11-19,28,NA,"Dengue"
"81",2022,48,2022-11-26,33,NA,"Dengue"
"81",2022,49,2022-12-03,28,NA,"Dengue"
"81",2022,50,2022-12-10,22,NA,"Dengue"
"81",2022,51,2022-12-17,26,NA,"Dengue"
"81",2022,52,2022-12-24,15,NA,"Dengue"
"81",2023,1,2023-01-01,18,NA,"Dengue"
"81",2023,2,2023-01-08,17,NA,"Dengue"
"81",2023,3,2023-01-15,20,NA,"Dengue"
"81",2023,4,2023-01-22,9,NA,"Dengue"
"81",2023,5,2023-01-29,14,NA,"Dengue"
"81",2023,6,2023-02-05,17,NA,"Dengue"
"81",2023,7,2023-02-12,17,NA,"Dengue"
"81",2023,8,2023-02-19,10,NA,"Dengue"
"81",2023,9,2023-02-26,20,NA,"Dengue"
"81",2023,10,2023-03-05,9,NA,"Dengue"
"81",2023,11,2023-03-12,19,NA,"Dengue"
"81",2023,12,2023-03-19,19,NA,"Dengue"
"81",2023,13,2023-03-26,12,NA,"Dengue"
"81",2023,14,2023-04-02,14,NA,"Dengue"
"81",2023,15,2023-04-09,15,NA,"Dengue"
"81",2023,16,2023-04-16,21,NA,"Dengue"
"81",2023,17,2023-04-23,36,NA,"Dengue"
"81",2023,18,2023-04-30,38,NA,"Dengue"
"81",2023,19,2023-05-07,42,NA,"Dengue"
"81",2023,20,2023-05-14,36,NA,"Dengue"
"81",2023,21,2023-05-21,31,NA,"Dengue"
"81",2023,22,2023-05-28,39,NA,"Dengue"
"81",2023,23,2023-06-04,50,NA,"Dengue"
"81",2023,24,2023-06-11,32,NA,"Dengue"
"81",2023,25,2023-06-18,34,NA,"Dengue"
"81",2023,26,2023-06-25,22,NA,"Dengue"
"81",2023,27,2023-07-02,34,NA,"Dengue"
"81",2023,28,2023-07-09,28,NA,"Dengue"
"81",2023,29,2023-07-16,30,NA,"Dengue"
"81",2023,30,2023-07-23,30,NA,"Dengue"
"81",2023,31,2023-07-30,25,NA,"Dengue"
"81",2023,32,2023-08-06,36,NA,"Dengue"
"81",2023,33,2023-08-13,32,NA,"Dengue"
"81",2023,34,2023-08-20,26,NA,"Dengue"
"81",2023,35,2023-08-27,32,NA,"Dengue"
"81",2023,36,2023-09-03,15,NA,"Dengue"
"81",2023,37,2023-09-10,34,NA,"Dengue"
"81",2023,38,2023-09-17,19,NA,"Dengue"
"81",2023,39,2023-09-24,29,NA,"Dengue"
"81",2023,40,2023-10-01,27,NA,"Dengue"
"81",2023,41,2023-10-08,16,NA,"Dengue"
"81",2023,42,2023-10-15,16,NA,"Dengue"
"81",2023,43,2023-10-22,16,NA,"Dengue"
"81",2023,44,2023-10-29,20,NA,"Dengue"
"81",2023,45,2023-11-05,21,NA,"Dengue"
"81",2023,46,2023-11-12,23,NA,"Dengue"
"81",2023,47,2023-11-19,9,NA,"Dengue"
"81",2023,48,2023-11-26,19,NA,"Dengue"
"81",2023,49,2023-12-03,15,NA,"Dengue"
"81",2023,50,2023-12-10,21,NA,"Dengue"
"81",2023,51,2023-12-17,10,NA,"Dengue"
"81",2023,52,2023-12-24,10,NA,"Dengue"
"81",2024,1,2024-01-01,19,NA,"Dengue"
"81",2024,2,2024-01-08,24,NA,"Dengue"
"81",2024,3,2024-01-15,18,NA,"Dengue"
"81",2024,4,2024-01-22,20,NA,"Dengue"
"81",2024,5,2024-01-29,20,NA,"Dengue"
"81",2024,6,2024-02-05,21,NA,"Dengue"
"81",2024,7,2024-02-12,18,NA,"Dengue"
"81",2024,8,2024-02-19,23,NA,"Dengue"
"81",2024,9,2024-02-26,29,NA,"Dengue"
"81",2024,10,2024-03-04,30,NA,"Dengue"
"81",2024,11,2024-03-11,40,NA,"Dengue"
"81",2024,12,2024-03-18,35,NA,"Dengue"
"81",2024,13,2024-03-25,26,NA,"Dengue"
"81",2024,14,2024-04-01,43,NA,"Dengue"
"81",2024,15,2024-04-08,30,NA,"Dengue"
"81",2024,16,2024-04-15,40,NA,"Dengue"
"81",2024,17,2024-04-22,47,NA,"Dengue"
"81",2024,18,2024-04-29,50,NA,"Dengue"
"81",2024,19,2024-05-06,54,NA,"Dengue"
"81",2024,20,2024-05-13,59,NA,"Dengue"
"81",2024,21,2024-05-20,106,NA,"Dengue"
"81",2024,22,2024-05-27,82,NA,"Dengue"
"81",2024,23,2024-06-03,104,NA,"Dengue"
"81",2024,24,2024-06-10,119,NA,"Dengue"
"81",2024,25,2024-06-17,112,NA,"Dengue"
"81",2024,26,2024-06-24,88,NA,"Dengue"
"81",2024,27,2024-07-01,89,NA,"Dengue"
"81",2024,28,2024-07-08,79,NA,"Dengue"
"81",2024,29,2024-07-15,57,NA,"Dengue"
"81",2024,30,2024-07-22,61,NA,"Dengue"
"81",2024,31,2024-07-29,60,NA,"Dengue"
"81",2024,32,2024-08-05,44,NA,"Dengue"
"81",2024,33,2024-08-12,55,NA,"Dengue"
"81",2024,34,2024-08-19,50,NA,"Dengue"
"81",2024,35,2024-08-26,39,NA,"Dengue"
"81",2024,36,2024-09-02,38,NA,"Dengue"
"81",2024,37,2024-09-09,47,NA,"Dengue"
"81",2024,38,2024-09-16,38,NA,"Dengue"
"81",2024,39,2024-09-23,38,NA,"Dengue"
"81",2024,40,2024-09-30,52,NA,"Dengue"
"81",2024,41,2024-10-07,39,NA,"Dengue"
"81",2024,42,2024-10-14,38,NA,"Dengue"
"81",2024,43,2024-10-21,43,NA,"Dengue"
"81",2024,44,2024-10-28,35,NA,"Dengue"
"81",2024,45,2024-11-04,49,NA,"Dengue"
"81",2024,46,2024-11-11,58,NA,"Dengue"
"81",2024,47,2024-11-18,69,NA,"Dengue"
"81",2024,48,2024-11-25,58,NA,"Dengue"
"81",2024,49,2024-12-02,59,NA,"Dengue"
"81",2024,50,2024-12-09,61,NA,"Dengue"
"81",2024,51,2024-12-16,57,NA,"Dengue"
"81",2024,52,2024-12-23,40,NA,"Dengue"
"81",2025,1,2025-01-01,54,NA,"Dengue"
"81",2025,2,2025-01-08,67,NA,"Dengue"
"81",2025,3,2025-01-15,52,NA,"Dengue"
"81",2025,4,2025-01-22,51,NA,"Dengue"
"81",2025,5,2025-01-29,78,NA,"Dengue"
"81",2025,6,2025-02-05,60,NA,"Dengue"
"81",2025,7,2025-02-12,69,NA,"Dengue"
"81",2025,8,2025-02-19,61,NA,"Dengue"
"81",2025,9,2025-02-26,74,NA,"Dengue"
"81",2025,10,2025-03-05,81,NA,"Dengue"
"81",2025,11,2025-03-12,81,NA,"Dengue"
"81",2025,12,2025-03-19,66,NA,"Dengue"
"81",2025,13,2025-03-26,76,NA,"Dengue"
"81",2025,14,2025-04-02,58,NA,"Dengue"
"81",2025,15,2025-04-09,64,NA,"Dengue"
"81",2025,16,2025-04-16,62,NA,"Dengue"
"81",2025,17,2025-04-23,72,NA,"Dengue"
"81",2025,18,2025-04-30,74,NA,"Dengue"
"81",2025,19,2025-05-07,59,NA,"Dengue"
"81",2025,20,2025-05-14,87,NA,"Dengue"
"81",2025,21,2025-05-21,70,NA,"Dengue"
"81",2025,22,2025-05-28,104,NA,"Dengue"
"81",2025,23,2025-06-04,109,NA,"Dengue"
"81",2025,24,2025-06-11,77,NA,"Dengue"
"81",2025,25,2025-06-18,54,NA,"Dengue"
"81",2025,26,2025-06-25,50,NA,"Dengue"
"81",2025,27,2025-07-02,44,NA,"Dengue"
"81",2025,28,2025-07-09,64,NA,"Dengue"
"81",2025,29,2025-07-16,49,NA,"Dengue"
"81",2025,30,2025-07-23,44,NA,"Dengue"
"81",2025,31,2025-07-30,49,NA,"Dengue"
"81",2025,32,2025-08-06,38,NA,"Dengue"
"81",2025,33,2025-08-13,37,NA,"Dengue"
"81",2025,34,2025-08-20,25,NA,"Dengue"
"81",2025,35,2025-08-27,27,NA,"Dengue"
"81",2025,36,2025-09-03,21,NA,"Dengue"
"81",2025,37,2025-09-10,25,NA,"Dengue"
"81",2025,38,2025-09-17,17,NA,"Dengue"
"81",2025,39,2025-09-24,28,NA,"Dengue"
"81",2025,40,2025-10-01,25,NA,"Dengue"
"81",2025,41,2025-10-08,16,NA,"Dengue"
"81",2025,42,2025-10-15,23,NA,"Dengue"
"81",2025,43,2025-10-22,19,NA,"Dengue"
"81",2025,44,2025-10-29,26,NA,"Dengue"
"81",2025,45,2025-11-05,22,NA,"Dengue"
"81",2025,46,2025-11-12,21,NA,"Dengue"
"81",2025,47,2025-11-19,17,NA,"Dengue"
"81",2025,48,2025-11-26,21,NA,"Dengue"
"81",2025,49,2025-12-03,30,NA,"Dengue"
"81",2025,50,2025-12-10,22,NA,"Dengue"
"81",2025,51,2025-12-17,15,NA,"Dengue"
"81",2025,52,2025-12-24,21,NA,"Dengue"
"81",2025,53,2025-12-31,25,NA,"Dengue"
"85",2020,1,2020-01-01,27,NA,"Dengue"
"85",2020,2,2020-01-08,34,NA,"Dengue"
"85",2020,3,2020-01-15,20,NA,"Dengue"
"85",2020,4,2020-01-22,24,NA,"Dengue"
"85",2020,5,2020-01-29,37,NA,"Dengue"
"85",2020,6,2020-02-05,24,NA,"Dengue"
"85",2020,7,2020-02-12,39,NA,"Dengue"
"85",2020,8,2020-02-19,53,NA,"Dengue"
"85",2020,9,2020-02-26,34,NA,"Dengue"
"85",2020,10,2020-03-04,58,NA,"Dengue"
"85",2020,11,2020-03-11,36,NA,"Dengue"
"85",2020,12,2020-03-18,31,NA,"Dengue"
"85",2020,13,2020-03-25,19,NA,"Dengue"
"85",2020,14,2020-04-01,8,NA,"Dengue"
"85",2020,15,2020-04-08,31,NA,"Dengue"
"85",2020,16,2020-04-15,15,NA,"Dengue"
"85",2020,17,2020-04-22,21,NA,"Dengue"
"85",2020,18,2020-04-29,22,NA,"Dengue"
"85",2020,19,2020-05-06,31,NA,"Dengue"
"85",2020,20,2020-05-13,15,NA,"Dengue"
"85",2020,21,2020-05-20,14,NA,"Dengue"
"85",2020,22,2020-05-27,18,NA,"Dengue"
"85",2020,23,2020-06-03,28,NA,"Dengue"
"85",2020,24,2020-06-10,16,NA,"Dengue"
"85",2020,25,2020-06-17,23,NA,"Dengue"
"85",2020,26,2020-06-24,17,NA,"Dengue"
"85",2020,27,2020-07-01,19,NA,"Dengue"
"85",2020,28,2020-07-08,22,NA,"Dengue"
"85",2020,29,2020-07-15,28,NA,"Dengue"
"85",2020,30,2020-07-22,20,NA,"Dengue"
"85",2020,31,2020-07-29,15,NA,"Dengue"
"85",2020,32,2020-08-05,16,NA,"Dengue"
"85",2020,33,2020-08-12,17,NA,"Dengue"
"85",2020,34,2020-08-19,11,NA,"Dengue"
"85",2020,35,2020-08-26,13,NA,"Dengue"
"85",2020,36,2020-09-02,20,NA,"Dengue"
"85",2020,37,2020-09-09,13,NA,"Dengue"
"85",2020,38,2020-09-16,8,NA,"Dengue"
"85",2020,39,2020-09-23,16,NA,"Dengue"
"85",2020,40,2020-09-30,19,NA,"Dengue"
"85",2020,41,2020-10-07,14,NA,"Dengue"
"85",2020,42,2020-10-14,14,NA,"Dengue"
"85",2020,43,2020-10-21,18,NA,"Dengue"
"85",2020,44,2020-10-28,14,NA,"Dengue"
"85",2020,45,2020-11-04,15,NA,"Dengue"
"85",2020,46,2020-11-11,12,NA,"Dengue"
"85",2020,47,2020-11-18,10,NA,"Dengue"
"85",2020,48,2020-11-25,12,NA,"Dengue"
"85",2020,49,2020-12-02,11,NA,"Dengue"
"85",2020,50,2020-12-09,12,NA,"Dengue"
"85",2020,51,2020-12-16,10,NA,"Dengue"
"85",2020,52,2020-12-23,11,NA,"Dengue"
"85",2020,53,2020-12-30,6,NA,"Dengue"
"85",2021,1,2021-01-01,10,NA,"Dengue"
"85",2021,2,2021-01-08,11,NA,"Dengue"
"85",2021,3,2021-01-15,3,NA,"Dengue"
"85",2021,4,2021-01-22,9,NA,"Dengue"
"85",2021,5,2021-01-29,9,NA,"Dengue"
"85",2021,6,2021-02-05,3,NA,"Dengue"
"85",2021,7,2021-02-12,9,NA,"Dengue"
"85",2021,8,2021-02-19,9,NA,"Dengue"
"85",2021,9,2021-02-26,9,NA,"Dengue"
"85",2021,10,2021-03-05,5,NA,"Dengue"
"85",2021,11,2021-03-12,8,NA,"Dengue"
"85",2021,12,2021-03-19,5,NA,"Dengue"
"85",2021,13,2021-03-26,10,NA,"Dengue"
"85",2021,14,2021-04-02,11,NA,"Dengue"
"85",2021,15,2021-04-09,14,NA,"Dengue"
"85",2021,16,2021-04-16,22,NA,"Dengue"
"85",2021,17,2021-04-23,15,NA,"Dengue"
"85",2021,18,2021-04-30,20,NA,"Dengue"
"85",2021,19,2021-05-07,20,NA,"Dengue"
"85",2021,20,2021-05-14,16,NA,"Dengue"
"85",2021,21,2021-05-21,23,NA,"Dengue"
"85",2021,22,2021-05-28,14,NA,"Dengue"
"85",2021,23,2021-06-04,17,NA,"Dengue"
"85",2021,24,2021-06-11,14,NA,"Dengue"
"85",2021,25,2021-06-18,22,NA,"Dengue"
"85",2021,26,2021-06-25,18,NA,"Dengue"
"85",2021,27,2021-07-02,15,NA,"Dengue"
"85",2021,28,2021-07-09,17,NA,"Dengue"
"85",2021,29,2021-07-16,16,NA,"Dengue"
"85",2021,30,2021-07-23,23,NA,"Dengue"
"85",2021,31,2021-07-30,27,NA,"Dengue"
"85",2021,32,2021-08-06,14,NA,"Dengue"
"85",2021,33,2021-08-13,19,NA,"Dengue"
"85",2021,34,2021-08-20,26,NA,"Dengue"
"85",2021,35,2021-08-27,17,NA,"Dengue"
"85",2021,36,2021-09-03,29,NA,"Dengue"
"85",2021,37,2021-09-10,31,NA,"Dengue"
"85",2021,38,2021-09-17,23,NA,"Dengue"
"85",2021,39,2021-09-24,20,NA,"Dengue"
"85",2021,40,2021-10-01,32,NA,"Dengue"
"85",2021,41,2021-10-08,18,NA,"Dengue"
"85",2021,42,2021-10-15,29,NA,"Dengue"
"85",2021,43,2021-10-22,17,NA,"Dengue"
"85",2021,44,2021-10-29,24,NA,"Dengue"
"85",2021,45,2021-11-05,44,NA,"Dengue"
"85",2021,46,2021-11-12,42,NA,"Dengue"
"85",2021,47,2021-11-19,41,NA,"Dengue"
"85",2021,48,2021-11-26,34,NA,"Dengue"
"85",2021,49,2021-12-03,44,NA,"Dengue"
"85",2021,50,2021-12-10,50,NA,"Dengue"
"85",2021,51,2021-12-17,59,NA,"Dengue"
"85",2021,52,2021-12-24,54,NA,"Dengue"
"85",2022,1,2022-01-01,45,NA,"Dengue"
"85",2022,2,2022-01-08,39,NA,"Dengue"
"85",2022,3,2022-01-15,47,NA,"Dengue"
"85",2022,4,2022-01-22,52,NA,"Dengue"
"85",2022,5,2022-01-29,73,NA,"Dengue"
"85",2022,6,2022-02-05,76,NA,"Dengue"
"85",2022,7,2022-02-12,80,NA,"Dengue"
"85",2022,8,2022-02-19,67,NA,"Dengue"
"85",2022,9,2022-02-26,88,NA,"Dengue"
"85",2022,10,2022-03-05,108,NA,"Dengue"
"85",2022,11,2022-03-12,104,NA,"Dengue"
"85",2022,12,2022-03-19,143,NA,"Dengue"
"85",2022,13,2022-03-26,156,NA,"Dengue"
"85",2022,14,2022-04-02,150,NA,"Dengue"
"85",2022,15,2022-04-09,146,NA,"Dengue"
"85",2022,16,2022-04-16,159,NA,"Dengue"
"85",2022,17,2022-04-23,168,NA,"Dengue"
"85",2022,18,2022-04-30,160,NA,"Dengue"
"85",2022,19,2022-05-07,202,NA,"Dengue"
"85",2022,20,2022-05-14,188,NA,"Dengue"
"85",2022,21,2022-05-21,182,NA,"Dengue"
"85",2022,22,2022-05-28,154,NA,"Dengue"
"85",2022,23,2022-06-04,157,NA,"Dengue"
"85",2022,24,2022-06-11,104,NA,"Dengue"
"85",2022,25,2022-06-18,91,NA,"Dengue"
"85",2022,26,2022-06-25,100,NA,"Dengue"
"85",2022,27,2022-07-02,77,NA,"Dengue"
"85",2022,28,2022-07-09,74,NA,"Dengue"
"85",2022,29,2022-07-16,54,NA,"Dengue"
"85",2022,30,2022-07-23,51,NA,"Dengue"
"85",2022,31,2022-07-30,48,NA,"Dengue"
"85",2022,32,2022-08-06,40,NA,"Dengue"
"85",2022,33,2022-08-13,37,NA,"Dengue"
"85",2022,34,2022-08-20,22,NA,"Dengue"
"85",2022,35,2022-08-27,35,NA,"Dengue"
"85",2022,36,2022-09-03,36,NA,"Dengue"
"85",2022,37,2022-09-10,18,NA,"Dengue"
"85",2022,38,2022-09-17,17,NA,"Dengue"
"85",2022,39,2022-09-24,32,NA,"Dengue"
"85",2022,40,2022-10-01,21,NA,"Dengue"
"85",2022,41,2022-10-08,20,NA,"Dengue"
"85",2022,42,2022-10-15,33,NA,"Dengue"
"85",2022,43,2022-10-22,16,NA,"Dengue"
"85",2022,44,2022-10-29,16,NA,"Dengue"
"85",2022,45,2022-11-05,27,NA,"Dengue"
"85",2022,46,2022-11-12,36,NA,"Dengue"
"85",2022,47,2022-11-19,26,NA,"Dengue"
"85",2022,48,2022-11-26,17,NA,"Dengue"
"85",2022,49,2022-12-03,25,NA,"Dengue"
"85",2022,50,2022-12-10,15,NA,"Dengue"
"85",2022,51,2022-12-17,12,NA,"Dengue"
"85",2022,52,2022-12-24,12,NA,"Dengue"
"85",2023,1,2023-01-01,11,NA,"Dengue"
"85",2023,2,2023-01-08,9,NA,"Dengue"
"85",2023,3,2023-01-15,10,NA,"Dengue"
"85",2023,4,2023-01-22,8,NA,"Dengue"
"85",2023,5,2023-01-29,12,NA,"Dengue"
"85",2023,6,2023-02-05,18,NA,"Dengue"
"85",2023,7,2023-02-12,21,NA,"Dengue"
"85",2023,8,2023-02-19,26,NA,"Dengue"
"85",2023,9,2023-02-26,26,NA,"Dengue"
"85",2023,10,2023-03-05,26,NA,"Dengue"
"85",2023,11,2023-03-12,40,NA,"Dengue"
"85",2023,12,2023-03-19,24,NA,"Dengue"
"85",2023,13,2023-03-26,32,NA,"Dengue"
"85",2023,14,2023-04-02,24,NA,"Dengue"
"85",2023,15,2023-04-09,35,NA,"Dengue"
"85",2023,16,2023-04-16,31,NA,"Dengue"
"85",2023,17,2023-04-23,41,NA,"Dengue"
"85",2023,18,2023-04-30,38,NA,"Dengue"
"85",2023,19,2023-05-07,48,NA,"Dengue"
"85",2023,20,2023-05-14,36,NA,"Dengue"
"85",2023,21,2023-05-21,44,NA,"Dengue"
"85",2023,22,2023-05-28,59,NA,"Dengue"
"85",2023,23,2023-06-04,71,NA,"Dengue"
"85",2023,24,2023-06-11,46,NA,"Dengue"
"85",2023,25,2023-06-18,50,NA,"Dengue"
"85",2023,26,2023-06-25,39,NA,"Dengue"
"85",2023,27,2023-07-02,38,NA,"Dengue"
"85",2023,28,2023-07-09,54,NA,"Dengue"
"85",2023,29,2023-07-16,42,NA,"Dengue"
"85",2023,30,2023-07-23,40,NA,"Dengue"
"85",2023,31,2023-07-30,39,NA,"Dengue"
"85",2023,32,2023-08-06,21,NA,"Dengue"
"85",2023,33,2023-08-13,28,NA,"Dengue"
"85",2023,34,2023-08-20,19,NA,"Dengue"
"85",2023,35,2023-08-27,20,NA,"Dengue"
"85",2023,36,2023-09-03,20,NA,"Dengue"
"85",2023,37,2023-09-10,16,NA,"Dengue"
"85",2023,38,2023-09-17,10,NA,"Dengue"
"85",2023,39,2023-09-24,17,NA,"Dengue"
"85",2023,40,2023-10-01,18,NA,"Dengue"
"85",2023,41,2023-10-08,13,NA,"Dengue"
"85",2023,42,2023-10-15,12,NA,"Dengue"
"85",2023,43,2023-10-22,18,NA,"Dengue"
"85",2023,44,2023-10-29,9,NA,"Dengue"
"85",2023,45,2023-11-05,20,NA,"Dengue"
"85",2023,46,2023-11-12,12,NA,"Dengue"
"85",2023,47,2023-11-19,19,NA,"Dengue"
"85",2023,48,2023-11-26,20,NA,"Dengue"
"85",2023,49,2023-12-03,14,NA,"Dengue"
"85",2023,50,2023-12-10,30,NA,"Dengue"
"85",2023,51,2023-12-17,23,NA,"Dengue"
"85",2023,52,2023-12-24,22,NA,"Dengue"
"85",2024,1,2024-01-01,29,NA,"Dengue"
"85",2024,2,2024-01-08,31,NA,"Dengue"
"85",2024,3,2024-01-15,25,NA,"Dengue"
"85",2024,4,2024-01-22,29,NA,"Dengue"
"85",2024,5,2024-01-29,54,NA,"Dengue"
"85",2024,6,2024-02-05,45,NA,"Dengue"
"85",2024,7,2024-02-12,45,NA,"Dengue"
"85",2024,8,2024-02-19,47,NA,"Dengue"
"85",2024,9,2024-02-26,53,NA,"Dengue"
"85",2024,10,2024-03-04,49,NA,"Dengue"
"85",2024,11,2024-03-11,72,NA,"Dengue"
"85",2024,12,2024-03-18,58,NA,"Dengue"
"85",2024,13,2024-03-25,65,NA,"Dengue"
"85",2024,14,2024-04-01,66,NA,"Dengue"
"85",2024,15,2024-04-08,68,NA,"Dengue"
"85",2024,16,2024-04-15,80,NA,"Dengue"
"85",2024,17,2024-04-22,114,NA,"Dengue"
"85",2024,18,2024-04-29,152,NA,"Dengue"
"85",2024,19,2024-05-06,195,NA,"Dengue"
"85",2024,20,2024-05-13,158,NA,"Dengue"
"85",2024,21,2024-05-20,214,NA,"Dengue"
"85",2024,22,2024-05-27,180,NA,"Dengue"
"85",2024,23,2024-06-03,174,NA,"Dengue"
"85",2024,24,2024-06-10,158,NA,"Dengue"
"85",2024,25,2024-06-17,119,NA,"Dengue"
"85",2024,26,2024-06-24,143,NA,"Dengue"
"85",2024,27,2024-07-01,126,NA,"Dengue"
"85",2024,28,2024-07-08,98,NA,"Dengue"
"85",2024,29,2024-07-15,88,NA,"Dengue"
"85",2024,30,2024-07-22,61,NA,"Dengue"
"85",2024,31,2024-07-29,53,NA,"Dengue"
"85",2024,32,2024-08-05,45,NA,"Dengue"
"85",2024,33,2024-08-12,35,NA,"Dengue"
"85",2024,34,2024-08-19,40,NA,"Dengue"
"85",2024,35,2024-08-26,30,NA,"Dengue"
"85",2024,36,2024-09-02,33,NA,"Dengue"
"85",2024,37,2024-09-09,19,NA,"Dengue"
"85",2024,38,2024-09-16,24,NA,"Dengue"
"85",2024,39,2024-09-23,24,NA,"Dengue"
"85",2024,40,2024-09-30,18,NA,"Dengue"
"85",2024,41,2024-10-07,16,NA,"Dengue"
"85",2024,42,2024-10-14,21,NA,"Dengue"
"85",2024,43,2024-10-21,25,NA,"Dengue"
"85",2024,44,2024-10-28,19,NA,"Dengue"
"85",2024,45,2024-11-04,23,NA,"Dengue"
"85",2024,46,2024-11-11,17,NA,"Dengue"
"85",2024,47,2024-11-18,19,NA,"Dengue"
"85",2024,48,2024-11-25,18,NA,"Dengue"
"85",2024,49,2024-12-02,27,NA,"Dengue"
"85",2024,50,2024-12-09,16,NA,"Dengue"
"85",2024,51,2024-12-16,22,NA,"Dengue"
"85",2024,52,2024-12-23,11,NA,"Dengue"
"85",2025,1,2025-01-01,6,NA,"Dengue"
"85",2025,2,2025-01-08,16,NA,"Dengue"
"85",2025,3,2025-01-15,11,NA,"Dengue"
"85",2025,4,2025-01-22,18,NA,"Dengue"
"85",2025,5,2025-01-29,9,NA,"Dengue"
"85",2025,6,2025-02-05,28,NA,"Dengue"
"85",2025,7,2025-02-12,16,NA,"Dengue"
"85",2025,8,2025-02-19,25,NA,"Dengue"
"85",2025,9,2025-02-26,28,NA,"Dengue"
"85",2025,10,2025-03-05,29,NA,"Dengue"
"85",2025,11,2025-03-12,41,NA,"Dengue"
"85",2025,12,2025-03-19,35,NA,"Dengue"
"85",2025,13,2025-03-26,41,NA,"Dengue"
"85",2025,14,2025-04-02,54,NA,"Dengue"
"85",2025,15,2025-04-09,55,NA,"Dengue"
"85",2025,16,2025-04-16,54,NA,"Dengue"
"85",2025,17,2025-04-23,74,NA,"Dengue"
"85",2025,18,2025-04-30,69,NA,"Dengue"
"85",2025,19,2025-05-07,85,NA,"Dengue"
"85",2025,20,2025-05-14,92,NA,"Dengue"
"85",2025,21,2025-05-21,80,NA,"Dengue"
"85",2025,22,2025-05-28,75,NA,"Dengue"
"85",2025,23,2025-06-04,65,NA,"Dengue"
"85",2025,24,2025-06-11,80,NA,"Dengue"
"85",2025,25,2025-06-18,38,NA,"Dengue"
"85",2025,26,2025-06-25,32,NA,"Dengue"
"85",2025,27,2025-07-02,28,NA,"Dengue"
"85",2025,28,2025-07-09,37,NA,"Dengue"
"85",2025,29,2025-07-16,25,NA,"Dengue"
"85",2025,30,2025-07-23,33,NA,"Dengue"
"85",2025,31,2025-07-30,21,NA,"Dengue"
"85",2025,32,2025-08-06,22,NA,"Dengue"
"85",2025,33,2025-08-13,13,NA,"Dengue"
"85",2025,34,2025-08-20,10,NA,"Dengue"
"85",2025,35,2025-08-27,11,NA,"Dengue"
"85",2025,36,2025-09-03,6,NA,"Dengue"
"85",2025,37,2025-09-10,6,NA,"Dengue"
"85",2025,38,2025-09-17,6,NA,"Dengue"
"85",2025,39,2025-09-24,4,NA,"Dengue"
"85",2025,40,2025-10-01,13,NA,"Dengue"
"85",2025,41,2025-10-08,8,NA,"Dengue"
"85",2025,42,2025-10-15,12,NA,"Dengue"
"85",2025,43,2025-10-22,7,NA,"Dengue"
"85",2025,44,2025-10-29,11,NA,"Dengue"
"85",2025,45,2025-11-05,6,NA,"Dengue"
"85",2025,46,2025-11-12,9,NA,"Dengue"
"85",2025,47,2025-11-19,6,NA,"Dengue"
"85",2025,48,2025-11-26,11,NA,"Dengue"
"85",2025,49,2025-12-03,6,NA,"Dengue"
"85",2025,50,2025-12-10,8,NA,"Dengue"
"85",2025,51,2025-12-17,7,NA,"Dengue"
"85",2025,52,2025-12-24,6,NA,"Dengue"
"85",2025,53,2025-12-31,6,NA,"Dengue"
"86",2020,1,2020-01-01,26,NA,"Dengue"
"86",2020,2,2020-01-08,22,NA,"Dengue"
"86",2020,3,2020-01-15,18,NA,"Dengue"
"86",2020,4,2020-01-22,17,NA,"Dengue"
"86",2020,5,2020-01-29,12,NA,"Dengue"
"86",2020,6,2020-02-05,29,NA,"Dengue"
"86",2020,7,2020-02-12,21,NA,"Dengue"
"86",2020,8,2020-02-19,14,NA,"Dengue"
"86",2020,9,2020-02-26,20,NA,"Dengue"
"86",2020,10,2020-03-04,20,NA,"Dengue"
"86",2020,11,2020-03-11,27,NA,"Dengue"
"86",2020,12,2020-03-18,18,NA,"Dengue"
"86",2020,13,2020-03-25,20,NA,"Dengue"
"86",2020,14,2020-04-01,27,NA,"Dengue"
"86",2020,15,2020-04-08,23,NA,"Dengue"
"86",2020,16,2020-04-15,31,NA,"Dengue"
"86",2020,17,2020-04-22,28,NA,"Dengue"
"86",2020,18,2020-04-29,27,NA,"Dengue"
"86",2020,19,2020-05-06,35,NA,"Dengue"
"86",2020,20,2020-05-13,25,NA,"Dengue"
"86",2020,21,2020-05-20,38,NA,"Dengue"
"86",2020,22,2020-05-27,34,NA,"Dengue"
"86",2020,23,2020-06-03,17,NA,"Dengue"
"86",2020,24,2020-06-10,18,NA,"Dengue"
"86",2020,25,2020-06-17,18,NA,"Dengue"
"86",2020,26,2020-06-24,23,NA,"Dengue"
"86",2020,27,2020-07-01,25,NA,"Dengue"
"86",2020,28,2020-07-08,14,NA,"Dengue"
"86",2020,29,2020-07-15,9,NA,"Dengue"
"86",2020,30,2020-07-22,12,NA,"Dengue"
"86",2020,31,2020-07-29,13,NA,"Dengue"
"86",2020,32,2020-08-05,6,NA,"Dengue"
"86",2020,33,2020-08-12,13,NA,"Dengue"
"86",2020,34,2020-08-19,12,NA,"Dengue"
"86",2020,35,2020-08-26,5,NA,"Dengue"
"86",2020,36,2020-09-02,4,NA,"Dengue"
"86",2020,37,2020-09-09,4,NA,"Dengue"
"86",2020,38,2020-09-16,10,NA,"Dengue"
"86",2020,39,2020-09-23,8,NA,"Dengue"
"86",2020,40,2020-09-30,5,NA,"Dengue"
"86",2020,41,2020-10-07,8,NA,"Dengue"
"86",2020,42,2020-10-14,12,NA,"Dengue"
"86",2020,43,2020-10-21,18,NA,"Dengue"
"86",2020,44,2020-10-28,19,NA,"Dengue"
"86",2020,45,2020-11-04,39,NA,"Dengue"
"86",2020,46,2020-11-11,26,NA,"Dengue"
"86",2020,47,2020-11-18,26,NA,"Dengue"
"86",2020,48,2020-11-25,33,NA,"Dengue"
"86",2020,49,2020-12-02,38,NA,"Dengue"
"86",2020,50,2020-12-09,39,NA,"Dengue"
"86",2020,51,2020-12-16,44,NA,"Dengue"
"86",2020,52,2020-12-23,34,NA,"Dengue"
"86",2020,53,2020-12-30,28,NA,"Dengue"
"86",2021,1,2021-01-01,27,NA,"Dengue"
"86",2021,2,2021-01-08,34,NA,"Dengue"
"86",2021,3,2021-01-15,22,NA,"Dengue"
"86",2021,4,2021-01-22,27,NA,"Dengue"
"86",2021,5,2021-01-29,35,NA,"Dengue"
"86",2021,6,2021-02-05,37,NA,"Dengue"
"86",2021,7,2021-02-12,40,NA,"Dengue"
"86",2021,8,2021-02-19,54,NA,"Dengue"
"86",2021,9,2021-02-26,50,NA,"Dengue"
"86",2021,10,2021-03-05,39,NA,"Dengue"
"86",2021,11,2021-03-12,47,NA,"Dengue"
"86",2021,12,2021-03-19,38,NA,"Dengue"
"86",2021,13,2021-03-26,32,NA,"Dengue"
"86",2021,14,2021-04-02,25,NA,"Dengue"
"86",2021,15,2021-04-09,37,NA,"Dengue"
"86",2021,16,2021-04-16,22,NA,"Dengue"
"86",2021,17,2021-04-23,24,NA,"Dengue"
"86",2021,18,2021-04-30,26,NA,"Dengue"
"86",2021,19,2021-05-07,47,NA,"Dengue"
"86",2021,20,2021-05-14,23,NA,"Dengue"
"86",2021,21,2021-05-21,31,NA,"Dengue"
"86",2021,22,2021-05-28,23,NA,"Dengue"
"86",2021,23,2021-06-04,28,NA,"Dengue"
"86",2021,24,2021-06-11,24,NA,"Dengue"
"86",2021,25,2021-06-18,27,NA,"Dengue"
"86",2021,26,2021-06-25,17,NA,"Dengue"
"86",2021,27,2021-07-02,18,NA,"Dengue"
"86",2021,28,2021-07-09,13,NA,"Dengue"
"86",2021,29,2021-07-16,9,NA,"Dengue"
"86",2021,30,2021-07-23,9,NA,"Dengue"
"86",2021,31,2021-07-30,10,NA,"Dengue"
"86",2021,32,2021-08-06,7,NA,"Dengue"
"86",2021,33,2021-08-13,12,NA,"Dengue"
"86",2021,34,2021-08-20,8,NA,"Dengue"
"86",2021,35,2021-08-27,7,NA,"Dengue"
"86",2021,36,2021-09-03,4,NA,"Dengue"
"86",2021,37,2021-09-10,7,NA,"Dengue"
"86",2021,38,2021-09-17,6,NA,"Dengue"
"86",2021,39,2021-09-24,8,NA,"Dengue"
"86",2021,40,2021-10-01,4,NA,"Dengue"
"86",2021,41,2021-10-08,11,NA,"Dengue"
"86",2021,42,2021-10-15,5,NA,"Dengue"
"86",2021,43,2021-10-22,4,NA,"Dengue"
"86",2021,44,2021-10-29,11,NA,"Dengue"
"86",2021,45,2021-11-05,7,NA,"Dengue"
"86",2021,46,2021-11-12,11,NA,"Dengue"
"86",2021,47,2021-11-19,9,NA,"Dengue"
"86",2021,48,2021-11-26,15,NA,"Dengue"
"86",2021,49,2021-12-03,18,NA,"Dengue"
"86",2021,50,2021-12-10,11,NA,"Dengue"
"86",2021,51,2021-12-17,13,NA,"Dengue"
"86",2021,52,2021-12-24,18,NA,"Dengue"
"86",2022,1,2022-01-01,11,NA,"Dengue"
"86",2022,2,2022-01-08,12,NA,"Dengue"
"86",2022,3,2022-01-15,24,NA,"Dengue"
"86",2022,4,2022-01-22,18,NA,"Dengue"
"86",2022,5,2022-01-29,16,NA,"Dengue"
"86",2022,6,2022-02-05,16,NA,"Dengue"
"86",2022,7,2022-02-12,27,NA,"Dengue"
"86",2022,8,2022-02-19,26,NA,"Dengue"
"86",2022,9,2022-02-26,27,NA,"Dengue"
"86",2022,10,2022-03-05,21,NA,"Dengue"
"86",2022,11,2022-03-12,18,NA,"Dengue"
"86",2022,12,2022-03-19,26,NA,"Dengue"
"86",2022,13,2022-03-26,22,NA,"Dengue"
"86",2022,14,2022-04-02,22,NA,"Dengue"
"86",2022,15,2022-04-09,15,NA,"Dengue"
"86",2022,16,2022-04-16,14,NA,"Dengue"
"86",2022,17,2022-04-23,20,NA,"Dengue"
"86",2022,18,2022-04-30,17,NA,"Dengue"
"86",2022,19,2022-05-07,11,NA,"Dengue"
"86",2022,20,2022-05-14,14,NA,"Dengue"
"86",2022,21,2022-05-21,7,NA,"Dengue"
"86",2022,22,2022-05-28,16,NA,"Dengue"
"86",2022,23,2022-06-04,7,NA,"Dengue"
"86",2022,24,2022-06-11,10,NA,"Dengue"
"86",2022,25,2022-06-18,10,NA,"Dengue"
"86",2022,26,2022-06-25,12,NA,"Dengue"
"86",2022,27,2022-07-02,9,NA,"Dengue"
"86",2022,28,2022-07-09,10,NA,"Dengue"
"86",2022,29,2022-07-16,8,NA,"Dengue"
"86",2022,30,2022-07-23,11,NA,"Dengue"
"86",2022,31,2022-07-30,8,NA,"Dengue"
"86",2022,32,2022-08-06,6,NA,"Dengue"
"86",2022,33,2022-08-13,2,NA,"Dengue"
"86",2022,34,2022-08-20,4,NA,"Dengue"
"86",2022,35,2022-08-27,2,NA,"Dengue"
"86",2022,36,2022-09-03,5,NA,"Dengue"
"86",2022,37,2022-09-10,7,NA,"Dengue"
"86",2022,38,2022-09-17,8,NA,"Dengue"
"86",2022,39,2022-09-24,4,NA,"Dengue"
"86",2022,40,2022-10-01,8,NA,"Dengue"
"86",2022,41,2022-10-08,6,NA,"Dengue"
"86",2022,42,2022-10-15,8,NA,"Dengue"
"86",2022,43,2022-10-22,6,NA,"Dengue"
"86",2022,44,2022-10-29,10,NA,"Dengue"
"86",2022,45,2022-11-05,7,NA,"Dengue"
"86",2022,46,2022-11-12,15,NA,"Dengue"
"86",2022,47,2022-11-19,15,NA,"Dengue"
"86",2022,48,2022-11-26,14,NA,"Dengue"
"86",2022,49,2022-12-03,12,NA,"Dengue"
"86",2022,50,2022-12-10,14,NA,"Dengue"
"86",2022,51,2022-12-17,7,NA,"Dengue"
"86",2022,52,2022-12-24,10,NA,"Dengue"
"86",2023,1,2023-01-01,19,NA,"Dengue"
"86",2023,2,2023-01-08,8,NA,"Dengue"
"86",2023,3,2023-01-15,12,NA,"Dengue"
"86",2023,4,2023-01-22,18,NA,"Dengue"
"86",2023,5,2023-01-29,28,NA,"Dengue"
"86",2023,6,2023-02-05,25,NA,"Dengue"
"86",2023,7,2023-02-12,31,NA,"Dengue"
"86",2023,8,2023-02-19,37,NA,"Dengue"
"86",2023,9,2023-02-26,42,NA,"Dengue"
"86",2023,10,2023-03-05,44,NA,"Dengue"
"86",2023,11,2023-03-12,44,NA,"Dengue"
"86",2023,12,2023-03-19,37,NA,"Dengue"
"86",2023,13,2023-03-26,49,NA,"Dengue"
"86",2023,14,2023-04-02,32,NA,"Dengue"
"86",2023,15,2023-04-09,39,NA,"Dengue"
"86",2023,16,2023-04-16,28,NA,"Dengue"
"86",2023,17,2023-04-23,40,NA,"Dengue"
"86",2023,18,2023-04-30,48,NA,"Dengue"
"86",2023,19,2023-05-07,33,NA,"Dengue"
"86",2023,20,2023-05-14,44,NA,"Dengue"
"86",2023,21,2023-05-21,41,NA,"Dengue"
"86",2023,22,2023-05-28,29,NA,"Dengue"
"86",2023,23,2023-06-04,28,NA,"Dengue"
"86",2023,24,2023-06-11,26,NA,"Dengue"
"86",2023,25,2023-06-18,20,NA,"Dengue"
"86",2023,26,2023-06-25,19,NA,"Dengue"
"86",2023,27,2023-07-02,23,NA,"Dengue"
"86",2023,28,2023-07-09,18,NA,"Dengue"
"86",2023,29,2023-07-16,22,NA,"Dengue"
"86",2023,30,2023-07-23,19,NA,"Dengue"
"86",2023,31,2023-07-30,23,NA,"Dengue"
"86",2023,32,2023-08-06,18,NA,"Dengue"
"86",2023,33,2023-08-13,21,NA,"Dengue"
"86",2023,34,2023-08-20,23,NA,"Dengue"
"86",2023,35,2023-08-27,20,NA,"Dengue"
"86",2023,36,2023-09-03,17,NA,"Dengue"
"86",2023,37,2023-09-10,19,NA,"Dengue"
"86",2023,38,2023-09-17,14,NA,"Dengue"
"86",2023,39,2023-09-24,10,NA,"Dengue"
"86",2023,40,2023-10-01,15,NA,"Dengue"
"86",2023,41,2023-10-08,20,NA,"Dengue"
"86",2023,42,2023-10-15,17,NA,"Dengue"
"86",2023,43,2023-10-22,19,NA,"Dengue"
"86",2023,44,2023-10-29,27,NA,"Dengue"
"86",2023,45,2023-11-05,23,NA,"Dengue"
"86",2023,46,2023-11-12,17,NA,"Dengue"
"86",2023,47,2023-11-19,31,NA,"Dengue"
"86",2023,48,2023-11-26,31,NA,"Dengue"
"86",2023,49,2023-12-03,34,NA,"Dengue"
"86",2023,50,2023-12-10,42,NA,"Dengue"
"86",2023,51,2023-12-17,32,NA,"Dengue"
"86",2023,52,2023-12-24,40,NA,"Dengue"
"86",2024,1,2024-01-01,48,NA,"Dengue"
"86",2024,2,2024-01-08,59,NA,"Dengue"
"86",2024,3,2024-01-15,38,NA,"Dengue"
"86",2024,4,2024-01-22,43,NA,"Dengue"
"86",2024,5,2024-01-29,51,NA,"Dengue"
"86",2024,6,2024-02-05,70,NA,"Dengue"
"86",2024,7,2024-02-12,73,NA,"Dengue"
"86",2024,8,2024-02-19,88,NA,"Dengue"
"86",2024,9,2024-02-26,95,NA,"Dengue"
"86",2024,10,2024-03-04,91,NA,"Dengue"
"86",2024,11,2024-03-11,112,NA,"Dengue"
"86",2024,12,2024-03-18,146,NA,"Dengue"
"86",2024,13,2024-03-25,119,NA,"Dengue"
"86",2024,14,2024-04-01,160,NA,"Dengue"
"86",2024,15,2024-04-08,142,NA,"Dengue"
"86",2024,16,2024-04-15,170,NA,"Dengue"
"86",2024,17,2024-04-22,148,NA,"Dengue"
"86",2024,18,2024-04-29,180,NA,"Dengue"
"86",2024,19,2024-05-06,196,NA,"Dengue"
"86",2024,20,2024-05-13,178,NA,"Dengue"
"86",2024,21,2024-05-20,183,NA,"Dengue"
"86",2024,22,2024-05-27,175,NA,"Dengue"
"86",2024,23,2024-06-03,173,NA,"Dengue"
"86",2024,24,2024-06-10,175,NA,"Dengue"
"86",2024,25,2024-06-17,140,NA,"Dengue"
"86",2024,26,2024-06-24,114,NA,"Dengue"
"86",2024,27,2024-07-01,89,NA,"Dengue"
"86",2024,28,2024-07-08,77,NA,"Dengue"
"86",2024,29,2024-07-15,71,NA,"Dengue"
"86",2024,30,2024-07-22,43,NA,"Dengue"
"86",2024,31,2024-07-29,46,NA,"Dengue"
"86",2024,32,2024-08-05,44,NA,"Dengue"
"86",2024,33,2024-08-12,25,NA,"Dengue"
"86",2024,34,2024-08-19,37,NA,"Dengue"
"86",2024,35,2024-08-26,32,NA,"Dengue"
"86",2024,36,2024-09-02,24,NA,"Dengue"
"86",2024,37,2024-09-09,29,NA,"Dengue"
"86",2024,38,2024-09-16,31,NA,"Dengue"
"86",2024,39,2024-09-23,28,NA,"Dengue"
"86",2024,40,2024-09-30,36,NA,"Dengue"
"86",2024,41,2024-10-07,39,NA,"Dengue"
"86",2024,42,2024-10-14,30,NA,"Dengue"
"86",2024,43,2024-10-21,40,NA,"Dengue"
"86",2024,44,2024-10-28,58,NA,"Dengue"
"86",2024,45,2024-11-04,50,NA,"Dengue"
"86",2024,46,2024-11-11,66,NA,"Dengue"
"86",2024,47,2024-11-18,64,NA,"Dengue"
"86",2024,48,2024-11-25,89,NA,"Dengue"
"86",2024,49,2024-12-02,93,NA,"Dengue"
"86",2024,50,2024-12-09,88,NA,"Dengue"
"86",2024,51,2024-12-16,84,NA,"Dengue"
"86",2024,52,2024-12-23,90,NA,"Dengue"
"86",2025,1,2025-01-01,61,NA,"Dengue"
"86",2025,2,2025-01-08,99,NA,"Dengue"
"86",2025,3,2025-01-15,115,NA,"Dengue"
"86",2025,4,2025-01-22,137,NA,"Dengue"
"86",2025,5,2025-01-29,133,NA,"Dengue"
"86",2025,6,2025-02-05,124,NA,"Dengue"
"86",2025,7,2025-02-12,128,NA,"Dengue"
"86",2025,8,2025-02-19,125,NA,"Dengue"
"86",2025,9,2025-02-26,104,NA,"Dengue"
"86",2025,10,2025-03-05,133,NA,"Dengue"
"86",2025,11,2025-03-12,128,NA,"Dengue"
"86",2025,12,2025-03-19,114,NA,"Dengue"
"86",2025,13,2025-03-26,100,NA,"Dengue"
"86",2025,14,2025-04-02,107,NA,"Dengue"
"86",2025,15,2025-04-09,102,NA,"Dengue"
"86",2025,16,2025-04-16,108,NA,"Dengue"
"86",2025,17,2025-04-23,114,NA,"Dengue"
"86",2025,18,2025-04-30,85,NA,"Dengue"
"86",2025,19,2025-05-07,108,NA,"Dengue"
"86",2025,20,2025-05-14,76,NA,"Dengue"
"86",2025,21,2025-05-21,72,NA,"Dengue"
"86",2025,22,2025-05-28,53,NA,"Dengue"
"86",2025,23,2025-06-04,38,NA,"Dengue"
"86",2025,24,2025-06-11,41,NA,"Dengue"
"86",2025,25,2025-06-18,35,NA,"Dengue"
"86",2025,26,2025-06-25,21,NA,"Dengue"
"86",2025,27,2025-07-02,25,NA,"Dengue"
"86",2025,28,2025-07-09,16,NA,"Dengue"
"86",2025,29,2025-07-16,18,NA,"Dengue"
"86",2025,30,2025-07-23,20,NA,"Dengue"
"86",2025,31,2025-07-30,18,NA,"Dengue"
"86",2025,32,2025-08-06,19,NA,"Dengue"
"86",2025,33,2025-08-13,17,NA,"Dengue"
"86",2025,34,2025-08-20,15,NA,"Dengue"
"86",2025,35,2025-08-27,13,NA,"Dengue"
"86",2025,36,2025-09-03,13,NA,"Dengue"
"86",2025,37,2025-09-10,20,NA,"Dengue"
"86",2025,38,2025-09-17,13,NA,"Dengue"
"86",2025,39,2025-09-24,15,NA,"Dengue"
"86",2025,40,2025-10-01,6,NA,"Dengue"
"86",2025,41,2025-10-08,6,NA,"Dengue"
"86",2025,42,2025-10-15,8,NA,"Dengue"
"86",2025,43,2025-10-22,9,NA,"Dengue"
"86",2025,44,2025-10-29,12,NA,"Dengue"
"86",2025,45,2025-11-05,8,NA,"Dengue"
"86",2025,46,2025-11-12,21,NA,"Dengue"
"86",2025,47,2025-11-19,14,NA,"Dengue"
"86",2025,48,2025-11-26,12,NA,"Dengue"
"86",2025,49,2025-12-03,8,NA,"Dengue"
"86",2025,50,2025-12-10,11,NA,"Dengue"
"86",2025,51,2025-12-17,11,NA,"Dengue"
"86",2025,52,2025-12-24,11,NA,"Dengue"
"86",2025,53,2025-12-31,9,NA,"Dengue"
"88",2020,1,2020-01-01,3,NA,"Dengue"
"88",2020,2,2020-01-08,2,NA,"Dengue"
"88",2020,3,2020-01-15,1,NA,"Dengue"
"88",2020,4,2020-01-22,6,NA,"Dengue"
"88",2020,5,2020-01-29,2,NA,"Dengue"
"88",2020,6,2020-02-05,2,NA,"Dengue"
"88",2020,7,2020-02-12,3,NA,"Dengue"
"88",2020,8,2020-02-19,2,NA,"Dengue"
"88",2020,9,2020-02-26,2,NA,"Dengue"
"88",2020,10,2020-03-04,2,NA,"Dengue"
"88",2020,11,2020-03-11,1,NA,"Dengue"
"88",2020,12,2020-03-18,1,NA,"Dengue"
"88",2020,13,2020-03-25,2,NA,"Dengue"
"88",2020,15,2020-04-08,1,NA,"Dengue"
"88",2020,16,2020-04-15,2,NA,"Dengue"
"88",2020,17,2020-04-22,2,NA,"Dengue"
"88",2020,18,2020-04-29,1,NA,"Dengue"
"88",2020,20,2020-05-13,1,NA,"Dengue"
"88",2020,22,2020-05-27,2,NA,"Dengue"
"88",2020,24,2020-06-10,1,NA,"Dengue"
"88",2020,26,2020-06-24,1,NA,"Dengue"
"88",2020,31,2020-07-29,1,NA,"Dengue"
"88",2020,32,2020-08-05,1,NA,"Dengue"
"88",2020,33,2020-08-12,1,NA,"Dengue"
"88",2020,34,2020-08-19,1,NA,"Dengue"
"88",2020,38,2020-09-16,1,NA,"Dengue"
"88",2020,39,2020-09-23,2,NA,"Dengue"
"88",2020,40,2020-09-30,3,NA,"Dengue"
"88",2020,42,2020-10-14,1,NA,"Dengue"
"88",2020,43,2020-10-21,1,NA,"Dengue"
"88",2020,44,2020-10-28,1,NA,"Dengue"
"88",2020,48,2020-11-25,2,NA,"Dengue"
"88",2020,49,2020-12-02,2,NA,"Dengue"
"88",2020,50,2020-12-09,2,NA,"Dengue"
"88",2020,51,2020-12-16,4,NA,"Dengue"
"88",2020,52,2020-12-23,4,NA,"Dengue"
"88",2020,53,2020-12-30,2,NA,"Dengue"
"88",2021,2,2021-01-08,3,NA,"Dengue"
"88",2021,3,2021-01-15,2,NA,"Dengue"
"88",2021,4,2021-01-22,4,NA,"Dengue"
"88",2021,5,2021-01-29,2,NA,"Dengue"
"88",2021,6,2021-02-05,1,NA,"Dengue"
"88",2021,7,2021-02-12,3,NA,"Dengue"
"88",2021,8,2021-02-19,3,NA,"Dengue"
"88",2021,9,2021-02-26,5,NA,"Dengue"
"88",2021,11,2021-03-12,2,NA,"Dengue"
"88",2021,13,2021-03-26,3,NA,"Dengue"
"88",2021,14,2021-04-02,2,NA,"Dengue"
"88",2021,15,2021-04-09,2,NA,"Dengue"
"88",2021,19,2021-05-07,1,NA,"Dengue"
"88",2021,21,2021-05-21,3,NA,"Dengue"
"88",2021,22,2021-05-28,4,NA,"Dengue"
"88",2021,23,2021-06-04,2,NA,"Dengue"
"88",2021,24,2021-06-11,1,NA,"Dengue"
"88",2021,26,2021-06-25,1,NA,"Dengue"
"88",2021,27,2021-07-02,2,NA,"Dengue"
"88",2021,28,2021-07-09,1,NA,"Dengue"
"88",2021,29,2021-07-16,2,NA,"Dengue"
"88",2021,30,2021-07-23,2,NA,"Dengue"
"88",2021,31,2021-07-30,1,NA,"Dengue"
"88",2021,32,2021-08-06,2,NA,"Dengue"
"88",2021,33,2021-08-13,1,NA,"Dengue"
"88",2021,34,2021-08-20,8,NA,"Dengue"
"88",2021,35,2021-08-27,4,NA,"Dengue"
"88",2021,36,2021-09-03,5,NA,"Dengue"
"88",2021,37,2021-09-10,6,NA,"Dengue"
"88",2021,38,2021-09-17,3,NA,"Dengue"
"88",2021,39,2021-09-24,8,NA,"Dengue"
"88",2021,41,2021-10-08,11,NA,"Dengue"
"88",2021,42,2021-10-15,3,NA,"Dengue"
"88",2021,43,2021-10-22,4,NA,"Dengue"
"88",2021,44,2021-10-29,11,NA,"Dengue"
"88",2021,45,2021-11-05,5,NA,"Dengue"
"88",2021,46,2021-11-12,10,NA,"Dengue"
"88",2021,47,2021-11-19,8,NA,"Dengue"
"88",2021,48,2021-11-26,9,NA,"Dengue"
"88",2021,49,2021-12-03,10,NA,"Dengue"
"88",2021,50,2021-12-10,11,NA,"Dengue"
"88",2021,51,2021-12-17,14,NA,"Dengue"
"88",2021,52,2021-12-24,4,NA,"Dengue"
"88",2022,1,2022-01-01,7,NA,"Dengue"
"88",2022,2,2022-01-08,8,NA,"Dengue"
"88",2022,3,2022-01-15,12,NA,"Dengue"
"88",2022,4,2022-01-22,10,NA,"Dengue"
"88",2022,5,2022-01-29,6,NA,"Dengue"
"88",2022,6,2022-02-05,7,NA,"Dengue"
"88",2022,7,2022-02-12,5,NA,"Dengue"
"88",2022,8,2022-02-19,3,NA,"Dengue"
"88",2022,9,2022-02-26,6,NA,"Dengue"
"88",2022,10,2022-03-05,4,NA,"Dengue"
"88",2022,11,2022-03-12,1,NA,"Dengue"
"88",2022,12,2022-03-19,2,NA,"Dengue"
"88",2022,13,2022-03-26,5,NA,"Dengue"
"88",2022,14,2022-04-02,4,NA,"Dengue"
"88",2022,15,2022-04-09,4,NA,"Dengue"
"88",2022,17,2022-04-23,2,NA,"Dengue"
"88",2022,21,2022-05-21,1,NA,"Dengue"
"88",2022,22,2022-05-28,2,NA,"Dengue"
"88",2022,24,2022-06-11,1,NA,"Dengue"
"88",2022,25,2022-06-18,1,NA,"Dengue"
"88",2022,26,2022-06-25,1,NA,"Dengue"
"88",2022,31,2022-07-30,1,NA,"Dengue"
"88",2022,33,2022-08-13,1,NA,"Dengue"
"88",2022,34,2022-08-20,3,NA,"Dengue"
"88",2022,38,2022-09-17,1,NA,"Dengue"
"88",2022,39,2022-09-24,2,NA,"Dengue"
"88",2022,40,2022-10-01,2,NA,"Dengue"
"88",2022,42,2022-10-15,1,NA,"Dengue"
"88",2022,43,2022-10-22,1,NA,"Dengue"
"88",2022,44,2022-10-29,1,NA,"Dengue"
"88",2022,47,2022-11-19,1,NA,"Dengue"
"88",2022,49,2022-12-03,1,NA,"Dengue"
"88",2022,50,2022-12-10,1,NA,"Dengue"
"88",2022,52,2022-12-24,1,NA,"Dengue"
"88",2023,1,2023-01-01,1,NA,"Dengue"
"88",2023,4,2023-01-22,3,NA,"Dengue"
"88",2023,6,2023-02-05,1,NA,"Dengue"
"88",2023,7,2023-02-12,1,NA,"Dengue"
"88",2023,8,2023-02-19,1,NA,"Dengue"
"88",2023,12,2023-03-19,1,NA,"Dengue"
"88",2023,16,2023-04-16,1,NA,"Dengue"
"88",2023,17,2023-04-23,1,NA,"Dengue"
"88",2023,18,2023-04-30,1,NA,"Dengue"
"88",2023,22,2023-05-28,1,NA,"Dengue"
"88",2023,23,2023-06-04,1,NA,"Dengue"
"88",2023,24,2023-06-11,1,NA,"Dengue"
"88",2023,27,2023-07-02,2,NA,"Dengue"
"88",2023,28,2023-07-09,1,NA,"Dengue"
"88",2023,29,2023-07-16,1,NA,"Dengue"
"88",2023,30,2023-07-23,1,NA,"Dengue"
"88",2023,31,2023-07-30,1,NA,"Dengue"
"88",2023,34,2023-08-20,2,NA,"Dengue"
"88",2023,35,2023-08-27,4,NA,"Dengue"
"88",2023,36,2023-09-03,1,NA,"Dengue"
"88",2023,37,2023-09-10,2,NA,"Dengue"
"88",2023,38,2023-09-17,3,NA,"Dengue"
"88",2023,39,2023-09-24,6,NA,"Dengue"
"88",2023,40,2023-10-01,4,NA,"Dengue"
"88",2023,41,2023-10-08,6,NA,"Dengue"
"88",2023,42,2023-10-15,7,NA,"Dengue"
"88",2023,43,2023-10-22,3,NA,"Dengue"
"88",2023,44,2023-10-29,6,NA,"Dengue"
"88",2023,45,2023-11-05,6,NA,"Dengue"
"88",2023,46,2023-11-12,3,NA,"Dengue"
"88",2023,47,2023-11-19,9,NA,"Dengue"
"88",2023,48,2023-11-26,10,NA,"Dengue"
"88",2023,49,2023-12-03,11,NA,"Dengue"
"88",2023,50,2023-12-10,7,NA,"Dengue"
"88",2023,51,2023-12-17,7,NA,"Dengue"
"88",2023,52,2023-12-24,6,NA,"Dengue"
"88",2024,1,2024-01-01,9,NA,"Dengue"
"88",2024,2,2024-01-08,8,NA,"Dengue"
"88",2024,3,2024-01-15,11,NA,"Dengue"
"88",2024,4,2024-01-22,5,NA,"Dengue"
"88",2024,5,2024-01-29,6,NA,"Dengue"
"88",2024,6,2024-02-05,11,NA,"Dengue"
"88",2024,7,2024-02-12,7,NA,"Dengue"
"88",2024,8,2024-02-19,7,NA,"Dengue"
"88",2024,9,2024-02-26,3,NA,"Dengue"
"88",2024,10,2024-03-04,7,NA,"Dengue"
"88",2024,11,2024-03-11,5,NA,"Dengue"
"88",2024,12,2024-03-18,10,NA,"Dengue"
"88",2024,13,2024-03-25,7,NA,"Dengue"
"88",2024,14,2024-04-01,6,NA,"Dengue"
"88",2024,15,2024-04-08,2,NA,"Dengue"
"88",2024,16,2024-04-15,1,NA,"Dengue"
"88",2024,18,2024-04-29,1,NA,"Dengue"
"88",2024,19,2024-05-06,3,NA,"Dengue"
"88",2024,20,2024-05-13,5,NA,"Dengue"
"88",2024,21,2024-05-20,4,NA,"Dengue"
"88",2024,22,2024-05-27,1,NA,"Dengue"
"88",2024,23,2024-06-03,1,NA,"Dengue"
"88",2024,24,2024-06-10,6,NA,"Dengue"
"88",2024,25,2024-06-17,3,NA,"Dengue"
"88",2024,26,2024-06-24,5,NA,"Dengue"
"88",2024,27,2024-07-01,5,NA,"Dengue"
"88",2024,28,2024-07-08,5,NA,"Dengue"
"88",2024,29,2024-07-15,3,NA,"Dengue"
"88",2024,30,2024-07-22,7,NA,"Dengue"
"88",2024,31,2024-07-29,10,NA,"Dengue"
"88",2024,32,2024-08-05,14,NA,"Dengue"
"88",2024,33,2024-08-12,19,NA,"Dengue"
"88",2024,34,2024-08-19,20,NA,"Dengue"
"88",2024,35,2024-08-26,36,NA,"Dengue"
"88",2024,36,2024-09-02,32,NA,"Dengue"
"88",2024,37,2024-09-09,38,NA,"Dengue"
"88",2024,38,2024-09-16,34,NA,"Dengue"
"88",2024,39,2024-09-23,28,NA,"Dengue"
"88",2024,40,2024-09-30,37,NA,"Dengue"
"88",2024,41,2024-10-07,29,NA,"Dengue"
"88",2024,42,2024-10-14,30,NA,"Dengue"
"88",2024,43,2024-10-21,11,NA,"Dengue"
"88",2024,44,2024-10-28,23,NA,"Dengue"
"88",2024,45,2024-11-04,15,NA,"Dengue"
"88",2024,46,2024-11-11,7,NA,"Dengue"
"88",2024,47,2024-11-18,11,NA,"Dengue"
"88",2024,48,2024-11-25,15,NA,"Dengue"
"88",2024,49,2024-12-02,14,NA,"Dengue"
"88",2024,50,2024-12-09,16,NA,"Dengue"
"88",2024,51,2024-12-16,6,NA,"Dengue"
"88",2024,52,2024-12-23,9,NA,"Dengue"
"88",2025,1,2025-01-01,8,NA,"Dengue"
"88",2025,2,2025-01-08,7,NA,"Dengue"
"88",2025,3,2025-01-15,3,NA,"Dengue"
"88",2025,4,2025-01-22,6,NA,"Dengue"
"88",2025,5,2025-01-29,2,NA,"Dengue"
"88",2025,6,2025-02-05,2,NA,"Dengue"
"88",2025,7,2025-02-12,2,NA,"Dengue"
"88",2025,8,2025-02-19,2,NA,"Dengue"
"88",2025,9,2025-02-26,3,NA,"Dengue"
"88",2025,10,2025-03-05,2,NA,"Dengue"
"88",2025,13,2025-03-26,1,NA,"Dengue"
"88",2025,14,2025-04-02,1,NA,"Dengue"
"88",2025,16,2025-04-16,1,NA,"Dengue"
"88",2025,17,2025-04-23,1,NA,"Dengue"
"88",2025,22,2025-05-28,2,NA,"Dengue"
"88",2025,23,2025-06-04,1,NA,"Dengue"
"88",2025,25,2025-06-18,1,NA,"Dengue"
"88",2025,30,2025-07-23,1,NA,"Dengue"
"88",2025,34,2025-08-20,1,NA,"Dengue"
"88",2025,35,2025-08-27,1,NA,"Dengue"
"88",2025,44,2025-10-29,1,NA,"Dengue"
"88",2025,47,2025-11-19,1,NA,"Dengue"
"91",2020,1,2020-01-01,25,NA,"Dengue"
"91",2020,2,2020-01-08,14,NA,"Dengue"
"91",2020,3,2020-01-15,8,NA,"Dengue"
"91",2020,4,2020-01-22,9,NA,"Dengue"
"91",2020,5,2020-01-29,8,NA,"Dengue"
"91",2020,6,2020-02-05,11,NA,"Dengue"
"91",2020,7,2020-02-12,10,NA,"Dengue"
"91",2020,8,2020-02-19,6,NA,"Dengue"
"91",2020,9,2020-02-26,8,NA,"Dengue"
"91",2020,10,2020-03-04,4,NA,"Dengue"
"91",2020,11,2020-03-11,7,NA,"Dengue"
"91",2020,12,2020-03-18,4,NA,"Dengue"
"91",2020,13,2020-03-25,3,NA,"Dengue"
"91",2020,14,2020-04-01,3,NA,"Dengue"
"91",2020,15,2020-04-08,4,NA,"Dengue"
"91",2020,17,2020-04-22,4,NA,"Dengue"
"91",2020,18,2020-04-29,4,NA,"Dengue"
"91",2020,19,2020-05-06,3,NA,"Dengue"
"91",2020,21,2020-05-20,2,NA,"Dengue"
"91",2020,22,2020-05-27,1,NA,"Dengue"
"91",2020,25,2020-06-17,1,NA,"Dengue"
"91",2020,26,2020-06-24,2,NA,"Dengue"
"91",2020,29,2020-07-15,3,NA,"Dengue"
"91",2020,31,2020-07-29,2,NA,"Dengue"
"91",2020,33,2020-08-12,1,NA,"Dengue"
"91",2020,34,2020-08-19,1,NA,"Dengue"
"91",2020,39,2020-09-23,1,NA,"Dengue"
"91",2020,40,2020-09-30,4,NA,"Dengue"
"91",2020,41,2020-10-07,1,NA,"Dengue"
"91",2020,42,2020-10-14,2,NA,"Dengue"
"91",2020,43,2020-10-21,2,NA,"Dengue"
"91",2020,44,2020-10-28,2,NA,"Dengue"
"91",2020,45,2020-11-04,4,NA,"Dengue"
"91",2020,46,2020-11-11,2,NA,"Dengue"
"91",2020,47,2020-11-18,1,NA,"Dengue"
"91",2020,48,2020-11-25,2,NA,"Dengue"
"91",2020,49,2020-12-02,5,NA,"Dengue"
"91",2020,50,2020-12-09,4,NA,"Dengue"
"91",2020,51,2020-12-16,13,NA,"Dengue"
"91",2020,52,2020-12-23,8,NA,"Dengue"
"91",2020,53,2020-12-30,3,NA,"Dengue"
"91",2021,1,2021-01-01,5,NA,"Dengue"
"91",2021,2,2021-01-08,3,NA,"Dengue"
"91",2021,3,2021-01-15,3,NA,"Dengue"
"91",2021,4,2021-01-22,3,NA,"Dengue"
"91",2021,5,2021-01-29,6,NA,"Dengue"
"91",2021,6,2021-02-05,5,NA,"Dengue"
"91",2021,7,2021-02-12,2,NA,"Dengue"
"91",2021,8,2021-02-19,6,NA,"Dengue"
"91",2021,9,2021-02-26,17,NA,"Dengue"
"91",2021,10,2021-03-05,8,NA,"Dengue"
"91",2021,11,2021-03-12,5,NA,"Dengue"
"91",2021,12,2021-03-19,6,NA,"Dengue"
"91",2021,13,2021-03-26,11,NA,"Dengue"
"91",2021,14,2021-04-02,5,NA,"Dengue"
"91",2021,15,2021-04-09,3,NA,"Dengue"
"91",2021,16,2021-04-16,5,NA,"Dengue"
"91",2021,17,2021-04-23,10,NA,"Dengue"
"91",2021,18,2021-04-30,10,NA,"Dengue"
"91",2021,19,2021-05-07,7,NA,"Dengue"
"91",2021,20,2021-05-14,4,NA,"Dengue"
"91",2021,21,2021-05-21,9,NA,"Dengue"
"91",2021,22,2021-05-28,4,NA,"Dengue"
"91",2021,23,2021-06-04,2,NA,"Dengue"
"91",2021,24,2021-06-11,8,NA,"Dengue"
"91",2021,25,2021-06-18,4,NA,"Dengue"
"91",2021,26,2021-06-25,3,NA,"Dengue"
"91",2021,27,2021-07-02,6,NA,"Dengue"
"91",2021,28,2021-07-09,7,NA,"Dengue"
"91",2021,29,2021-07-16,4,NA,"Dengue"
"91",2021,30,2021-07-23,2,NA,"Dengue"
"91",2021,31,2021-07-30,4,NA,"Dengue"
"91",2021,32,2021-08-06,9,NA,"Dengue"
"91",2021,33,2021-08-13,4,NA,"Dengue"
"91",2021,34,2021-08-20,4,NA,"Dengue"
"91",2021,35,2021-08-27,5,NA,"Dengue"
"91",2021,36,2021-09-03,3,NA,"Dengue"
"91",2021,37,2021-09-10,2,NA,"Dengue"
"91",2021,38,2021-09-17,5,NA,"Dengue"
"91",2021,39,2021-09-24,4,NA,"Dengue"
"91",2021,40,2021-10-01,6,NA,"Dengue"
"91",2021,41,2021-10-08,3,NA,"Dengue"
"91",2021,42,2021-10-15,5,NA,"Dengue"
"91",2021,43,2021-10-22,6,NA,"Dengue"
"91",2021,44,2021-10-29,5,NA,"Dengue"
"91",2021,45,2021-11-05,8,NA,"Dengue"
"91",2021,46,2021-11-12,6,NA,"Dengue"
"91",2021,47,2021-11-19,8,NA,"Dengue"
"91",2021,48,2021-11-26,14,NA,"Dengue"
"91",2021,49,2021-12-03,13,NA,"Dengue"
"91",2021,50,2021-12-10,10,NA,"Dengue"
"91",2021,51,2021-12-17,9,NA,"Dengue"
"91",2021,52,2021-12-24,6,NA,"Dengue"
"91",2022,1,2022-01-01,7,NA,"Dengue"
"91",2022,2,2022-01-08,10,NA,"Dengue"
"91",2022,3,2022-01-15,8,NA,"Dengue"
"91",2022,4,2022-01-22,11,NA,"Dengue"
"91",2022,5,2022-01-29,14,NA,"Dengue"
"91",2022,6,2022-02-05,9,NA,"Dengue"
"91",2022,7,2022-02-12,7,NA,"Dengue"
"91",2022,8,2022-02-19,9,NA,"Dengue"
"91",2022,9,2022-02-26,12,NA,"Dengue"
"91",2022,10,2022-03-05,12,NA,"Dengue"
"91",2022,11,2022-03-12,15,NA,"Dengue"
"91",2022,12,2022-03-19,11,NA,"Dengue"
"91",2022,13,2022-03-26,16,NA,"Dengue"
"91",2022,14,2022-04-02,7,NA,"Dengue"
"91",2022,15,2022-04-09,10,NA,"Dengue"
"91",2022,16,2022-04-16,16,NA,"Dengue"
"91",2022,17,2022-04-23,15,NA,"Dengue"
"91",2022,18,2022-04-30,15,NA,"Dengue"
"91",2022,19,2022-05-07,9,NA,"Dengue"
"91",2022,20,2022-05-14,6,NA,"Dengue"
"91",2022,21,2022-05-21,13,NA,"Dengue"
"91",2022,22,2022-05-28,3,NA,"Dengue"
"91",2022,23,2022-06-04,14,NA,"Dengue"
"91",2022,24,2022-06-11,11,NA,"Dengue"
"91",2022,25,2022-06-18,6,NA,"Dengue"
"91",2022,26,2022-06-25,5,NA,"Dengue"
"91",2022,27,2022-07-02,8,NA,"Dengue"
"91",2022,28,2022-07-09,7,NA,"Dengue"
"91",2022,29,2022-07-16,9,NA,"Dengue"
"91",2022,30,2022-07-23,11,NA,"Dengue"
"91",2022,31,2022-07-30,7,NA,"Dengue"
"91",2022,32,2022-08-06,5,NA,"Dengue"
"91",2022,33,2022-08-13,7,NA,"Dengue"
"91",2022,34,2022-08-20,6,NA,"Dengue"
"91",2022,35,2022-08-27,9,NA,"Dengue"
"91",2022,36,2022-09-03,1,NA,"Dengue"
"91",2022,38,2022-09-17,4,NA,"Dengue"
"91",2022,39,2022-09-24,4,NA,"Dengue"
"91",2022,40,2022-10-01,6,NA,"Dengue"
"91",2022,41,2022-10-08,3,NA,"Dengue"
"91",2022,42,2022-10-15,6,NA,"Dengue"
"91",2022,43,2022-10-22,16,NA,"Dengue"
"91",2022,44,2022-10-29,14,NA,"Dengue"
"91",2022,45,2022-11-05,13,NA,"Dengue"
"91",2022,46,2022-11-12,8,NA,"Dengue"
"91",2022,47,2022-11-19,8,NA,"Dengue"
"91",2022,48,2022-11-26,12,NA,"Dengue"
"91",2022,49,2022-12-03,10,NA,"Dengue"
"91",2022,50,2022-12-10,10,NA,"Dengue"
"91",2022,51,2022-12-17,11,NA,"Dengue"
"91",2022,52,2022-12-24,8,NA,"Dengue"
"91",2023,1,2023-01-01,11,NA,"Dengue"
"91",2023,2,2023-01-08,12,NA,"Dengue"
"91",2023,3,2023-01-15,8,NA,"Dengue"
"91",2023,4,2023-01-22,16,NA,"Dengue"
"91",2023,5,2023-01-29,23,NA,"Dengue"
"91",2023,6,2023-02-05,25,NA,"Dengue"
"91",2023,7,2023-02-12,38,NA,"Dengue"
"91",2023,8,2023-02-19,34,NA,"Dengue"
"91",2023,9,2023-02-26,43,NA,"Dengue"
"91",2023,10,2023-03-05,52,NA,"Dengue"
"91",2023,11,2023-03-12,49,NA,"Dengue"
"91",2023,12,2023-03-19,44,NA,"Dengue"
"91",2023,13,2023-03-26,63,NA,"Dengue"
"91",2023,14,2023-04-02,39,NA,"Dengue"
"91",2023,15,2023-04-09,63,NA,"Dengue"
"91",2023,16,2023-04-16,35,NA,"Dengue"
"91",2023,17,2023-04-23,42,NA,"Dengue"
"91",2023,18,2023-04-30,38,NA,"Dengue"
"91",2023,19,2023-05-07,26,NA,"Dengue"
"91",2023,20,2023-05-14,33,NA,"Dengue"
"91",2023,21,2023-05-21,30,NA,"Dengue"
"91",2023,22,2023-05-28,19,NA,"Dengue"
"91",2023,23,2023-06-04,10,NA,"Dengue"
"91",2023,24,2023-06-11,10,NA,"Dengue"
"91",2023,25,2023-06-18,7,NA,"Dengue"
"91",2023,26,2023-06-25,10,NA,"Dengue"
"91",2023,27,2023-07-02,13,NA,"Dengue"
"91",2023,28,2023-07-09,15,NA,"Dengue"
"91",2023,29,2023-07-16,8,NA,"Dengue"
"91",2023,30,2023-07-23,6,NA,"Dengue"
"91",2023,31,2023-07-30,9,NA,"Dengue"
"91",2023,32,2023-08-06,5,NA,"Dengue"
"91",2023,33,2023-08-13,13,NA,"Dengue"
"91",2023,34,2023-08-20,16,NA,"Dengue"
"91",2023,35,2023-08-27,5,NA,"Dengue"
"91",2023,36,2023-09-03,5,NA,"Dengue"
"91",2023,37,2023-09-10,4,NA,"Dengue"
"91",2023,38,2023-09-17,5,NA,"Dengue"
"91",2023,39,2023-09-24,4,NA,"Dengue"
"91",2023,40,2023-10-01,14,NA,"Dengue"
"91",2023,41,2023-10-08,11,NA,"Dengue"
"91",2023,42,2023-10-15,9,NA,"Dengue"
"91",2023,43,2023-10-22,9,NA,"Dengue"
"91",2023,44,2023-10-29,10,NA,"Dengue"
"91",2023,45,2023-11-05,4,NA,"Dengue"
"91",2023,46,2023-11-12,10,NA,"Dengue"
"91",2023,47,2023-11-19,9,NA,"Dengue"
"91",2023,48,2023-11-26,9,NA,"Dengue"
"91",2023,49,2023-12-03,6,NA,"Dengue"
"91",2023,50,2023-12-10,13,NA,"Dengue"
"91",2023,51,2023-12-17,4,NA,"Dengue"
"91",2023,52,2023-12-24,9,NA,"Dengue"
"91",2024,1,2024-01-01,11,NA,"Dengue"
"91",2024,2,2024-01-08,10,NA,"Dengue"
"91",2024,3,2024-01-15,16,NA,"Dengue"
"91",2024,4,2024-01-22,18,NA,"Dengue"
"91",2024,5,2024-01-29,14,NA,"Dengue"
"91",2024,6,2024-02-05,29,NA,"Dengue"
"91",2024,7,2024-02-12,26,NA,"Dengue"
"91",2024,8,2024-02-19,25,NA,"Dengue"
"91",2024,9,2024-02-26,29,NA,"Dengue"
"91",2024,10,2024-03-04,30,NA,"Dengue"
"91",2024,11,2024-03-11,19,NA,"Dengue"
"91",2024,12,2024-03-18,23,NA,"Dengue"
"91",2024,13,2024-03-25,24,NA,"Dengue"
"91",2024,14,2024-04-01,23,NA,"Dengue"
"91",2024,15,2024-04-08,26,NA,"Dengue"
"91",2024,16,2024-04-15,18,NA,"Dengue"
"91",2024,17,2024-04-22,19,NA,"Dengue"
"91",2024,18,2024-04-29,23,NA,"Dengue"
"91",2024,19,2024-05-06,18,NA,"Dengue"
"91",2024,20,2024-05-13,18,NA,"Dengue"
"91",2024,21,2024-05-20,5,NA,"Dengue"
"91",2024,22,2024-05-27,6,NA,"Dengue"
"91",2024,23,2024-06-03,10,NA,"Dengue"
"91",2024,24,2024-06-10,3,NA,"Dengue"
"91",2024,25,2024-06-17,10,NA,"Dengue"
"91",2024,26,2024-06-24,6,NA,"Dengue"
"91",2024,27,2024-07-01,10,NA,"Dengue"
"91",2024,28,2024-07-08,6,NA,"Dengue"
"91",2024,29,2024-07-15,6,NA,"Dengue"
"91",2024,30,2024-07-22,5,NA,"Dengue"
"91",2024,31,2024-07-29,8,NA,"Dengue"
"91",2024,32,2024-08-05,7,NA,"Dengue"
"91",2024,33,2024-08-12,3,NA,"Dengue"
"91",2024,34,2024-08-19,5,NA,"Dengue"
"91",2024,35,2024-08-26,3,NA,"Dengue"
"91",2024,36,2024-09-02,6,NA,"Dengue"
"91",2024,37,2024-09-09,5,NA,"Dengue"
"91",2024,38,2024-09-16,6,NA,"Dengue"
"91",2024,39,2024-09-23,2,NA,"Dengue"
"91",2024,40,2024-09-30,7,NA,"Dengue"
"91",2024,41,2024-10-07,8,NA,"Dengue"
"91",2024,42,2024-10-14,2,NA,"Dengue"
"91",2024,43,2024-10-21,9,NA,"Dengue"
"91",2024,44,2024-10-28,9,NA,"Dengue"
"91",2024,45,2024-11-04,6,NA,"Dengue"
"91",2024,46,2024-11-11,11,NA,"Dengue"
"91",2024,47,2024-11-18,8,NA,"Dengue"
"91",2024,48,2024-11-25,13,NA,"Dengue"
"91",2024,49,2024-12-02,10,NA,"Dengue"
"91",2024,50,2024-12-09,7,NA,"Dengue"
"91",2024,51,2024-12-16,11,NA,"Dengue"
"91",2024,52,2024-12-23,4,NA,"Dengue"
"91",2025,1,2025-01-01,11,NA,"Dengue"
"91",2025,2,2025-01-08,8,NA,"Dengue"
"91",2025,3,2025-01-15,4,NA,"Dengue"
"91",2025,4,2025-01-22,7,NA,"Dengue"
"91",2025,5,2025-01-29,5,NA,"Dengue"
"91",2025,6,2025-02-05,4,NA,"Dengue"
"91",2025,7,2025-02-12,6,NA,"Dengue"
"91",2025,8,2025-02-19,11,NA,"Dengue"
"91",2025,9,2025-02-26,7,NA,"Dengue"
"91",2025,10,2025-03-05,8,NA,"Dengue"
"91",2025,11,2025-03-12,13,NA,"Dengue"
"91",2025,12,2025-03-19,6,NA,"Dengue"
"91",2025,13,2025-03-26,8,NA,"Dengue"
"91",2025,14,2025-04-02,8,NA,"Dengue"
"91",2025,15,2025-04-09,7,NA,"Dengue"
"91",2025,16,2025-04-16,10,NA,"Dengue"
"91",2025,17,2025-04-23,6,NA,"Dengue"
"91",2025,18,2025-04-30,15,NA,"Dengue"
"91",2025,19,2025-05-07,6,NA,"Dengue"
"91",2025,20,2025-05-14,6,NA,"Dengue"
"91",2025,21,2025-05-21,9,NA,"Dengue"
"91",2025,22,2025-05-28,11,NA,"Dengue"
"91",2025,23,2025-06-04,3,NA,"Dengue"
"91",2025,24,2025-06-11,3,NA,"Dengue"
"91",2025,25,2025-06-18,4,NA,"Dengue"
"91",2025,26,2025-06-25,3,NA,"Dengue"
"91",2025,27,2025-07-02,6,NA,"Dengue"
"91",2025,28,2025-07-09,9,NA,"Dengue"
"91",2025,29,2025-07-16,3,NA,"Dengue"
"91",2025,30,2025-07-23,5,NA,"Dengue"
"91",2025,31,2025-07-30,8,NA,"Dengue"
"91",2025,32,2025-08-06,10,NA,"Dengue"
"91",2025,33,2025-08-13,4,NA,"Dengue"
"91",2025,34,2025-08-20,10,NA,"Dengue"
"91",2025,35,2025-08-27,5,NA,"Dengue"
"91",2025,36,2025-09-03,9,NA,"Dengue"
"91",2025,37,2025-09-10,9,NA,"Dengue"
"91",2025,38,2025-09-17,6,NA,"Dengue"
"91",2025,39,2025-09-24,3,NA,"Dengue"
"91",2025,40,2025-10-01,10,NA,"Dengue"
"91",2025,41,2025-10-08,8,NA,"Dengue"
"91",2025,42,2025-10-15,7,NA,"Dengue"
"91",2025,43,2025-10-22,11,NA,"Dengue"
"91",2025,44,2025-10-29,7,NA,"Dengue"
"91",2025,45,2025-11-05,12,NA,"Dengue"
"91",2025,46,2025-11-12,5,NA,"Dengue"
"91",2025,47,2025-11-19,6,NA,"Dengue"
"91",2025,48,2025-11-26,8,NA,"Dengue"
"91",2025,49,2025-12-03,3,NA,"Dengue"
"91",2025,50,2025-12-10,12,NA,"Dengue"
"91",2025,51,2025-12-17,12,NA,"Dengue"
"91",2025,52,2025-12-24,14,NA,"Dengue"
"91",2025,53,2025-12-31,12,NA,"Dengue"
"94",2020,1,2020-01-01,1,NA,"Dengue"
"94",2020,2,2020-01-08,2,NA,"Dengue"
"94",2020,3,2020-01-15,1,NA,"Dengue"
"94",2020,4,2020-01-22,1,NA,"Dengue"
"94",2020,5,2020-01-29,1,NA,"Dengue"
"94",2020,6,2020-02-05,3,NA,"Dengue"
"94",2020,7,2020-02-12,2,NA,"Dengue"
"94",2020,9,2020-02-26,1,NA,"Dengue"
"94",2020,10,2020-03-04,1,NA,"Dengue"
"94",2020,17,2020-04-22,1,NA,"Dengue"
"94",2020,20,2020-05-13,3,NA,"Dengue"
"94",2020,22,2020-05-27,2,NA,"Dengue"
"94",2020,23,2020-06-03,1,NA,"Dengue"
"94",2020,26,2020-06-24,2,NA,"Dengue"
"94",2020,32,2020-08-05,1,NA,"Dengue"
"94",2020,33,2020-08-12,1,NA,"Dengue"
"94",2020,34,2020-08-19,1,NA,"Dengue"
"94",2020,35,2020-08-26,2,NA,"Dengue"
"94",2020,36,2020-09-02,6,NA,"Dengue"
"94",2020,37,2020-09-09,1,NA,"Dengue"
"94",2020,38,2020-09-16,3,NA,"Dengue"
"94",2020,40,2020-09-30,1,NA,"Dengue"
"94",2020,42,2020-10-14,1,NA,"Dengue"
"94",2020,49,2020-12-02,1,NA,"Dengue"
"94",2020,53,2020-12-30,1,NA,"Dengue"
"94",2021,1,2021-01-01,1,NA,"Dengue"
"94",2021,2,2021-01-08,1,NA,"Dengue"
"94",2021,4,2021-01-22,4,NA,"Dengue"
"94",2021,5,2021-01-29,1,NA,"Dengue"
"94",2021,14,2021-04-02,1,NA,"Dengue"
"94",2021,15,2021-04-09,1,NA,"Dengue"
"94",2021,18,2021-04-30,1,NA,"Dengue"
"94",2021,21,2021-05-21,1,NA,"Dengue"
"94",2021,22,2021-05-28,4,NA,"Dengue"
"94",2021,23,2021-06-04,1,NA,"Dengue"
"94",2021,28,2021-07-09,1,NA,"Dengue"
"94",2021,29,2021-07-16,1,NA,"Dengue"
"94",2021,31,2021-07-30,1,NA,"Dengue"
"94",2021,33,2021-08-13,1,NA,"Dengue"
"94",2021,34,2021-08-20,1,NA,"Dengue"
"94",2021,35,2021-08-27,1,NA,"Dengue"
"94",2021,38,2021-09-17,1,NA,"Dengue"
"94",2021,42,2021-10-15,1,NA,"Dengue"
"94",2021,43,2021-10-22,2,NA,"Dengue"
"94",2021,44,2021-10-29,2,NA,"Dengue"
"94",2021,45,2021-11-05,1,NA,"Dengue"
"94",2021,46,2021-11-12,1,NA,"Dengue"
"94",2021,47,2021-11-19,1,NA,"Dengue"
"94",2021,49,2021-12-03,2,NA,"Dengue"
"94",2021,50,2021-12-10,3,NA,"Dengue"
"94",2021,51,2021-12-17,1,NA,"Dengue"
"94",2021,52,2021-12-24,1,NA,"Dengue"
"94",2022,1,2022-01-01,1,NA,"Dengue"
"94",2022,2,2022-01-08,5,NA,"Dengue"
"94",2022,3,2022-01-15,3,NA,"Dengue"
"94",2022,4,2022-01-22,1,NA,"Dengue"
"94",2022,5,2022-01-29,1,NA,"Dengue"
"94",2022,6,2022-02-05,18,NA,"Dengue"
"94",2022,7,2022-02-12,16,NA,"Dengue"
"94",2022,8,2022-02-19,11,NA,"Dengue"
"94",2022,9,2022-02-26,1,NA,"Dengue"
"94",2022,10,2022-03-05,5,NA,"Dengue"
"94",2022,11,2022-03-12,10,NA,"Dengue"
"94",2022,12,2022-03-19,3,NA,"Dengue"
"94",2022,13,2022-03-26,1,NA,"Dengue"
"94",2022,15,2022-04-09,4,NA,"Dengue"
"94",2022,16,2022-04-16,2,NA,"Dengue"
"94",2022,17,2022-04-23,1,NA,"Dengue"
"94",2022,18,2022-04-30,3,NA,"Dengue"
"94",2022,20,2022-05-14,1,NA,"Dengue"
"94",2022,21,2022-05-21,1,NA,"Dengue"
"94",2022,22,2022-05-28,2,NA,"Dengue"
"94",2022,23,2022-06-04,3,NA,"Dengue"
"94",2022,24,2022-06-11,4,NA,"Dengue"
"94",2022,25,2022-06-18,4,NA,"Dengue"
"94",2022,27,2022-07-02,1,NA,"Dengue"
"94",2022,28,2022-07-09,3,NA,"Dengue"
"94",2022,29,2022-07-16,1,NA,"Dengue"
"94",2022,30,2022-07-23,2,NA,"Dengue"
"94",2022,31,2022-07-30,1,NA,"Dengue"
"94",2022,32,2022-08-06,1,NA,"Dengue"
"94",2022,34,2022-08-20,2,NA,"Dengue"
"94",2022,36,2022-09-03,1,NA,"Dengue"
"94",2022,37,2022-09-10,3,NA,"Dengue"
"94",2022,39,2022-09-24,2,NA,"Dengue"
"94",2022,40,2022-10-01,2,NA,"Dengue"
"94",2022,44,2022-10-29,2,NA,"Dengue"
"94",2022,52,2022-12-24,1,NA,"Dengue"
"94",2023,3,2023-01-15,2,NA,"Dengue"
"94",2023,4,2023-01-22,1,NA,"Dengue"
"94",2023,5,2023-01-29,2,NA,"Dengue"
"94",2023,6,2023-02-05,3,NA,"Dengue"
"94",2023,7,2023-02-12,3,NA,"Dengue"
"94",2023,8,2023-02-19,1,NA,"Dengue"
"94",2023,9,2023-02-26,1,NA,"Dengue"
"94",2023,10,2023-03-05,4,NA,"Dengue"
"94",2023,11,2023-03-12,1,NA,"Dengue"
"94",2023,12,2023-03-19,4,NA,"Dengue"
"94",2023,13,2023-03-26,4,NA,"Dengue"
"94",2023,14,2023-04-02,6,NA,"Dengue"
"94",2023,15,2023-04-09,4,NA,"Dengue"
"94",2023,16,2023-04-16,7,NA,"Dengue"
"94",2023,17,2023-04-23,5,NA,"Dengue"
"94",2023,18,2023-04-30,2,NA,"Dengue"
"94",2023,19,2023-05-07,1,NA,"Dengue"
"94",2023,20,2023-05-14,2,NA,"Dengue"
"94",2023,22,2023-05-28,1,NA,"Dengue"
"94",2023,23,2023-06-04,1,NA,"Dengue"
"94",2023,24,2023-06-11,3,NA,"Dengue"
"94",2023,25,2023-06-18,1,NA,"Dengue"
"94",2023,27,2023-07-02,3,NA,"Dengue"
"94",2023,28,2023-07-09,3,NA,"Dengue"
"94",2023,31,2023-07-30,2,NA,"Dengue"
"94",2023,32,2023-08-06,3,NA,"Dengue"
"94",2023,33,2023-08-13,2,NA,"Dengue"
"94",2023,34,2023-08-20,4,NA,"Dengue"
"94",2023,35,2023-08-27,3,NA,"Dengue"
"94",2023,36,2023-09-03,3,NA,"Dengue"
"94",2023,37,2023-09-10,4,NA,"Dengue"
"94",2023,38,2023-09-17,2,NA,"Dengue"
"94",2023,40,2023-10-01,2,NA,"Dengue"
"94",2023,41,2023-10-08,1,NA,"Dengue"
"94",2023,43,2023-10-22,2,NA,"Dengue"
"94",2023,44,2023-10-29,3,NA,"Dengue"
"94",2023,47,2023-11-19,2,NA,"Dengue"
"94",2023,49,2023-12-03,1,NA,"Dengue"
"94",2023,50,2023-12-10,1,NA,"Dengue"
"94",2023,51,2023-12-17,1,NA,"Dengue"
"94",2023,52,2023-12-24,1,NA,"Dengue"
"94",2024,1,2024-01-01,1,NA,"Dengue"
"94",2024,2,2024-01-08,1,NA,"Dengue"
"94",2024,3,2024-01-15,3,NA,"Dengue"
"94",2024,4,2024-01-22,1,NA,"Dengue"
"94",2024,6,2024-02-05,2,NA,"Dengue"
"94",2024,7,2024-02-12,2,NA,"Dengue"
"94",2024,8,2024-02-19,3,NA,"Dengue"
"94",2024,9,2024-02-26,2,NA,"Dengue"
"94",2024,10,2024-03-04,3,NA,"Dengue"
"94",2024,11,2024-03-11,3,NA,"Dengue"
"94",2024,12,2024-03-18,2,NA,"Dengue"
"94",2024,13,2024-03-25,2,NA,"Dengue"
"94",2024,14,2024-04-01,1,NA,"Dengue"
"94",2024,15,2024-04-08,3,NA,"Dengue"
"94",2024,16,2024-04-15,5,NA,"Dengue"
"94",2024,17,2024-04-22,11,NA,"Dengue"
"94",2024,18,2024-04-29,12,NA,"Dengue"
"94",2024,19,2024-05-06,18,NA,"Dengue"
"94",2024,20,2024-05-13,11,NA,"Dengue"
"94",2024,21,2024-05-20,14,NA,"Dengue"
"94",2024,22,2024-05-27,13,NA,"Dengue"
"94",2024,23,2024-06-03,5,NA,"Dengue"
"94",2024,24,2024-06-10,9,NA,"Dengue"
"94",2024,25,2024-06-17,17,NA,"Dengue"
"94",2024,26,2024-06-24,9,NA,"Dengue"
"94",2024,27,2024-07-01,11,NA,"Dengue"
"94",2024,28,2024-07-08,13,NA,"Dengue"
"94",2024,29,2024-07-15,9,NA,"Dengue"
"94",2024,30,2024-07-22,4,NA,"Dengue"
"94",2024,31,2024-07-29,10,NA,"Dengue"
"94",2024,32,2024-08-05,7,NA,"Dengue"
"94",2024,33,2024-08-12,6,NA,"Dengue"
"94",2024,34,2024-08-19,4,NA,"Dengue"
"94",2024,35,2024-08-26,1,NA,"Dengue"
"94",2024,36,2024-09-02,6,NA,"Dengue"
"94",2024,37,2024-09-09,5,NA,"Dengue"
"94",2024,38,2024-09-16,3,NA,"Dengue"
"94",2024,39,2024-09-23,7,NA,"Dengue"
"94",2024,40,2024-09-30,9,NA,"Dengue"
"94",2024,41,2024-10-07,13,NA,"Dengue"
"94",2024,42,2024-10-14,6,NA,"Dengue"
"94",2024,43,2024-10-21,8,NA,"Dengue"
"94",2024,44,2024-10-28,3,NA,"Dengue"
"94",2024,45,2024-11-04,1,NA,"Dengue"
"94",2024,49,2024-12-02,1,NA,"Dengue"
"94",2024,50,2024-12-09,3,NA,"Dengue"
"94",2025,1,2025-01-01,1,NA,"Dengue"
"94",2025,2,2025-01-08,2,NA,"Dengue"
"94",2025,4,2025-01-22,2,NA,"Dengue"
"94",2025,5,2025-01-29,3,NA,"Dengue"
"94",2025,7,2025-02-12,2,NA,"Dengue"
"94",2025,8,2025-02-19,3,NA,"Dengue"
"94",2025,9,2025-02-26,1,NA,"Dengue"
"94",2025,11,2025-03-12,1,NA,"Dengue"
"94",2025,12,2025-03-19,1,NA,"Dengue"
"94",2025,14,2025-04-02,1,NA,"Dengue"
"94",2025,15,2025-04-09,1,NA,"Dengue"
"94",2025,17,2025-04-23,1,NA,"Dengue"
"94",2025,18,2025-04-30,1,NA,"Dengue"
"94",2025,21,2025-05-21,2,NA,"Dengue"
"94",2025,25,2025-06-18,2,NA,"Dengue"
"94",2025,39,2025-09-24,1,NA,"Dengue"
"94",2025,42,2025-10-15,1,NA,"Dengue"
"94",2025,48,2025-11-26,1,NA,"Dengue"
"95",2020,1,2020-01-01,3,NA,"Dengue"
"95",2020,2,2020-01-08,6,NA,"Dengue"
"95",2020,3,2020-01-15,5,NA,"Dengue"
"95",2020,4,2020-01-22,3,NA,"Dengue"
"95",2020,5,2020-01-29,8,NA,"Dengue"
"95",2020,6,2020-02-05,7,NA,"Dengue"
"95",2020,7,2020-02-12,7,NA,"Dengue"
"95",2020,8,2020-02-19,7,NA,"Dengue"
"95",2020,9,2020-02-26,6,NA,"Dengue"
"95",2020,10,2020-03-04,3,NA,"Dengue"
"95",2020,11,2020-03-11,3,NA,"Dengue"
"95",2020,12,2020-03-18,2,NA,"Dengue"
"95",2020,13,2020-03-25,2,NA,"Dengue"
"95",2020,14,2020-04-01,1,NA,"Dengue"
"95",2020,17,2020-04-22,3,NA,"Dengue"
"95",2020,18,2020-04-29,2,NA,"Dengue"
"95",2020,19,2020-05-06,2,NA,"Dengue"
"95",2020,20,2020-05-13,2,NA,"Dengue"
"95",2020,21,2020-05-20,1,NA,"Dengue"
"95",2020,22,2020-05-27,1,NA,"Dengue"
"95",2020,23,2020-06-03,2,NA,"Dengue"
"95",2020,24,2020-06-10,3,NA,"Dengue"
"95",2020,25,2020-06-17,5,NA,"Dengue"
"95",2020,26,2020-06-24,3,NA,"Dengue"
"95",2020,27,2020-07-01,1,NA,"Dengue"
"95",2020,28,2020-07-08,1,NA,"Dengue"
"95",2020,29,2020-07-15,2,NA,"Dengue"
"95",2020,30,2020-07-22,4,NA,"Dengue"
"95",2020,31,2020-07-29,2,NA,"Dengue"
"95",2020,32,2020-08-05,2,NA,"Dengue"
"95",2020,33,2020-08-12,1,NA,"Dengue"
"95",2020,35,2020-08-26,1,NA,"Dengue"
"95",2020,36,2020-09-02,3,NA,"Dengue"
"95",2020,38,2020-09-16,1,NA,"Dengue"
"95",2020,39,2020-09-23,4,NA,"Dengue"
"95",2020,40,2020-09-30,1,NA,"Dengue"
"95",2020,41,2020-10-07,1,NA,"Dengue"
"95",2020,43,2020-10-21,1,NA,"Dengue"
"95",2020,45,2020-11-04,1,NA,"Dengue"
"95",2020,51,2020-12-16,2,NA,"Dengue"
"95",2020,52,2020-12-23,1,NA,"Dengue"
"95",2021,8,2021-02-19,2,NA,"Dengue"
"95",2021,9,2021-02-26,2,NA,"Dengue"
"95",2021,11,2021-03-12,1,NA,"Dengue"
"95",2021,12,2021-03-19,1,NA,"Dengue"
"95",2021,13,2021-03-26,3,NA,"Dengue"
"95",2021,18,2021-04-30,1,NA,"Dengue"
"95",2021,19,2021-05-07,1,NA,"Dengue"
"95",2021,21,2021-05-21,1,NA,"Dengue"
"95",2021,22,2021-05-28,1,NA,"Dengue"
"95",2021,32,2021-08-06,2,NA,"Dengue"
"95",2021,37,2021-09-10,2,NA,"Dengue"
"95",2021,39,2021-09-24,1,NA,"Dengue"
"95",2021,44,2021-10-29,2,NA,"Dengue"
"95",2021,45,2021-11-05,1,NA,"Dengue"
"95",2021,46,2021-11-12,1,NA,"Dengue"
"95",2021,47,2021-11-19,2,NA,"Dengue"
"95",2021,50,2021-12-10,1,NA,"Dengue"
"95",2021,51,2021-12-17,1,NA,"Dengue"
"95",2021,52,2021-12-24,3,NA,"Dengue"
"95",2022,1,2022-01-01,2,NA,"Dengue"
"95",2022,2,2022-01-08,1,NA,"Dengue"
"95",2022,3,2022-01-15,1,NA,"Dengue"
"95",2022,4,2022-01-22,1,NA,"Dengue"
"95",2022,5,2022-01-29,2,NA,"Dengue"
"95",2022,6,2022-02-05,3,NA,"Dengue"
"95",2022,7,2022-02-12,3,NA,"Dengue"
"95",2022,9,2022-02-26,1,NA,"Dengue"
"95",2022,11,2022-03-12,1,NA,"Dengue"
"95",2022,12,2022-03-19,4,NA,"Dengue"
"95",2022,13,2022-03-26,3,NA,"Dengue"
"95",2022,14,2022-04-02,9,NA,"Dengue"
"95",2022,15,2022-04-09,6,NA,"Dengue"
"95",2022,17,2022-04-23,4,NA,"Dengue"
"95",2022,18,2022-04-30,7,NA,"Dengue"
"95",2022,19,2022-05-07,5,NA,"Dengue"
"95",2022,20,2022-05-14,4,NA,"Dengue"
"95",2022,21,2022-05-21,12,NA,"Dengue"
"95",2022,22,2022-05-28,12,NA,"Dengue"
"95",2022,23,2022-06-04,11,NA,"Dengue"
"95",2022,24,2022-06-11,4,NA,"Dengue"
"95",2022,25,2022-06-18,9,NA,"Dengue"
"95",2022,26,2022-06-25,10,NA,"Dengue"
"95",2022,27,2022-07-02,10,NA,"Dengue"
"95",2022,28,2022-07-09,14,NA,"Dengue"
"95",2022,29,2022-07-16,9,NA,"Dengue"
"95",2022,30,2022-07-23,10,NA,"Dengue"
"95",2022,31,2022-07-30,17,NA,"Dengue"
"95",2022,32,2022-08-06,20,NA,"Dengue"
"95",2022,33,2022-08-13,20,NA,"Dengue"
"95",2022,34,2022-08-20,18,NA,"Dengue"
"95",2022,35,2022-08-27,16,NA,"Dengue"
"95",2022,36,2022-09-03,11,NA,"Dengue"
"95",2022,37,2022-09-10,14,NA,"Dengue"
"95",2022,38,2022-09-17,22,NA,"Dengue"
"95",2022,39,2022-09-24,18,NA,"Dengue"
"95",2022,40,2022-10-01,18,NA,"Dengue"
"95",2022,41,2022-10-08,16,NA,"Dengue"
"95",2022,42,2022-10-15,26,NA,"Dengue"
"95",2022,43,2022-10-22,23,NA,"Dengue"
"95",2022,44,2022-10-29,38,NA,"Dengue"
"95",2022,45,2022-11-05,17,NA,"Dengue"
"95",2022,46,2022-11-12,30,NA,"Dengue"
"95",2022,47,2022-11-19,31,NA,"Dengue"
"95",2022,48,2022-11-26,41,NA,"Dengue"
"95",2022,49,2022-12-03,31,NA,"Dengue"
"95",2022,50,2022-12-10,27,NA,"Dengue"
"95",2022,51,2022-12-17,22,NA,"Dengue"
"95",2022,52,2022-12-24,16,NA,"Dengue"
"95",2023,1,2023-01-01,21,NA,"Dengue"
"95",2023,2,2023-01-08,15,NA,"Dengue"
"95",2023,3,2023-01-15,15,NA,"Dengue"
"95",2023,4,2023-01-22,18,NA,"Dengue"
"95",2023,5,2023-01-29,28,NA,"Dengue"
"95",2023,6,2023-02-05,25,NA,"Dengue"
"95",2023,7,2023-02-12,39,NA,"Dengue"
"95",2023,8,2023-02-19,32,NA,"Dengue"
"95",2023,9,2023-02-26,35,NA,"Dengue"
"95",2023,10,2023-03-05,40,NA,"Dengue"
"95",2023,11,2023-03-12,23,NA,"Dengue"
"95",2023,12,2023-03-19,20,NA,"Dengue"
"95",2023,13,2023-03-26,8,NA,"Dengue"
"95",2023,14,2023-04-02,14,NA,"Dengue"
"95",2023,15,2023-04-09,18,NA,"Dengue"
"95",2023,16,2023-04-16,15,NA,"Dengue"
"95",2023,17,2023-04-23,19,NA,"Dengue"
"95",2023,18,2023-04-30,36,NA,"Dengue"
"95",2023,19,2023-05-07,15,NA,"Dengue"
"95",2023,20,2023-05-14,20,NA,"Dengue"
"95",2023,21,2023-05-21,21,NA,"Dengue"
"95",2023,22,2023-05-28,24,NA,"Dengue"
"95",2023,23,2023-06-04,28,NA,"Dengue"
"95",2023,24,2023-06-11,12,NA,"Dengue"
"95",2023,25,2023-06-18,14,NA,"Dengue"
"95",2023,26,2023-06-25,12,NA,"Dengue"
"95",2023,27,2023-07-02,5,NA,"Dengue"
"95",2023,28,2023-07-09,10,NA,"Dengue"
"95",2023,29,2023-07-16,14,NA,"Dengue"
"95",2023,30,2023-07-23,6,NA,"Dengue"
"95",2023,31,2023-07-30,8,NA,"Dengue"
"95",2023,32,2023-08-06,12,NA,"Dengue"
"95",2023,33,2023-08-13,7,NA,"Dengue"
"95",2023,34,2023-08-20,5,NA,"Dengue"
"95",2023,35,2023-08-27,7,NA,"Dengue"
"95",2023,36,2023-09-03,3,NA,"Dengue"
"95",2023,37,2023-09-10,6,NA,"Dengue"
"95",2023,38,2023-09-17,11,NA,"Dengue"
"95",2023,39,2023-09-24,7,NA,"Dengue"
"95",2023,40,2023-10-01,8,NA,"Dengue"
"95",2023,41,2023-10-08,5,NA,"Dengue"
"95",2023,42,2023-10-15,5,NA,"Dengue"
"95",2023,43,2023-10-22,5,NA,"Dengue"
"95",2023,44,2023-10-29,8,NA,"Dengue"
"95",2023,45,2023-11-05,4,NA,"Dengue"
"95",2023,46,2023-11-12,2,NA,"Dengue"
"95",2023,47,2023-11-19,14,NA,"Dengue"
"95",2023,48,2023-11-26,12,NA,"Dengue"
"95",2023,49,2023-12-03,11,NA,"Dengue"
"95",2023,50,2023-12-10,5,NA,"Dengue"
"95",2023,51,2023-12-17,6,NA,"Dengue"
"95",2023,52,2023-12-24,5,NA,"Dengue"
"95",2024,1,2024-01-01,9,NA,"Dengue"
"95",2024,2,2024-01-08,12,NA,"Dengue"
"95",2024,3,2024-01-15,11,NA,"Dengue"
"95",2024,4,2024-01-22,9,NA,"Dengue"
"95",2024,5,2024-01-29,10,NA,"Dengue"
"95",2024,6,2024-02-05,10,NA,"Dengue"
"95",2024,7,2024-02-12,11,NA,"Dengue"
"95",2024,8,2024-02-19,23,NA,"Dengue"
"95",2024,9,2024-02-26,16,NA,"Dengue"
"95",2024,10,2024-03-04,30,NA,"Dengue"
"95",2024,11,2024-03-11,12,NA,"Dengue"
"95",2024,12,2024-03-18,10,NA,"Dengue"
"95",2024,13,2024-03-25,20,NA,"Dengue"
"95",2024,14,2024-04-01,21,NA,"Dengue"
"95",2024,15,2024-04-08,6,NA,"Dengue"
"95",2024,16,2024-04-15,26,NA,"Dengue"
"95",2024,17,2024-04-22,20,NA,"Dengue"
"95",2024,18,2024-04-29,21,NA,"Dengue"
"95",2024,19,2024-05-06,16,NA,"Dengue"
"95",2024,20,2024-05-13,23,NA,"Dengue"
"95",2024,21,2024-05-20,16,NA,"Dengue"
"95",2024,22,2024-05-27,16,NA,"Dengue"
"95",2024,23,2024-06-03,11,NA,"Dengue"
"95",2024,24,2024-06-10,14,NA,"Dengue"
"95",2024,25,2024-06-17,12,NA,"Dengue"
"95",2024,26,2024-06-24,10,NA,"Dengue"
"95",2024,27,2024-07-01,10,NA,"Dengue"
"95",2024,28,2024-07-08,7,NA,"Dengue"
"95",2024,29,2024-07-15,7,NA,"Dengue"
"95",2024,30,2024-07-22,13,NA,"Dengue"
"95",2024,31,2024-07-29,11,NA,"Dengue"
"95",2024,32,2024-08-05,11,NA,"Dengue"
"95",2024,33,2024-08-12,9,NA,"Dengue"
"95",2024,34,2024-08-19,8,NA,"Dengue"
"95",2024,35,2024-08-26,8,NA,"Dengue"
"95",2024,36,2024-09-02,6,NA,"Dengue"
"95",2024,37,2024-09-09,7,NA,"Dengue"
"95",2024,38,2024-09-16,13,NA,"Dengue"
"95",2024,39,2024-09-23,4,NA,"Dengue"
"95",2024,40,2024-09-30,6,NA,"Dengue"
"95",2024,41,2024-10-07,8,NA,"Dengue"
"95",2024,42,2024-10-14,7,NA,"Dengue"
"95",2024,43,2024-10-21,7,NA,"Dengue"
"95",2024,44,2024-10-28,10,NA,"Dengue"
"95",2024,45,2024-11-04,4,NA,"Dengue"
"95",2024,46,2024-11-11,6,NA,"Dengue"
"95",2024,47,2024-11-18,5,NA,"Dengue"
"95",2024,48,2024-11-25,9,NA,"Dengue"
"95",2024,49,2024-12-02,7,NA,"Dengue"
"95",2024,50,2024-12-09,12,NA,"Dengue"
"95",2024,51,2024-12-16,4,NA,"Dengue"
"95",2024,52,2024-12-23,2,NA,"Dengue"
"95",2025,1,2025-01-01,8,NA,"Dengue"
"95",2025,2,2025-01-08,5,NA,"Dengue"
"95",2025,3,2025-01-15,7,NA,"Dengue"
"95",2025,4,2025-01-22,9,NA,"Dengue"
"95",2025,5,2025-01-29,7,NA,"Dengue"
"95",2025,6,2025-02-05,9,NA,"Dengue"
"95",2025,7,2025-02-12,11,NA,"Dengue"
"95",2025,8,2025-02-19,7,NA,"Dengue"
"95",2025,9,2025-02-26,21,NA,"Dengue"
"95",2025,10,2025-03-05,35,NA,"Dengue"
"95",2025,11,2025-03-12,21,NA,"Dengue"
"95",2025,12,2025-03-19,38,NA,"Dengue"
"95",2025,13,2025-03-26,40,NA,"Dengue"
"95",2025,14,2025-04-02,64,NA,"Dengue"
"95",2025,15,2025-04-09,52,NA,"Dengue"
"95",2025,16,2025-04-16,74,NA,"Dengue"
"95",2025,17,2025-04-23,63,NA,"Dengue"
"95",2025,18,2025-04-30,51,NA,"Dengue"
"95",2025,19,2025-05-07,64,NA,"Dengue"
"95",2025,20,2025-05-14,40,NA,"Dengue"
"95",2025,21,2025-05-21,22,NA,"Dengue"
"95",2025,22,2025-05-28,38,NA,"Dengue"
"95",2025,23,2025-06-04,34,NA,"Dengue"
"95",2025,24,2025-06-11,27,NA,"Dengue"
"95",2025,25,2025-06-18,23,NA,"Dengue"
"95",2025,26,2025-06-25,21,NA,"Dengue"
"95",2025,27,2025-07-02,24,NA,"Dengue"
"95",2025,28,2025-07-09,25,NA,"Dengue"
"95",2025,29,2025-07-16,9,NA,"Dengue"
"95",2025,30,2025-07-23,9,NA,"Dengue"
"95",2025,31,2025-07-30,10,NA,"Dengue"
"95",2025,32,2025-08-06,7,NA,"Dengue"
"95",2025,33,2025-08-13,17,NA,"Dengue"
"95",2025,34,2025-08-20,4,NA,"Dengue"
"95",2025,35,2025-08-27,7,NA,"Dengue"
"95",2025,36,2025-09-03,7,NA,"Dengue"
"95",2025,37,2025-09-10,6,NA,"Dengue"
"95",2025,38,2025-09-17,3,NA,"Dengue"
"95",2025,39,2025-09-24,4,NA,"Dengue"
"95",2025,40,2025-10-01,2,NA,"Dengue"
"95",2025,41,2025-10-08,5,NA,"Dengue"
"95",2025,42,2025-10-15,5,NA,"Dengue"
"95",2025,43,2025-10-22,2,NA,"Dengue"
"95",2025,44,2025-10-29,2,NA,"Dengue"
"95",2025,45,2025-11-05,4,NA,"Dengue"
"95",2025,46,2025-11-12,6,NA,"Dengue"
"95",2025,47,2025-11-19,8,NA,"Dengue"
"95",2025,48,2025-11-26,2,NA,"Dengue"
"95",2025,50,2025-12-10,2,NA,"Dengue"
"95",2025,51,2025-12-17,2,NA,"Dengue"
"95",2025,52,2025-12-24,1,NA,"Dengue"
"95",2025,53,2025-12-31,4,NA,"Dengue"
"97",2020,1,2020-01-01,7,NA,"Dengue"
"97",2020,2,2020-01-08,7,NA,"Dengue"
"97",2020,3,2020-01-15,18,NA,"Dengue"
"97",2020,4,2020-01-22,13,NA,"Dengue"
"97",2020,5,2020-01-29,4,NA,"Dengue"
"97",2020,6,2020-02-05,6,NA,"Dengue"
"97",2020,7,2020-02-12,4,NA,"Dengue"
"97",2020,9,2020-02-26,1,NA,"Dengue"
"97",2020,10,2020-03-04,1,NA,"Dengue"
"97",2020,13,2020-03-25,1,NA,"Dengue"
"97",2020,15,2020-04-08,1,NA,"Dengue"
"97",2020,22,2020-05-27,1,NA,"Dengue"
"97",2020,38,2020-09-16,1,NA,"Dengue"
"97",2021,15,2021-04-09,1,NA,"Dengue"
"97",2021,20,2021-05-14,1,NA,"Dengue"
"97",2021,38,2021-09-17,1,NA,"Dengue"
"97",2022,42,2022-10-15,1,NA,"Dengue"
"97",2022,46,2022-11-12,1,NA,"Dengue"
"97",2022,47,2022-11-19,1,NA,"Dengue"
"97",2022,48,2022-11-26,3,NA,"Dengue"
"97",2022,51,2022-12-17,2,NA,"Dengue"
"97",2022,52,2022-12-24,3,NA,"Dengue"
"97",2023,1,2023-01-01,14,NA,"Dengue"
"97",2023,2,2023-01-08,10,NA,"Dengue"
"97",2023,3,2023-01-15,6,NA,"Dengue"
"97",2023,4,2023-01-22,7,NA,"Dengue"
"97",2023,5,2023-01-29,4,NA,"Dengue"
"97",2023,6,2023-02-05,3,NA,"Dengue"
"97",2023,7,2023-02-12,7,NA,"Dengue"
"97",2023,8,2023-02-19,5,NA,"Dengue"
"97",2023,9,2023-02-26,3,NA,"Dengue"
"97",2023,10,2023-03-05,11,NA,"Dengue"
"97",2023,11,2023-03-12,3,NA,"Dengue"
"97",2023,12,2023-03-19,3,NA,"Dengue"
"97",2023,13,2023-03-26,2,NA,"Dengue"
"97",2023,14,2023-04-02,6,NA,"Dengue"
"97",2023,15,2023-04-09,5,NA,"Dengue"
"97",2023,16,2023-04-16,7,NA,"Dengue"
"97",2023,17,2023-04-23,6,NA,"Dengue"
"97",2023,18,2023-04-30,8,NA,"Dengue"
"97",2023,19,2023-05-07,14,NA,"Dengue"
"97",2023,20,2023-05-14,11,NA,"Dengue"
"97",2023,21,2023-05-21,6,NA,"Dengue"
"97",2023,22,2023-05-28,6,NA,"Dengue"
"97",2023,23,2023-06-04,4,NA,"Dengue"
"97",2023,24,2023-06-11,10,NA,"Dengue"
"97",2023,25,2023-06-18,4,NA,"Dengue"
"97",2023,26,2023-06-25,5,NA,"Dengue"
"97",2023,27,2023-07-02,5,NA,"Dengue"
"97",2023,28,2023-07-09,2,NA,"Dengue"
"97",2023,29,2023-07-16,5,NA,"Dengue"
"97",2023,30,2023-07-23,4,NA,"Dengue"
"97",2023,31,2023-07-30,6,NA,"Dengue"
"97",2023,32,2023-08-06,4,NA,"Dengue"
"97",2023,33,2023-08-13,10,NA,"Dengue"
"97",2023,34,2023-08-20,1,NA,"Dengue"
"97",2023,35,2023-08-27,8,NA,"Dengue"
"97",2023,36,2023-09-03,7,NA,"Dengue"
"97",2023,37,2023-09-10,10,NA,"Dengue"
"97",2023,38,2023-09-17,8,NA,"Dengue"
"97",2023,39,2023-09-24,3,NA,"Dengue"
"97",2023,40,2023-10-01,6,NA,"Dengue"
"97",2023,41,2023-10-08,1,NA,"Dengue"
"97",2023,42,2023-10-15,1,NA,"Dengue"
"97",2023,43,2023-10-22,2,NA,"Dengue"
"97",2023,44,2023-10-29,1,NA,"Dengue"
"97",2023,45,2023-11-05,3,NA,"Dengue"
"97",2023,46,2023-11-12,2,NA,"Dengue"
"97",2023,47,2023-11-19,4,NA,"Dengue"
"97",2023,48,2023-11-26,8,NA,"Dengue"
"97",2023,49,2023-12-03,3,NA,"Dengue"
"97",2023,50,2023-12-10,5,NA,"Dengue"
"97",2023,51,2023-12-17,7,NA,"Dengue"
"97",2023,52,2023-12-24,8,NA,"Dengue"
"97",2024,1,2024-01-01,7,NA,"Dengue"
"97",2024,2,2024-01-08,7,NA,"Dengue"
"97",2024,3,2024-01-15,6,NA,"Dengue"
"97",2024,4,2024-01-22,4,NA,"Dengue"
"97",2024,5,2024-01-29,7,NA,"Dengue"
"97",2024,6,2024-02-05,6,NA,"Dengue"
"97",2024,7,2024-02-12,11,NA,"Dengue"
"97",2024,8,2024-02-19,5,NA,"Dengue"
"97",2024,9,2024-02-26,9,NA,"Dengue"
"97",2024,10,2024-03-04,11,NA,"Dengue"
"97",2024,11,2024-03-11,12,NA,"Dengue"
"97",2024,12,2024-03-18,10,NA,"Dengue"
"97",2024,13,2024-03-25,5,NA,"Dengue"
"97",2024,14,2024-04-01,2,NA,"Dengue"
"97",2024,15,2024-04-08,10,NA,"Dengue"
"97",2024,16,2024-04-15,9,NA,"Dengue"
"97",2024,17,2024-04-22,7,NA,"Dengue"
"97",2024,18,2024-04-29,5,NA,"Dengue"
"97",2024,19,2024-05-06,13,NA,"Dengue"
"97",2024,20,2024-05-13,7,NA,"Dengue"
"97",2024,21,2024-05-20,14,NA,"Dengue"
"97",2024,22,2024-05-27,2,NA,"Dengue"
"97",2024,23,2024-06-03,5,NA,"Dengue"
"97",2024,24,2024-06-10,4,NA,"Dengue"
"97",2024,25,2024-06-17,7,NA,"Dengue"
"97",2024,26,2024-06-24,4,NA,"Dengue"
"97",2024,27,2024-07-01,6,NA,"Dengue"
"97",2024,28,2024-07-08,3,NA,"Dengue"
"97",2024,30,2024-07-22,1,NA,"Dengue"
"97",2024,32,2024-08-05,1,NA,"Dengue"
"97",2024,33,2024-08-12,2,NA,"Dengue"
"97",2024,34,2024-08-19,1,NA,"Dengue"
"97",2024,36,2024-09-02,2,NA,"Dengue"
"97",2024,40,2024-09-30,1,NA,"Dengue"
"97",2024,42,2024-10-14,3,NA,"Dengue"
"97",2024,43,2024-10-21,1,NA,"Dengue"
"97",2024,45,2024-11-04,2,NA,"Dengue"
"97",2024,46,2024-11-11,2,NA,"Dengue"
"97",2024,47,2024-11-18,1,NA,"Dengue"
"97",2024,48,2024-11-25,1,NA,"Dengue"
"97",2024,49,2024-12-02,1,NA,"Dengue"
"97",2024,50,2024-12-09,1,NA,"Dengue"
"97",2024,51,2024-12-16,1,NA,"Dengue"
"97",2024,52,2024-12-23,1,NA,"Dengue"
"97",2025,1,2025-01-01,1,NA,"Dengue"
"97",2025,2,2025-01-08,2,NA,"Dengue"
"97",2025,5,2025-01-29,2,NA,"Dengue"
"97",2025,6,2025-02-05,2,NA,"Dengue"
"97",2025,7,2025-02-12,3,NA,"Dengue"
"97",2025,8,2025-02-19,2,NA,"Dengue"
"97",2025,9,2025-02-26,1,NA,"Dengue"
"97",2025,11,2025-03-12,1,NA,"Dengue"
"97",2025,12,2025-03-19,2,NA,"Dengue"
"97",2025,14,2025-04-02,1,NA,"Dengue"
"97",2025,15,2025-04-09,1,NA,"Dengue"
"97",2025,16,2025-04-16,2,NA,"Dengue"
"97",2025,17,2025-04-23,1,NA,"Dengue"
"97",2025,19,2025-05-07,3,NA,"Dengue"
"97",2025,22,2025-05-28,1,NA,"Dengue"
"97",2025,23,2025-06-04,1,NA,"Dengue"
"97",2025,24,2025-06-11,2,NA,"Dengue"
"97",2025,26,2025-06-25,1,NA,"Dengue"
"97",2025,27,2025-07-02,2,NA,"Dengue"
"97",2025,29,2025-07-16,1,NA,"Dengue"
"97",2025,31,2025-07-30,2,NA,"Dengue"
"97",2025,33,2025-08-13,1,NA,"Dengue"
"97",2025,37,2025-09-10,1,NA,"Dengue"
"97",2025,38,2025-09-17,1,NA,"Dengue"
"97",2025,39,2025-09-24,1,NA,"Dengue"
"97",2025,41,2025-10-08,1,NA,"Dengue"
"97",2025,42,2025-10-15,1,NA,"Dengue"
"97",2025,44,2025-10-29,1,NA,"Dengue"
"97",2025,45,2025-11-05,1,NA,"Dengue"
"97",2025,50,2025-12-10,1,NA,"Dengue"
"97",2025,52,2025-12-24,1,NA,"Dengue"
"99",2020,1,2020-01-01,2,NA,"Dengue"
"99",2020,2,2020-01-08,2,NA,"Dengue"
"99",2020,3,2020-01-15,1,NA,"Dengue"
"99",2020,5,2020-01-29,1,NA,"Dengue"
"99",2020,9,2020-02-26,1,NA,"Dengue"
"99",2020,10,2020-03-04,2,NA,"Dengue"
"99",2020,16,2020-04-15,1,NA,"Dengue"
"99",2020,17,2020-04-22,1,NA,"Dengue"
"99",2020,18,2020-04-29,2,NA,"Dengue"
"99",2020,21,2020-05-20,2,NA,"Dengue"
"99",2020,22,2020-05-27,1,NA,"Dengue"
"99",2020,23,2020-06-03,2,NA,"Dengue"
"99",2020,25,2020-06-17,1,NA,"Dengue"
"99",2020,26,2020-06-24,1,NA,"Dengue"
"99",2020,29,2020-07-15,1,NA,"Dengue"
"99",2020,30,2020-07-22,2,NA,"Dengue"
"99",2020,31,2020-07-29,3,NA,"Dengue"
"99",2020,32,2020-08-05,2,NA,"Dengue"
"99",2020,33,2020-08-12,1,NA,"Dengue"
"99",2020,34,2020-08-19,1,NA,"Dengue"
"99",2020,36,2020-09-02,2,NA,"Dengue"
"99",2020,37,2020-09-09,1,NA,"Dengue"
"99",2020,38,2020-09-16,1,NA,"Dengue"
"99",2020,40,2020-09-30,3,NA,"Dengue"
"99",2020,41,2020-10-07,2,NA,"Dengue"
"99",2020,42,2020-10-14,1,NA,"Dengue"
"99",2020,44,2020-10-28,2,NA,"Dengue"
"99",2020,45,2020-11-04,3,NA,"Dengue"
"99",2020,46,2020-11-11,2,NA,"Dengue"
"99",2020,47,2020-11-18,1,NA,"Dengue"
"99",2020,49,2020-12-02,1,NA,"Dengue"
"99",2020,50,2020-12-09,1,NA,"Dengue"
"99",2020,51,2020-12-16,1,NA,"Dengue"
"99",2020,53,2020-12-30,2,NA,"Dengue"
"99",2021,2,2021-01-08,2,NA,"Dengue"
"99",2021,3,2021-01-15,1,NA,"Dengue"
"99",2021,4,2021-01-22,1,NA,"Dengue"
"99",2021,5,2021-01-29,1,NA,"Dengue"
"99",2021,6,2021-02-05,2,NA,"Dengue"
"99",2021,7,2021-02-12,1,NA,"Dengue"
"99",2021,10,2021-03-05,1,NA,"Dengue"
"99",2021,11,2021-03-12,1,NA,"Dengue"
"99",2021,13,2021-03-26,1,NA,"Dengue"
"99",2021,17,2021-04-23,1,NA,"Dengue"
"99",2021,18,2021-04-30,1,NA,"Dengue"
"99",2021,19,2021-05-07,2,NA,"Dengue"
"99",2021,20,2021-05-14,2,NA,"Dengue"
"99",2021,21,2021-05-21,2,NA,"Dengue"
"99",2021,22,2021-05-28,3,NA,"Dengue"
"99",2021,23,2021-06-04,2,NA,"Dengue"
"99",2021,24,2021-06-11,1,NA,"Dengue"
"99",2021,25,2021-06-18,5,NA,"Dengue"
"99",2021,27,2021-07-02,1,NA,"Dengue"
"99",2021,28,2021-07-09,1,NA,"Dengue"
"99",2021,29,2021-07-16,2,NA,"Dengue"
"99",2021,33,2021-08-13,2,NA,"Dengue"
"99",2021,34,2021-08-20,2,NA,"Dengue"
"99",2021,37,2021-09-10,1,NA,"Dengue"
"99",2021,39,2021-09-24,1,NA,"Dengue"
"99",2021,40,2021-10-01,2,NA,"Dengue"
"99",2021,42,2021-10-15,1,NA,"Dengue"
"99",2021,45,2021-11-05,1,NA,"Dengue"
"99",2021,46,2021-11-12,2,NA,"Dengue"
"99",2021,48,2021-11-26,3,NA,"Dengue"
"99",2021,50,2021-12-10,1,NA,"Dengue"
"99",2021,52,2021-12-24,1,NA,"Dengue"
"99",2022,1,2022-01-01,1,NA,"Dengue"
"99",2022,2,2022-01-08,1,NA,"Dengue"
"99",2022,6,2022-02-05,1,NA,"Dengue"
"99",2022,7,2022-02-12,1,NA,"Dengue"
"99",2022,9,2022-02-26,1,NA,"Dengue"
"99",2022,10,2022-03-05,1,NA,"Dengue"
"99",2022,13,2022-03-26,1,NA,"Dengue"
"99",2022,14,2022-04-02,2,NA,"Dengue"
"99",2022,15,2022-04-09,1,NA,"Dengue"
"99",2022,16,2022-04-16,1,NA,"Dengue"
"99",2022,17,2022-04-23,1,NA,"Dengue"
"99",2022,18,2022-04-30,2,NA,"Dengue"
"99",2022,19,2022-05-07,2,NA,"Dengue"
"99",2022,21,2022-05-21,3,NA,"Dengue"
"99",2022,22,2022-05-28,1,NA,"Dengue"
"99",2022,23,2022-06-04,2,NA,"Dengue"
"99",2022,24,2022-06-11,2,NA,"Dengue"
"99",2022,25,2022-06-18,2,NA,"Dengue"
"99",2022,27,2022-07-02,1,NA,"Dengue"
"99",2022,28,2022-07-09,3,NA,"Dengue"
"99",2022,29,2022-07-16,4,NA,"Dengue"
"99",2022,30,2022-07-23,3,NA,"Dengue"
"99",2022,31,2022-07-30,4,NA,"Dengue"
"99",2022,32,2022-08-06,3,NA,"Dengue"
"99",2022,33,2022-08-13,3,NA,"Dengue"
"99",2022,34,2022-08-20,8,NA,"Dengue"
"99",2022,35,2022-08-27,2,NA,"Dengue"
"99",2022,36,2022-09-03,3,NA,"Dengue"
"99",2022,37,2022-09-10,1,NA,"Dengue"
"99",2022,38,2022-09-17,5,NA,"Dengue"
"99",2022,43,2022-10-22,1,NA,"Dengue"
"99",2022,44,2022-10-29,2,NA,"Dengue"
"99",2022,45,2022-11-05,2,NA,"Dengue"
"99",2022,47,2022-11-19,1,NA,"Dengue"
"99",2022,49,2022-12-03,1,NA,"Dengue"
"99",2022,50,2022-12-10,2,NA,"Dengue"
"99",2022,51,2022-12-17,7,NA,"Dengue"
"99",2023,3,2023-01-15,1,NA,"Dengue"
"99",2023,4,2023-01-22,5,NA,"Dengue"
"99",2023,5,2023-01-29,2,NA,"Dengue"
"99",2023,7,2023-02-12,3,NA,"Dengue"
"99",2023,8,2023-02-19,2,NA,"Dengue"
"99",2023,9,2023-02-26,6,NA,"Dengue"
"99",2023,10,2023-03-05,4,NA,"Dengue"
"99",2023,11,2023-03-12,1,NA,"Dengue"
"99",2023,12,2023-03-19,4,NA,"Dengue"
"99",2023,13,2023-03-26,6,NA,"Dengue"
"99",2023,14,2023-04-02,3,NA,"Dengue"
"99",2023,15,2023-04-09,8,NA,"Dengue"
"99",2023,16,2023-04-16,6,NA,"Dengue"
"99",2023,17,2023-04-23,3,NA,"Dengue"
"99",2023,18,2023-04-30,9,NA,"Dengue"
"99",2023,19,2023-05-07,8,NA,"Dengue"
"99",2023,20,2023-05-14,7,NA,"Dengue"
"99",2023,21,2023-05-21,4,NA,"Dengue"
"99",2023,22,2023-05-28,4,NA,"Dengue"
"99",2023,23,2023-06-04,6,NA,"Dengue"
"99",2023,24,2023-06-11,2,NA,"Dengue"
"99",2023,25,2023-06-18,6,NA,"Dengue"
"99",2023,27,2023-07-02,2,NA,"Dengue"
"99",2023,28,2023-07-09,3,NA,"Dengue"
"99",2023,29,2023-07-16,1,NA,"Dengue"
"99",2023,30,2023-07-23,2,NA,"Dengue"
"99",2023,31,2023-07-30,3,NA,"Dengue"
"99",2023,32,2023-08-06,2,NA,"Dengue"
"99",2023,34,2023-08-20,3,NA,"Dengue"
"99",2023,35,2023-08-27,2,NA,"Dengue"
"99",2023,36,2023-09-03,3,NA,"Dengue"
"99",2023,37,2023-09-10,3,NA,"Dengue"
"99",2023,38,2023-09-17,3,NA,"Dengue"
"99",2023,39,2023-09-24,6,NA,"Dengue"
"99",2023,40,2023-10-01,3,NA,"Dengue"
"99",2023,41,2023-10-08,5,NA,"Dengue"
"99",2023,42,2023-10-15,6,NA,"Dengue"
"99",2023,43,2023-10-22,6,NA,"Dengue"
"99",2023,44,2023-10-29,11,NA,"Dengue"
"99",2023,45,2023-11-05,16,NA,"Dengue"
"99",2023,46,2023-11-12,4,NA,"Dengue"
"99",2023,47,2023-11-19,4,NA,"Dengue"
"99",2023,49,2023-12-03,3,NA,"Dengue"
"99",2023,50,2023-12-10,4,NA,"Dengue"
"99",2023,51,2023-12-17,2,NA,"Dengue"
"99",2023,52,2023-12-24,1,NA,"Dengue"
"99",2024,1,2024-01-01,1,NA,"Dengue"
"99",2024,4,2024-01-22,1,NA,"Dengue"
"99",2024,5,2024-01-29,1,NA,"Dengue"
"99",2024,6,2024-02-05,2,NA,"Dengue"
"99",2024,7,2024-02-12,4,NA,"Dengue"
"99",2024,8,2024-02-19,4,NA,"Dengue"
"99",2024,9,2024-02-26,4,NA,"Dengue"
"99",2024,10,2024-03-04,1,NA,"Dengue"
"99",2024,11,2024-03-11,3,NA,"Dengue"
"99",2024,12,2024-03-18,1,NA,"Dengue"
"99",2024,13,2024-03-25,3,NA,"Dengue"
"99",2024,14,2024-04-01,2,NA,"Dengue"
"99",2024,15,2024-04-08,2,NA,"Dengue"
"99",2024,16,2024-04-15,1,NA,"Dengue"
"99",2024,17,2024-04-22,3,NA,"Dengue"
"99",2024,18,2024-04-29,3,NA,"Dengue"
"99",2024,19,2024-05-06,3,NA,"Dengue"
"99",2024,20,2024-05-13,1,NA,"Dengue"
"99",2024,21,2024-05-20,16,NA,"Dengue"
"99",2024,22,2024-05-27,2,NA,"Dengue"
"99",2024,23,2024-06-03,6,NA,"Dengue"
"99",2024,24,2024-06-10,12,NA,"Dengue"
"99",2024,25,2024-06-17,13,NA,"Dengue"
"99",2024,26,2024-06-24,12,NA,"Dengue"
"99",2024,27,2024-07-01,26,NA,"Dengue"
"99",2024,28,2024-07-08,19,NA,"Dengue"
"99",2024,29,2024-07-15,16,NA,"Dengue"
"99",2024,30,2024-07-22,15,NA,"Dengue"
"99",2024,31,2024-07-29,17,NA,"Dengue"
"99",2024,32,2024-08-05,21,NA,"Dengue"
"99",2024,33,2024-08-12,21,NA,"Dengue"
"99",2024,34,2024-08-19,24,NA,"Dengue"
"99",2024,35,2024-08-26,13,NA,"Dengue"
"99",2024,36,2024-09-02,21,NA,"Dengue"
"99",2024,37,2024-09-09,14,NA,"Dengue"
"99",2024,38,2024-09-16,5,NA,"Dengue"
"99",2024,39,2024-09-23,8,NA,"Dengue"
"99",2024,40,2024-09-30,10,NA,"Dengue"
"99",2024,41,2024-10-07,9,NA,"Dengue"
"99",2024,42,2024-10-14,7,NA,"Dengue"
"99",2024,43,2024-10-21,9,NA,"Dengue"
"99",2024,44,2024-10-28,9,NA,"Dengue"
"99",2024,45,2024-11-04,10,NA,"Dengue"
"99",2024,46,2024-11-11,9,NA,"Dengue"
"99",2024,47,2024-11-18,5,NA,"Dengue"
"99",2024,48,2024-11-25,10,NA,"Dengue"
"99",2024,49,2024-12-02,5,NA,"Dengue"
"99",2024,50,2024-12-09,14,NA,"Dengue"
"99",2024,51,2024-12-16,9,NA,"Dengue"
"99",2024,52,2024-12-23,13,NA,"Dengue"
"99",2025,1,2025-01-01,10,NA,"Dengue"
"99",2025,2,2025-01-08,11,NA,"Dengue"
"99",2025,3,2025-01-15,9,NA,"Dengue"
"99",2025,4,2025-01-22,13,NA,"Dengue"
"99",2025,5,2025-01-29,17,NA,"Dengue"
"99",2025,6,2025-02-05,10,NA,"Dengue"
"99",2025,7,2025-02-12,10,NA,"Dengue"
"99",2025,8,2025-02-19,12,NA,"Dengue"
"99",2025,9,2025-02-26,10,NA,"Dengue"
"99",2025,10,2025-03-05,11,NA,"Dengue"
"99",2025,11,2025-03-12,16,NA,"Dengue"
"99",2025,12,2025-03-19,13,NA,"Dengue"
"99",2025,13,2025-03-26,12,NA,"Dengue"
"99",2025,14,2025-04-02,15,NA,"Dengue"
"99",2025,15,2025-04-09,20,NA,"Dengue"
"99",2025,16,2025-04-16,29,NA,"Dengue"
"99",2025,17,2025-04-23,23,NA,"Dengue"
"99",2025,18,2025-04-30,46,NA,"Dengue"
"99",2025,19,2025-05-07,37,NA,"Dengue"
"99",2025,20,2025-05-14,50,NA,"Dengue"
"99",2025,21,2025-05-21,44,NA,"Dengue"
"99",2025,22,2025-05-28,40,NA,"Dengue"
"99",2025,23,2025-06-04,38,NA,"Dengue"
"99",2025,24,2025-06-11,25,NA,"Dengue"
"99",2025,25,2025-06-18,24,NA,"Dengue"
"99",2025,26,2025-06-25,20,NA,"Dengue"
"99",2025,27,2025-07-02,17,NA,"Dengue"
"99",2025,28,2025-07-09,12,NA,"Dengue"
"99",2025,29,2025-07-16,15,NA,"Dengue"
"99",2025,30,2025-07-23,12,NA,"Dengue"
"99",2025,31,2025-07-30,10,NA,"Dengue"
"99",2025,32,2025-08-06,8,NA,"Dengue"
"99",2025,33,2025-08-13,3,NA,"Dengue"
"99",2025,34,2025-08-20,7,NA,"Dengue"
"99",2025,35,2025-08-27,6,NA,"Dengue"
"99",2025,36,2025-09-03,3,NA,"Dengue"
"99",2025,37,2025-09-10,8,NA,"Dengue"
"99",2025,38,2025-09-17,7,NA,"Dengue"
"99",2025,39,2025-09-24,5,NA,"Dengue"
"99",2025,40,2025-10-01,6,NA,"Dengue"
"99",2025,41,2025-10-08,9,NA,"Dengue"
"99",2025,42,2025-10-15,6,NA,"Dengue"
"99",2025,43,2025-10-22,1,NA,"Dengue"
"99",2025,44,2025-10-29,3,NA,"Dengue"
"99",2025,45,2025-11-05,4,NA,"Dengue"
"99",2025,46,2025-11-12,2,NA,"Dengue"
"99",2025,47,2025-11-19,3,NA,"Dengue"
"99",2025,49,2025-12-03,1,NA,"Dengue"
"99",2025,50,2025-12-10,3,NA,"Dengue"
"99",2025,51,2025-12-17,6,NA,"Dengue"
"99",2025,52,2025-12-24,1,NA,"Dengue"
"99",2025,53,2025-12-31,3,NA,"Dengue"
"NACIONAL",2020,1,2020-01-01,3089,NA,"Dengue"
"NACIONAL",2020,2,2020-01-08,3404,NA,"Dengue"
"NACIONAL",2020,3,2020-01-15,3591,NA,"Dengue"
"NACIONAL",2020,4,2020-01-22,3432,NA,"Dengue"
"NACIONAL",2020,5,2020-01-29,3619,NA,"Dengue"
"NACIONAL",2020,6,2020-02-05,3674,NA,"Dengue"
"NACIONAL",2020,7,2020-02-12,3398,NA,"Dengue"
"NACIONAL",2020,8,2020-02-19,3203,NA,"Dengue"
"NACIONAL",2020,9,2020-02-26,3121,NA,"Dengue"
"NACIONAL",2020,10,2020-03-04,3217,NA,"Dengue"
"NACIONAL",2020,11,2020-03-11,2865,NA,"Dengue"
"NACIONAL",2020,12,2020-03-18,1824,NA,"Dengue"
"NACIONAL",2020,13,2020-03-25,1672,NA,"Dengue"
"NACIONAL",2020,14,2020-04-01,1669,NA,"Dengue"
"NACIONAL",2020,15,2020-04-08,1596,NA,"Dengue"
"NACIONAL",2020,16,2020-04-15,1573,NA,"Dengue"
"NACIONAL",2020,17,2020-04-22,1544,NA,"Dengue"
"NACIONAL",2020,18,2020-04-29,1433,NA,"Dengue"
"NACIONAL",2020,19,2020-05-06,1468,NA,"Dengue"
"NACIONAL",2020,20,2020-05-13,1483,NA,"Dengue"
"NACIONAL",2020,21,2020-05-20,1424,NA,"Dengue"
"NACIONAL",2020,22,2020-05-27,1228,NA,"Dengue"
"NACIONAL",2020,23,2020-06-03,1322,NA,"Dengue"
"NACIONAL",2020,24,2020-06-10,1051,NA,"Dengue"
"NACIONAL",2020,25,2020-06-17,1050,NA,"Dengue"
"NACIONAL",2020,26,2020-06-24,902,NA,"Dengue"
"NACIONAL",2020,27,2020-07-01,1026,NA,"Dengue"
"NACIONAL",2020,28,2020-07-08,882,NA,"Dengue"
"NACIONAL",2020,29,2020-07-15,785,NA,"Dengue"
"NACIONAL",2020,30,2020-07-22,749,NA,"Dengue"
"NACIONAL",2020,31,2020-07-29,679,NA,"Dengue"
"NACIONAL",2020,32,2020-08-05,709,NA,"Dengue"
"NACIONAL",2020,33,2020-08-12,638,NA,"Dengue"
"NACIONAL",2020,34,2020-08-19,627,NA,"Dengue"
"NACIONAL",2020,35,2020-08-26,654,NA,"Dengue"
"NACIONAL",2020,36,2020-09-02,612,NA,"Dengue"
"NACIONAL",2020,37,2020-09-09,616,NA,"Dengue"
"NACIONAL",2020,38,2020-09-16,638,NA,"Dengue"
"NACIONAL",2020,39,2020-09-23,664,NA,"Dengue"
"NACIONAL",2020,40,2020-09-30,628,NA,"Dengue"
"NACIONAL",2020,41,2020-10-07,663,NA,"Dengue"
"NACIONAL",2020,42,2020-10-14,692,NA,"Dengue"
"NACIONAL",2020,43,2020-10-21,661,NA,"Dengue"
"NACIONAL",2020,44,2020-10-28,624,NA,"Dengue"
"NACIONAL",2020,45,2020-11-04,683,NA,"Dengue"
"NACIONAL",2020,46,2020-11-11,620,NA,"Dengue"
"NACIONAL",2020,47,2020-11-18,660,NA,"Dengue"
"NACIONAL",2020,48,2020-11-25,627,NA,"Dengue"
"NACIONAL",2020,49,2020-12-02,697,NA,"Dengue"
"NACIONAL",2020,50,2020-12-09,691,NA,"Dengue"
"NACIONAL",2020,51,2020-12-16,717,NA,"Dengue"
"NACIONAL",2020,52,2020-12-23,674,NA,"Dengue"
"NACIONAL",2020,53,2020-12-30,651,NA,"Dengue"
"NACIONAL",2021,1,2021-01-01,651,NA,"Dengue"
"NACIONAL",2021,2,2021-01-08,668,NA,"Dengue"
"NACIONAL",2021,3,2021-01-15,618,NA,"Dengue"
"NACIONAL",2021,4,2021-01-22,656,NA,"Dengue"
"NACIONAL",2021,5,2021-01-29,652,NA,"Dengue"
"NACIONAL",2021,6,2021-02-05,672,NA,"Dengue"
"NACIONAL",2021,7,2021-02-12,693,NA,"Dengue"
"NACIONAL",2021,8,2021-02-19,680,NA,"Dengue"
"NACIONAL",2021,9,2021-02-26,704,NA,"Dengue"
"NACIONAL",2021,10,2021-03-05,590,NA,"Dengue"
"NACIONAL",2021,11,2021-03-12,566,NA,"Dengue"
"NACIONAL",2021,12,2021-03-19,548,NA,"Dengue"
"NACIONAL",2021,13,2021-03-26,522,NA,"Dengue"
"NACIONAL",2021,14,2021-04-02,564,NA,"Dengue"
"NACIONAL",2021,15,2021-04-09,561,NA,"Dengue"
"NACIONAL",2021,16,2021-04-16,510,NA,"Dengue"
"NACIONAL",2021,17,2021-04-23,482,NA,"Dengue"
"NACIONAL",2021,18,2021-04-30,501,NA,"Dengue"
"NACIONAL",2021,19,2021-05-07,562,NA,"Dengue"
"NACIONAL",2021,20,2021-05-14,589,NA,"Dengue"
"NACIONAL",2021,21,2021-05-21,582,NA,"Dengue"
"NACIONAL",2021,22,2021-05-28,640,NA,"Dengue"
"NACIONAL",2021,23,2021-06-04,616,NA,"Dengue"
"NACIONAL",2021,24,2021-06-11,574,NA,"Dengue"
"NACIONAL",2021,25,2021-06-18,587,NA,"Dengue"
"NACIONAL",2021,26,2021-06-25,616,NA,"Dengue"
"NACIONAL",2021,27,2021-07-02,620,NA,"Dengue"
"NACIONAL",2021,28,2021-07-09,618,NA,"Dengue"
"NACIONAL",2021,29,2021-07-16,679,NA,"Dengue"
"NACIONAL",2021,30,2021-07-23,672,NA,"Dengue"
"NACIONAL",2021,31,2021-07-30,782,NA,"Dengue"
"NACIONAL",2021,32,2021-08-06,763,NA,"Dengue"
"NACIONAL",2021,33,2021-08-13,829,NA,"Dengue"
"NACIONAL",2021,34,2021-08-20,883,NA,"Dengue"
"NACIONAL",2021,35,2021-08-27,996,NA,"Dengue"
"NACIONAL",2021,36,2021-09-03,1125,NA,"Dengue"
"NACIONAL",2021,37,2021-09-10,1117,NA,"Dengue"
"NACIONAL",2021,38,2021-09-17,1328,NA,"Dengue"
"NACIONAL",2021,39,2021-09-24,1383,NA,"Dengue"
"NACIONAL",2021,40,2021-10-01,1456,NA,"Dengue"
"NACIONAL",2021,41,2021-10-08,1578,NA,"Dengue"
"NACIONAL",2021,42,2021-10-15,1502,NA,"Dengue"
"NACIONAL",2021,43,2021-10-22,1567,NA,"Dengue"
"NACIONAL",2021,44,2021-10-29,1824,NA,"Dengue"
"NACIONAL",2021,45,2021-11-05,1944,NA,"Dengue"
"NACIONAL",2021,46,2021-11-12,2127,NA,"Dengue"
"NACIONAL",2021,47,2021-11-19,1927,NA,"Dengue"
"NACIONAL",2021,48,2021-11-26,1754,NA,"Dengue"
"NACIONAL",2021,49,2021-12-03,1700,NA,"Dengue"
"NACIONAL",2021,50,2021-12-10,1616,NA,"Dengue"
"NACIONAL",2021,51,2021-12-17,1561,NA,"Dengue"
"NACIONAL",2021,52,2021-12-24,1370,NA,"Dengue"
"NACIONAL",2022,1,2022-01-01,1047,NA,"Dengue"
"NACIONAL",2022,2,2022-01-08,917,NA,"Dengue"
"NACIONAL",2022,3,2022-01-15,920,NA,"Dengue"
"NACIONAL",2022,4,2022-01-22,823,NA,"Dengue"
"NACIONAL",2022,5,2022-01-29,920,NA,"Dengue"
"NACIONAL",2022,6,2022-02-05,949,NA,"Dengue"
"NACIONAL",2022,7,2022-02-12,810,NA,"Dengue"
"NACIONAL",2022,8,2022-02-19,781,NA,"Dengue"
"NACIONAL",2022,9,2022-02-26,829,NA,"Dengue"
"NACIONAL",2022,10,2022-03-05,835,NA,"Dengue"
"NACIONAL",2022,11,2022-03-12,832,NA,"Dengue"
"NACIONAL",2022,12,2022-03-19,893,NA,"Dengue"
"NACIONAL",2022,13,2022-03-26,968,NA,"Dengue"
"NACIONAL",2022,14,2022-04-02,914,NA,"Dengue"
"NACIONAL",2022,15,2022-04-09,868,NA,"Dengue"
"NACIONAL",2022,16,2022-04-16,1103,NA,"Dengue"
"NACIONAL",2022,17,2022-04-23,1119,NA,"Dengue"
"NACIONAL",2022,18,2022-04-30,1233,NA,"Dengue"
"NACIONAL",2022,19,2022-05-07,1388,NA,"Dengue"
"NACIONAL",2022,20,2022-05-14,1407,NA,"Dengue"
"NACIONAL",2022,21,2022-05-21,1525,NA,"Dengue"
"NACIONAL",2022,22,2022-05-28,1526,NA,"Dengue"
"NACIONAL",2022,23,2022-06-04,1402,NA,"Dengue"
"NACIONAL",2022,24,2022-06-11,1249,NA,"Dengue"
"NACIONAL",2022,25,2022-06-18,1245,NA,"Dengue"
"NACIONAL",2022,26,2022-06-25,1351,NA,"Dengue"
"NACIONAL",2022,27,2022-07-02,1364,NA,"Dengue"
"NACIONAL",2022,28,2022-07-09,1538,NA,"Dengue"
"NACIONAL",2022,29,2022-07-16,1530,NA,"Dengue"
"NACIONAL",2022,30,2022-07-23,1301,NA,"Dengue"
"NACIONAL",2022,31,2022-07-30,1463,NA,"Dengue"
"NACIONAL",2022,32,2022-08-06,1337,NA,"Dengue"
"NACIONAL",2022,33,2022-08-13,1435,NA,"Dengue"
"NACIONAL",2022,34,2022-08-20,1312,NA,"Dengue"
"NACIONAL",2022,35,2022-08-27,1388,NA,"Dengue"
"NACIONAL",2022,36,2022-09-03,1315,NA,"Dengue"
"NACIONAL",2022,37,2022-09-10,1133,NA,"Dengue"
"NACIONAL",2022,38,2022-09-17,1247,NA,"Dengue"
"NACIONAL",2022,39,2022-09-24,1228,NA,"Dengue"
"NACIONAL",2022,40,2022-10-01,1270,NA,"Dengue"
"NACIONAL",2022,41,2022-10-08,1282,NA,"Dengue"
"NACIONAL",2022,42,2022-10-15,1521,NA,"Dengue"
"NACIONAL",2022,43,2022-10-22,1473,NA,"Dengue"
"NACIONAL",2022,44,2022-10-29,1555,NA,"Dengue"
"NACIONAL",2022,45,2022-11-05,1491,NA,"Dengue"
"NACIONAL",2022,46,2022-11-12,1701,NA,"Dengue"
"NACIONAL",2022,47,2022-11-19,1688,NA,"Dengue"
"NACIONAL",2022,48,2022-11-26,1620,NA,"Dengue"
"NACIONAL",2022,49,2022-12-03,1755,NA,"Dengue"
"NACIONAL",2022,50,2022-12-10,1672,NA,"Dengue"
"NACIONAL",2022,51,2022-12-17,1638,NA,"Dengue"
"NACIONAL",2022,52,2022-12-24,1580,NA,"Dengue"
"NACIONAL",2023,1,2023-01-01,1760,NA,"Dengue"
"NACIONAL",2023,2,2023-01-08,1595,NA,"Dengue"
"NACIONAL",2023,3,2023-01-15,1653,NA,"Dengue"
"NACIONAL",2023,4,2023-01-22,1492,NA,"Dengue"
"NACIONAL",2023,5,2023-01-29,1621,NA,"Dengue"
"NACIONAL",2023,6,2023-02-05,1713,NA,"Dengue"
"NACIONAL",2023,7,2023-02-12,1496,NA,"Dengue"
"NACIONAL",2023,8,2023-02-19,1444,NA,"Dengue"
"NACIONAL",2023,9,2023-02-26,1534,NA,"Dengue"
"NACIONAL",2023,10,2023-03-05,1513,NA,"Dengue"
"NACIONAL",2023,11,2023-03-12,1565,NA,"Dengue"
"NACIONAL",2023,12,2023-03-19,1633,NA,"Dengue"
"NACIONAL",2023,13,2023-03-26,1592,NA,"Dengue"
"NACIONAL",2023,14,2023-04-02,1434,NA,"Dengue"
"NACIONAL",2023,15,2023-04-09,1767,NA,"Dengue"
"NACIONAL",2023,16,2023-04-16,1743,NA,"Dengue"
"NACIONAL",2023,17,2023-04-23,1735,NA,"Dengue"
"NACIONAL",2023,18,2023-04-30,2281,NA,"Dengue"
"NACIONAL",2023,19,2023-05-07,2250,NA,"Dengue"
"NACIONAL",2023,20,2023-05-14,2280,NA,"Dengue"
"NACIONAL",2023,21,2023-05-21,2147,NA,"Dengue"
"NACIONAL",2023,22,2023-05-28,2349,NA,"Dengue"
"NACIONAL",2023,23,2023-06-04,2256,NA,"Dengue"
"NACIONAL",2023,24,2023-06-11,2089,NA,"Dengue"
"NACIONAL",2023,25,2023-06-18,2135,NA,"Dengue"
"NACIONAL",2023,26,2023-06-25,2087,NA,"Dengue"
"NACIONAL",2023,27,2023-07-02,2347,NA,"Dengue"
"NACIONAL",2023,28,2023-07-09,2518,NA,"Dengue"
"NACIONAL",2023,29,2023-07-16,2600,NA,"Dengue"
"NACIONAL",2023,30,2023-07-23,2458,NA,"Dengue"
"NACIONAL",2023,31,2023-07-30,2652,NA,"Dengue"
"NACIONAL",2023,32,2023-08-06,2496,NA,"Dengue"
"NACIONAL",2023,33,2023-08-13,2413,NA,"Dengue"
"NACIONAL",2023,34,2023-08-20,2545,NA,"Dengue"
"NACIONAL",2023,35,2023-08-27,2641,NA,"Dengue"
"NACIONAL",2023,36,2023-09-03,2646,NA,"Dengue"
"NACIONAL",2023,37,2023-09-10,2620,NA,"Dengue"
"NACIONAL",2023,38,2023-09-17,2766,NA,"Dengue"
"NACIONAL",2023,39,2023-09-24,2631,NA,"Dengue"
"NACIONAL",2023,40,2023-10-01,2883,NA,"Dengue"
"NACIONAL",2023,41,2023-10-08,2745,NA,"Dengue"
"NACIONAL",2023,42,2023-10-15,3066,NA,"Dengue"
"NACIONAL",2023,43,2023-10-22,3099,NA,"Dengue"
"NACIONAL",2023,44,2023-10-29,2931,NA,"Dengue"
"NACIONAL",2023,45,2023-11-05,3103,NA,"Dengue"
"NACIONAL",2023,46,2023-11-12,3502,NA,"Dengue"
"NACIONAL",2023,47,2023-11-19,3702,NA,"Dengue"
"NACIONAL",2023,48,2023-11-26,3913,NA,"Dengue"
"NACIONAL",2023,49,2023-12-03,4164,NA,"Dengue"
"NACIONAL",2023,50,2023-12-10,4396,NA,"Dengue"
"NACIONAL",2023,51,2023-12-17,4195,NA,"Dengue"
"NACIONAL",2023,52,2023-12-24,4215,NA,"Dengue"
"NACIONAL",2024,1,2024-01-01,4933,NA,"Dengue"
"NACIONAL",2024,2,2024-01-08,4822,NA,"Dengue"
"NACIONAL",2024,3,2024-01-15,5083,NA,"Dengue"
"NACIONAL",2024,4,2024-01-22,5251,NA,"Dengue"
"NACIONAL",2024,5,2024-01-29,5655,NA,"Dengue"
"NACIONAL",2024,6,2024-02-05,6039,NA,"Dengue"
"NACIONAL",2024,7,2024-02-12,6324,NA,"Dengue"
"NACIONAL",2024,8,2024-02-19,6477,NA,"Dengue"
"NACIONAL",2024,9,2024-02-26,6753,NA,"Dengue"
"NACIONAL",2024,10,2024-03-04,6954,NA,"Dengue"
"NACIONAL",2024,11,2024-03-11,7459,NA,"Dengue"
"NACIONAL",2024,12,2024-03-18,7219,NA,"Dengue"
"NACIONAL",2024,13,2024-03-25,6753,NA,"Dengue"
"NACIONAL",2024,14,2024-04-01,8275,NA,"Dengue"
"NACIONAL",2024,15,2024-04-08,7822,NA,"Dengue"
"NACIONAL",2024,16,2024-04-15,8391,NA,"Dengue"
"NACIONAL",2024,17,2024-04-22,7695,NA,"Dengue"
"NACIONAL",2024,18,2024-04-29,8202,NA,"Dengue"
"NACIONAL",2024,19,2024-05-06,8087,NA,"Dengue"
"NACIONAL",2024,20,2024-05-13,8506,NA,"Dengue"
"NACIONAL",2024,21,2024-05-20,9334,NA,"Dengue"
"NACIONAL",2024,22,2024-05-27,8905,NA,"Dengue"
"NACIONAL",2024,23,2024-06-03,8707,NA,"Dengue"
"NACIONAL",2024,24,2024-06-10,8928,NA,"Dengue"
"NACIONAL",2024,25,2024-06-17,8341,NA,"Dengue"
"NACIONAL",2024,26,2024-06-24,7150,NA,"Dengue"
"NACIONAL",2024,27,2024-07-01,7713,NA,"Dengue"
"NACIONAL",2024,28,2024-07-08,7320,NA,"Dengue"
"NACIONAL",2024,29,2024-07-15,7343,NA,"Dengue"
"NACIONAL",2024,30,2024-07-22,6593,NA,"Dengue"
"NACIONAL",2024,31,2024-07-29,6122,NA,"Dengue"
"NACIONAL",2024,32,2024-08-05,5491,NA,"Dengue"
"NACIONAL",2024,33,2024-08-12,4900,NA,"Dengue"
"NACIONAL",2024,34,2024-08-19,4947,NA,"Dengue"
"NACIONAL",2024,35,2024-08-26,4657,NA,"Dengue"
"NACIONAL",2024,36,2024-09-02,4607,NA,"Dengue"
"NACIONAL",2024,37,2024-09-09,4520,NA,"Dengue"
"NACIONAL",2024,38,2024-09-16,4327,NA,"Dengue"
"NACIONAL",2024,39,2024-09-23,3935,NA,"Dengue"
"NACIONAL",2024,40,2024-09-30,3818,NA,"Dengue"
"NACIONAL",2024,41,2024-10-07,3590,NA,"Dengue"
"NACIONAL",2024,42,2024-10-14,3987,NA,"Dengue"
"NACIONAL",2024,43,2024-10-21,3757,NA,"Dengue"
"NACIONAL",2024,44,2024-10-28,3734,NA,"Dengue"
"NACIONAL",2024,45,2024-11-04,3615,NA,"Dengue"
"NACIONAL",2024,46,2024-11-11,3614,NA,"Dengue"
"NACIONAL",2024,47,2024-11-18,3569,NA,"Dengue"
"NACIONAL",2024,48,2024-11-25,3537,NA,"Dengue"
"NACIONAL",2024,49,2024-12-02,4118,NA,"Dengue"
"NACIONAL",2024,50,2024-12-09,4236,NA,"Dengue"
"NACIONAL",2024,51,2024-12-16,3808,NA,"Dengue"
"NACIONAL",2024,52,2024-12-23,3704,NA,"Dengue"
"NACIONAL",2025,1,2025-01-01,3695,NA,"Dengue"
"NACIONAL",2025,2,2025-01-08,4043,NA,"Dengue"
"NACIONAL",2025,3,2025-01-15,3880,NA,"Dengue"
"NACIONAL",2025,4,2025-01-22,4048,NA,"Dengue"
"NACIONAL",2025,5,2025-01-29,4054,NA,"Dengue"
"NACIONAL",2025,6,2025-02-05,3693,NA,"Dengue"
"NACIONAL",2025,7,2025-02-12,3409,NA,"Dengue"
"NACIONAL",2025,8,2025-02-19,3024,NA,"Dengue"
"NACIONAL",2025,9,2025-02-26,2913,NA,"Dengue"
"NACIONAL",2025,10,2025-03-05,2851,NA,"Dengue"
"NACIONAL",2025,11,2025-03-12,2662,NA,"Dengue"
"NACIONAL",2025,12,2025-03-19,2575,NA,"Dengue"
"NACIONAL",2025,13,2025-03-26,2408,NA,"Dengue"
"NACIONAL",2025,14,2025-04-02,2567,NA,"Dengue"
"NACIONAL",2025,15,2025-04-09,2503,NA,"Dengue"
"NACIONAL",2025,16,2025-04-16,2709,NA,"Dengue"
"NACIONAL",2025,17,2025-04-23,2974,NA,"Dengue"
"NACIONAL",2025,18,2025-04-30,2750,NA,"Dengue"
"NACIONAL",2025,19,2025-05-07,2972,NA,"Dengue"
"NACIONAL",2025,20,2025-05-14,2705,NA,"Dengue"
"NACIONAL",2025,21,2025-05-21,2707,NA,"Dengue"
"NACIONAL",2025,22,2025-05-28,2457,NA,"Dengue"
"NACIONAL",2025,23,2025-06-04,2577,NA,"Dengue"
"NACIONAL",2025,24,2025-06-11,2375,NA,"Dengue"
"NACIONAL",2025,25,2025-06-18,2053,NA,"Dengue"
"NACIONAL",2025,26,2025-06-25,1917,NA,"Dengue"
"NACIONAL",2025,27,2025-07-02,2151,NA,"Dengue"
"NACIONAL",2025,28,2025-07-09,2195,NA,"Dengue"
"NACIONAL",2025,29,2025-07-16,2013,NA,"Dengue"
"NACIONAL",2025,30,2025-07-23,2015,NA,"Dengue"
"NACIONAL",2025,31,2025-07-30,1860,NA,"Dengue"
"NACIONAL",2025,32,2025-08-06,1560,NA,"Dengue"
"NACIONAL",2025,33,2025-08-13,1455,NA,"Dengue"
"NACIONAL",2025,34,2025-08-20,1494,NA,"Dengue"
"NACIONAL",2025,35,2025-08-27,1508,NA,"Dengue"
"NACIONAL",2025,36,2025-09-03,1464,NA,"Dengue"
"NACIONAL",2025,37,2025-09-10,1448,NA,"Dengue"
"NACIONAL",2025,38,2025-09-17,1314,NA,"Dengue"
"NACIONAL",2025,39,2025-09-24,1297,NA,"Dengue"
"NACIONAL",2025,40,2025-10-01,1282,NA,"Dengue"
"NACIONAL",2025,41,2025-10-08,1199,NA,"Dengue"
"NACIONAL",2025,42,2025-10-15,1297,NA,"Dengue"
"NACIONAL",2025,43,2025-10-22,1355,NA,"Dengue"
"NACIONAL",2025,44,2025-10-29,1435,NA,"Dengue"
"NACIONAL",2025,45,2025-11-05,1596,NA,"Dengue"
"NACIONAL",2025,46,2025-11-12,1713,NA,"Dengue"
"NACIONAL",2025,47,2025-11-19,1694,NA,"Dengue"
"NACIONAL",2025,48,2025-11-26,1680,NA,"Dengue"
"NACIONAL",2025,49,2025-12-03,1788,NA,"Dengue"
"NACIONAL",2025,50,2025-12-10,1834,NA,"Dengue"
"NACIONAL",2025,51,2025-12-17,1816,NA,"Dengue"
"NACIONAL",2025,52,2025-12-24,1652,NA,"Dengue"
"NACIONAL",2025,53,2025-12-31,1928,NA,"Dengue"
"NACIONAL_Adulto (18+)",2020,1,2020-01-01,1267,"Adulto (18+)","Dengue"
"NACIONAL_Adulto (18+)",2020,2,2020-01-08,1443,"Adulto (18+)","Dengue"
"NACIONAL_Adulto (18+)",2020,3,2020-01-15,1444,"Adulto (18+)","Dengue"
"NACIONAL_Adulto (18+)",2020,4,2020-01-22,1287,"Adulto (18+)","Dengue"
"NACIONAL_Adulto (18+)",2020,5,2020-01-29,1381,"Adulto (18+)","Dengue"
"NACIONAL_Adulto (18+)",2020,6,2020-02-05,1385,"Adulto (18+)","Dengue"
"NACIONAL_Adulto (18+)",2020,7,2020-02-12,1340,"Adulto (18+)","Dengue"
"NACIONAL_Adulto (18+)",2020,8,2020-02-19,1304,"Adulto (18+)","Dengue"
"NACIONAL_Adulto (18+)",2020,9,2020-02-26,1234,"Adulto (18+)","Dengue"
"NACIONAL_Adulto (18+)",2020,10,2020-03-04,1327,"Adulto (18+)","Dengue"
"NACIONAL_Adulto (18+)",2020,11,2020-03-11,1188,"Adulto (18+)","Dengue"
"NACIONAL_Adulto (18+)",2020,12,2020-03-18,790,"Adulto (18+)","Dengue"
"NACIONAL_Adulto (18+)",2020,13,2020-03-25,679,"Adulto (18+)","Dengue"
"NACIONAL_Adulto (18+)",2020,14,2020-04-01,736,"Adulto (18+)","Dengue"
"NACIONAL_Adulto (18+)",2020,15,2020-04-08,746,"Adulto (18+)","Dengue"
"NACIONAL_Adulto (18+)",2020,16,2020-04-15,730,"Adulto (18+)","Dengue"
"NACIONAL_Adulto (18+)",2020,17,2020-04-22,711,"Adulto (18+)","Dengue"
"NACIONAL_Adulto (18+)",2020,18,2020-04-29,648,"Adulto (18+)","Dengue"
"NACIONAL_Adulto (18+)",2020,19,2020-05-06,680,"Adulto (18+)","Dengue"
"NACIONAL_Adulto (18+)",2020,20,2020-05-13,710,"Adulto (18+)","Dengue"
"NACIONAL_Adulto (18+)",2020,21,2020-05-20,687,"Adulto (18+)","Dengue"
"NACIONAL_Adulto (18+)",2020,22,2020-05-27,622,"Adulto (18+)","Dengue"
"NACIONAL_Adulto (18+)",2020,23,2020-06-03,712,"Adulto (18+)","Dengue"
"NACIONAL_Adulto (18+)",2020,24,2020-06-10,532,"Adulto (18+)","Dengue"
"NACIONAL_Adulto (18+)",2020,25,2020-06-17,539,"Adulto (18+)","Dengue"
"NACIONAL_Adulto (18+)",2020,26,2020-06-24,495,"Adulto (18+)","Dengue"
"NACIONAL_Adulto (18+)",2020,27,2020-07-01,566,"Adulto (18+)","Dengue"
"NACIONAL_Adulto (18+)",2020,28,2020-07-08,481,"Adulto (18+)","Dengue"
"NACIONAL_Adulto (18+)",2020,29,2020-07-15,461,"Adulto (18+)","Dengue"
"NACIONAL_Adulto (18+)",2020,30,2020-07-22,411,"Adulto (18+)","Dengue"
"NACIONAL_Adulto (18+)",2020,31,2020-07-29,382,"Adulto (18+)","Dengue"
"NACIONAL_Adulto (18+)",2020,32,2020-08-05,379,"Adulto (18+)","Dengue"
"NACIONAL_Adulto (18+)",2020,33,2020-08-12,347,"Adulto (18+)","Dengue"
"NACIONAL_Adulto (18+)",2020,34,2020-08-19,309,"Adulto (18+)","Dengue"
"NACIONAL_Adulto (18+)",2020,35,2020-08-26,316,"Adulto (18+)","Dengue"
"NACIONAL_Adulto (18+)",2020,36,2020-09-02,323,"Adulto (18+)","Dengue"
"NACIONAL_Adulto (18+)",2020,37,2020-09-09,288,"Adulto (18+)","Dengue"
"NACIONAL_Adulto (18+)",2020,38,2020-09-16,295,"Adulto (18+)","Dengue"
"NACIONAL_Adulto (18+)",2020,39,2020-09-23,323,"Adulto (18+)","Dengue"
"NACIONAL_Adulto (18+)",2020,40,2020-09-30,285,"Adulto (18+)","Dengue"
"NACIONAL_Adulto (18+)",2020,41,2020-10-07,295,"Adulto (18+)","Dengue"
"NACIONAL_Adulto (18+)",2020,42,2020-10-14,310,"Adulto (18+)","Dengue"
"NACIONAL_Adulto (18+)",2020,43,2020-10-21,327,"Adulto (18+)","Dengue"
"NACIONAL_Adulto (18+)",2020,44,2020-10-28,299,"Adulto (18+)","Dengue"
"NACIONAL_Adulto (18+)",2020,45,2020-11-04,308,"Adulto (18+)","Dengue"
"NACIONAL_Adulto (18+)",2020,46,2020-11-11,271,"Adulto (18+)","Dengue"
"NACIONAL_Adulto (18+)",2020,47,2020-11-18,295,"Adulto (18+)","Dengue"
"NACIONAL_Adulto (18+)",2020,48,2020-11-25,291,"Adulto (18+)","Dengue"
"NACIONAL_Adulto (18+)",2020,49,2020-12-02,297,"Adulto (18+)","Dengue"
"NACIONAL_Adulto (18+)",2020,50,2020-12-09,309,"Adulto (18+)","Dengue"
"NACIONAL_Adulto (18+)",2020,51,2020-12-16,275,"Adulto (18+)","Dengue"
"NACIONAL_Adulto (18+)",2020,52,2020-12-23,287,"Adulto (18+)","Dengue"
"NACIONAL_Adulto (18+)",2020,53,2020-12-30,254,"Adulto (18+)","Dengue"
"NACIONAL_Adulto (18+)",2021,1,2021-01-01,266,"Adulto (18+)","Dengue"
"NACIONAL_Adulto (18+)",2021,2,2021-01-08,283,"Adulto (18+)","Dengue"
"NACIONAL_Adulto (18+)",2021,3,2021-01-15,221,"Adulto (18+)","Dengue"
"NACIONAL_Adulto (18+)",2021,4,2021-01-22,235,"Adulto (18+)","Dengue"
"NACIONAL_Adulto (18+)",2021,5,2021-01-29,227,"Adulto (18+)","Dengue"
"NACIONAL_Adulto (18+)",2021,6,2021-02-05,210,"Adulto (18+)","Dengue"
"NACIONAL_Adulto (18+)",2021,7,2021-02-12,231,"Adulto (18+)","Dengue"
"NACIONAL_Adulto (18+)",2021,8,2021-02-19,241,"Adulto (18+)","Dengue"
"NACIONAL_Adulto (18+)",2021,9,2021-02-26,271,"Adulto (18+)","Dengue"
"NACIONAL_Adulto (18+)",2021,10,2021-03-05,233,"Adulto (18+)","Dengue"
"NACIONAL_Adulto (18+)",2021,11,2021-03-12,243,"Adulto (18+)","Dengue"
"NACIONAL_Adulto (18+)",2021,12,2021-03-19,236,"Adulto (18+)","Dengue"
"NACIONAL_Adulto (18+)",2021,13,2021-03-26,246,"Adulto (18+)","Dengue"
"NACIONAL_Adulto (18+)",2021,14,2021-04-02,251,"Adulto (18+)","Dengue"
"NACIONAL_Adulto (18+)",2021,15,2021-04-09,236,"Adulto (18+)","Dengue"
"NACIONAL_Adulto (18+)",2021,16,2021-04-16,250,"Adulto (18+)","Dengue"
"NACIONAL_Adulto (18+)",2021,17,2021-04-23,234,"Adulto (18+)","Dengue"
"NACIONAL_Adulto (18+)",2021,18,2021-04-30,246,"Adulto (18+)","Dengue"
"NACIONAL_Adulto (18+)",2021,19,2021-05-07,287,"Adulto (18+)","Dengue"
"NACIONAL_Adulto (18+)",2021,20,2021-05-14,278,"Adulto (18+)","Dengue"
"NACIONAL_Adulto (18+)",2021,21,2021-05-21,303,"Adulto (18+)","Dengue"
"NACIONAL_Adulto (18+)",2021,22,2021-05-28,285,"Adulto (18+)","Dengue"
"NACIONAL_Adulto (18+)",2021,23,2021-06-04,297,"Adulto (18+)","Dengue"
"NACIONAL_Adulto (18+)",2021,24,2021-06-11,268,"Adulto (18+)","Dengue"
"NACIONAL_Adulto (18+)",2021,25,2021-06-18,264,"Adulto (18+)","Dengue"
"NACIONAL_Adulto (18+)",2021,26,2021-06-25,238,"Adulto (18+)","Dengue"
"NACIONAL_Adulto (18+)",2021,27,2021-07-02,228,"Adulto (18+)","Dengue"
"NACIONAL_Adulto (18+)",2021,28,2021-07-09,212,"Adulto (18+)","Dengue"
"NACIONAL_Adulto (18+)",2021,29,2021-07-16,225,"Adulto (18+)","Dengue"
"NACIONAL_Adulto (18+)",2021,30,2021-07-23,233,"Adulto (18+)","Dengue"
"NACIONAL_Adulto (18+)",2021,31,2021-07-30,235,"Adulto (18+)","Dengue"
"NACIONAL_Adulto (18+)",2021,32,2021-08-06,199,"Adulto (18+)","Dengue"
"NACIONAL_Adulto (18+)",2021,33,2021-08-13,263,"Adulto (18+)","Dengue"
"NACIONAL_Adulto (18+)",2021,34,2021-08-20,282,"Adulto (18+)","Dengue"
"NACIONAL_Adulto (18+)",2021,35,2021-08-27,293,"Adulto (18+)","Dengue"
"NACIONAL_Adulto (18+)",2021,36,2021-09-03,363,"Adulto (18+)","Dengue"
"NACIONAL_Adulto (18+)",2021,37,2021-09-10,349,"Adulto (18+)","Dengue"
"NACIONAL_Adulto (18+)",2021,38,2021-09-17,414,"Adulto (18+)","Dengue"
"NACIONAL_Adulto (18+)",2021,39,2021-09-24,410,"Adulto (18+)","Dengue"
"NACIONAL_Adulto (18+)",2021,40,2021-10-01,493,"Adulto (18+)","Dengue"
"NACIONAL_Adulto (18+)",2021,41,2021-10-08,496,"Adulto (18+)","Dengue"
"NACIONAL_Adulto (18+)",2021,42,2021-10-15,482,"Adulto (18+)","Dengue"
"NACIONAL_Adulto (18+)",2021,43,2021-10-22,504,"Adulto (18+)","Dengue"
"NACIONAL_Adulto (18+)",2021,44,2021-10-29,618,"Adulto (18+)","Dengue"
"NACIONAL_Adulto (18+)",2021,45,2021-11-05,657,"Adulto (18+)","Dengue"
"NACIONAL_Adulto (18+)",2021,46,2021-11-12,730,"Adulto (18+)","Dengue"
"NACIONAL_Adulto (18+)",2021,47,2021-11-19,654,"Adulto (18+)","Dengue"
"NACIONAL_Adulto (18+)",2021,48,2021-11-26,585,"Adulto (18+)","Dengue"
"NACIONAL_Adulto (18+)",2021,49,2021-12-03,571,"Adulto (18+)","Dengue"
"NACIONAL_Adulto (18+)",2021,50,2021-12-10,545,"Adulto (18+)","Dengue"
"NACIONAL_Adulto (18+)",2021,51,2021-12-17,581,"Adulto (18+)","Dengue"
"NACIONAL_Adulto (18+)",2021,52,2021-12-24,530,"Adulto (18+)","Dengue"
"NACIONAL_Adulto (18+)",2022,1,2022-01-01,407,"Adulto (18+)","Dengue"
"NACIONAL_Adulto (18+)",2022,2,2022-01-08,382,"Adulto (18+)","Dengue"
"NACIONAL_Adulto (18+)",2022,3,2022-01-15,355,"Adulto (18+)","Dengue"
"NACIONAL_Adulto (18+)",2022,4,2022-01-22,279,"Adulto (18+)","Dengue"
"NACIONAL_Adulto (18+)",2022,5,2022-01-29,288,"Adulto (18+)","Dengue"
"NACIONAL_Adulto (18+)",2022,6,2022-02-05,312,"Adulto (18+)","Dengue"
"NACIONAL_Adulto (18+)",2022,7,2022-02-12,274,"Adulto (18+)","Dengue"
"NACIONAL_Adulto (18+)",2022,8,2022-02-19,273,"Adulto (18+)","Dengue"
"NACIONAL_Adulto (18+)",2022,9,2022-02-26,332,"Adulto (18+)","Dengue"
"NACIONAL_Adulto (18+)",2022,10,2022-03-05,305,"Adulto (18+)","Dengue"
"NACIONAL_Adulto (18+)",2022,11,2022-03-12,328,"Adulto (18+)","Dengue"
"NACIONAL_Adulto (18+)",2022,12,2022-03-19,337,"Adulto (18+)","Dengue"
"NACIONAL_Adulto (18+)",2022,13,2022-03-26,372,"Adulto (18+)","Dengue"
"NACIONAL_Adulto (18+)",2022,14,2022-04-02,353,"Adulto (18+)","Dengue"
"NACIONAL_Adulto (18+)",2022,15,2022-04-09,333,"Adulto (18+)","Dengue"
"NACIONAL_Adulto (18+)",2022,16,2022-04-16,442,"Adulto (18+)","Dengue"
"NACIONAL_Adulto (18+)",2022,17,2022-04-23,439,"Adulto (18+)","Dengue"
"NACIONAL_Adulto (18+)",2022,18,2022-04-30,469,"Adulto (18+)","Dengue"
"NACIONAL_Adulto (18+)",2022,19,2022-05-07,512,"Adulto (18+)","Dengue"
"NACIONAL_Adulto (18+)",2022,20,2022-05-14,518,"Adulto (18+)","Dengue"
"NACIONAL_Adulto (18+)",2022,21,2022-05-21,572,"Adulto (18+)","Dengue"
"NACIONAL_Adulto (18+)",2022,22,2022-05-28,554,"Adulto (18+)","Dengue"
"NACIONAL_Adulto (18+)",2022,23,2022-06-04,500,"Adulto (18+)","Dengue"
"NACIONAL_Adulto (18+)",2022,24,2022-06-11,492,"Adulto (18+)","Dengue"
"NACIONAL_Adulto (18+)",2022,25,2022-06-18,510,"Adulto (18+)","Dengue"
"NACIONAL_Adulto (18+)",2022,26,2022-06-25,546,"Adulto (18+)","Dengue"
"NACIONAL_Adulto (18+)",2022,27,2022-07-02,505,"Adulto (18+)","Dengue"
"NACIONAL_Adulto (18+)",2022,28,2022-07-09,593,"Adulto (18+)","Dengue"
"NACIONAL_Adulto (18+)",2022,29,2022-07-16,538,"Adulto (18+)","Dengue"
"NACIONAL_Adulto (18+)",2022,30,2022-07-23,480,"Adulto (18+)","Dengue"
"NACIONAL_Adulto (18+)",2022,31,2022-07-30,516,"Adulto (18+)","Dengue"
"NACIONAL_Adulto (18+)",2022,32,2022-08-06,479,"Adulto (18+)","Dengue"
"NACIONAL_Adulto (18+)",2022,33,2022-08-13,533,"Adulto (18+)","Dengue"
"NACIONAL_Adulto (18+)",2022,34,2022-08-20,462,"Adulto (18+)","Dengue"
"NACIONAL_Adulto (18+)",2022,35,2022-08-27,456,"Adulto (18+)","Dengue"
"NACIONAL_Adulto (18+)",2022,36,2022-09-03,462,"Adulto (18+)","Dengue"
"NACIONAL_Adulto (18+)",2022,37,2022-09-10,389,"Adulto (18+)","Dengue"
"NACIONAL_Adulto (18+)",2022,38,2022-09-17,456,"Adulto (18+)","Dengue"
"NACIONAL_Adulto (18+)",2022,39,2022-09-24,456,"Adulto (18+)","Dengue"
"NACIONAL_Adulto (18+)",2022,40,2022-10-01,427,"Adulto (18+)","Dengue"
"NACIONAL_Adulto (18+)",2022,41,2022-10-08,427,"Adulto (18+)","Dengue"
"NACIONAL_Adulto (18+)",2022,42,2022-10-15,537,"Adulto (18+)","Dengue"
"NACIONAL_Adulto (18+)",2022,43,2022-10-22,522,"Adulto (18+)","Dengue"
"NACIONAL_Adulto (18+)",2022,44,2022-10-29,552,"Adulto (18+)","Dengue"
"NACIONAL_Adulto (18+)",2022,45,2022-11-05,526,"Adulto (18+)","Dengue"
"NACIONAL_Adulto (18+)",2022,46,2022-11-12,682,"Adulto (18+)","Dengue"
"NACIONAL_Adulto (18+)",2022,47,2022-11-19,651,"Adulto (18+)","Dengue"
"NACIONAL_Adulto (18+)",2022,48,2022-11-26,617,"Adulto (18+)","Dengue"
"NACIONAL_Adulto (18+)",2022,49,2022-12-03,648,"Adulto (18+)","Dengue"
"NACIONAL_Adulto (18+)",2022,50,2022-12-10,635,"Adulto (18+)","Dengue"
"NACIONAL_Adulto (18+)",2022,51,2022-12-17,620,"Adulto (18+)","Dengue"
"NACIONAL_Adulto (18+)",2022,52,2022-12-24,562,"Adulto (18+)","Dengue"
"NACIONAL_Adulto (18+)",2023,1,2023-01-01,701,"Adulto (18+)","Dengue"
"NACIONAL_Adulto (18+)",2023,2,2023-01-08,694,"Adulto (18+)","Dengue"
"NACIONAL_Adulto (18+)",2023,3,2023-01-15,632,"Adulto (18+)","Dengue"
"NACIONAL_Adulto (18+)",2023,4,2023-01-22,543,"Adulto (18+)","Dengue"
"NACIONAL_Adulto (18+)",2023,5,2023-01-29,624,"Adulto (18+)","Dengue"
"NACIONAL_Adulto (18+)",2023,6,2023-02-05,638,"Adulto (18+)","Dengue"
"NACIONAL_Adulto (18+)",2023,7,2023-02-12,595,"Adulto (18+)","Dengue"
"NACIONAL_Adulto (18+)",2023,8,2023-02-19,605,"Adulto (18+)","Dengue"
"NACIONAL_Adulto (18+)",2023,9,2023-02-26,603,"Adulto (18+)","Dengue"
"NACIONAL_Adulto (18+)",2023,10,2023-03-05,656,"Adulto (18+)","Dengue"
"NACIONAL_Adulto (18+)",2023,11,2023-03-12,610,"Adulto (18+)","Dengue"
"NACIONAL_Adulto (18+)",2023,12,2023-03-19,627,"Adulto (18+)","Dengue"
"NACIONAL_Adulto (18+)",2023,13,2023-03-26,669,"Adulto (18+)","Dengue"
"NACIONAL_Adulto (18+)",2023,14,2023-04-02,629,"Adulto (18+)","Dengue"
"NACIONAL_Adulto (18+)",2023,15,2023-04-09,750,"Adulto (18+)","Dengue"
"NACIONAL_Adulto (18+)",2023,16,2023-04-16,713,"Adulto (18+)","Dengue"
"NACIONAL_Adulto (18+)",2023,17,2023-04-23,692,"Adulto (18+)","Dengue"
"NACIONAL_Adulto (18+)",2023,18,2023-04-30,983,"Adulto (18+)","Dengue"
"NACIONAL_Adulto (18+)",2023,19,2023-05-07,985,"Adulto (18+)","Dengue"
"NACIONAL_Adulto (18+)",2023,20,2023-05-14,1021,"Adulto (18+)","Dengue"
"NACIONAL_Adulto (18+)",2023,21,2023-05-21,995,"Adulto (18+)","Dengue"
"NACIONAL_Adulto (18+)",2023,22,2023-05-28,1027,"Adulto (18+)","Dengue"
"NACIONAL_Adulto (18+)",2023,23,2023-06-04,983,"Adulto (18+)","Dengue"
"NACIONAL_Adulto (18+)",2023,24,2023-06-11,967,"Adulto (18+)","Dengue"
"NACIONAL_Adulto (18+)",2023,25,2023-06-18,998,"Adulto (18+)","Dengue"
"NACIONAL_Adulto (18+)",2023,26,2023-06-25,918,"Adulto (18+)","Dengue"
"NACIONAL_Adulto (18+)",2023,27,2023-07-02,1055,"Adulto (18+)","Dengue"
"NACIONAL_Adulto (18+)",2023,28,2023-07-09,1073,"Adulto (18+)","Dengue"
"NACIONAL_Adulto (18+)",2023,29,2023-07-16,1061,"Adulto (18+)","Dengue"
"NACIONAL_Adulto (18+)",2023,30,2023-07-23,1014,"Adulto (18+)","Dengue"
"NACIONAL_Adulto (18+)",2023,31,2023-07-30,1135,"Adulto (18+)","Dengue"
"NACIONAL_Adulto (18+)",2023,32,2023-08-06,1082,"Adulto (18+)","Dengue"
"NACIONAL_Adulto (18+)",2023,33,2023-08-13,1078,"Adulto (18+)","Dengue"
"NACIONAL_Adulto (18+)",2023,34,2023-08-20,1129,"Adulto (18+)","Dengue"
"NACIONAL_Adulto (18+)",2023,35,2023-08-27,1144,"Adulto (18+)","Dengue"
"NACIONAL_Adulto (18+)",2023,36,2023-09-03,1118,"Adulto (18+)","Dengue"
"NACIONAL_Adulto (18+)",2023,37,2023-09-10,1094,"Adulto (18+)","Dengue"
"NACIONAL_Adulto (18+)",2023,38,2023-09-17,1198,"Adulto (18+)","Dengue"
"NACIONAL_Adulto (18+)",2023,39,2023-09-24,1152,"Adulto (18+)","Dengue"
"NACIONAL_Adulto (18+)",2023,40,2023-10-01,1324,"Adulto (18+)","Dengue"
"NACIONAL_Adulto (18+)",2023,41,2023-10-08,1289,"Adulto (18+)","Dengue"
"NACIONAL_Adulto (18+)",2023,42,2023-10-15,1344,"Adulto (18+)","Dengue"
"NACIONAL_Adulto (18+)",2023,43,2023-10-22,1430,"Adulto (18+)","Dengue"
"NACIONAL_Adulto (18+)",2023,44,2023-10-29,1286,"Adulto (18+)","Dengue"
"NACIONAL_Adulto (18+)",2023,45,2023-11-05,1357,"Adulto (18+)","Dengue"
"NACIONAL_Adulto (18+)",2023,46,2023-11-12,1616,"Adulto (18+)","Dengue"
"NACIONAL_Adulto (18+)",2023,47,2023-11-19,1714,"Adulto (18+)","Dengue"
"NACIONAL_Adulto (18+)",2023,48,2023-11-26,1800,"Adulto (18+)","Dengue"
"NACIONAL_Adulto (18+)",2023,49,2023-12-03,1931,"Adulto (18+)","Dengue"
"NACIONAL_Adulto (18+)",2023,50,2023-12-10,2097,"Adulto (18+)","Dengue"
"NACIONAL_Adulto (18+)",2023,51,2023-12-17,1972,"Adulto (18+)","Dengue"
"NACIONAL_Adulto (18+)",2023,52,2023-12-24,2065,"Adulto (18+)","Dengue"
"NACIONAL_Adulto (18+)",2024,1,2024-01-01,2558,"Adulto (18+)","Dengue"
"NACIONAL_Adulto (18+)",2024,2,2024-01-08,2475,"Adulto (18+)","Dengue"
"NACIONAL_Adulto (18+)",2024,3,2024-01-15,2446,"Adulto (18+)","Dengue"
"NACIONAL_Adulto (18+)",2024,4,2024-01-22,2415,"Adulto (18+)","Dengue"
"NACIONAL_Adulto (18+)",2024,5,2024-01-29,2607,"Adulto (18+)","Dengue"
"NACIONAL_Adulto (18+)",2024,6,2024-02-05,2800,"Adulto (18+)","Dengue"
"NACIONAL_Adulto (18+)",2024,7,2024-02-12,2890,"Adulto (18+)","Dengue"
"NACIONAL_Adulto (18+)",2024,8,2024-02-19,3006,"Adulto (18+)","Dengue"
"NACIONAL_Adulto (18+)",2024,9,2024-02-26,3205,"Adulto (18+)","Dengue"
"NACIONAL_Adulto (18+)",2024,10,2024-03-04,3367,"Adulto (18+)","Dengue"
"NACIONAL_Adulto (18+)",2024,11,2024-03-11,3735,"Adulto (18+)","Dengue"
"NACIONAL_Adulto (18+)",2024,12,2024-03-18,3692,"Adulto (18+)","Dengue"
"NACIONAL_Adulto (18+)",2024,13,2024-03-25,3545,"Adulto (18+)","Dengue"
"NACIONAL_Adulto (18+)",2024,14,2024-04-01,4404,"Adulto (18+)","Dengue"
"NACIONAL_Adulto (18+)",2024,15,2024-04-08,3993,"Adulto (18+)","Dengue"
"NACIONAL_Adulto (18+)",2024,16,2024-04-15,4504,"Adulto (18+)","Dengue"
"NACIONAL_Adulto (18+)",2024,17,2024-04-22,4136,"Adulto (18+)","Dengue"
"NACIONAL_Adulto (18+)",2024,18,2024-04-29,4449,"Adulto (18+)","Dengue"
"NACIONAL_Adulto (18+)",2024,19,2024-05-06,4268,"Adulto (18+)","Dengue"
"NACIONAL_Adulto (18+)",2024,20,2024-05-13,4768,"Adulto (18+)","Dengue"
"NACIONAL_Adulto (18+)",2024,21,2024-05-20,5029,"Adulto (18+)","Dengue"
"NACIONAL_Adulto (18+)",2024,22,2024-05-27,4908,"Adulto (18+)","Dengue"
"NACIONAL_Adulto (18+)",2024,23,2024-06-03,4956,"Adulto (18+)","Dengue"
"NACIONAL_Adulto (18+)",2024,24,2024-06-10,5238,"Adulto (18+)","Dengue"
"NACIONAL_Adulto (18+)",2024,25,2024-06-17,4832,"Adulto (18+)","Dengue"
"NACIONAL_Adulto (18+)",2024,26,2024-06-24,4132,"Adulto (18+)","Dengue"
"NACIONAL_Adulto (18+)",2024,27,2024-07-01,4339,"Adulto (18+)","Dengue"
"NACIONAL_Adulto (18+)",2024,28,2024-07-08,4133,"Adulto (18+)","Dengue"
"NACIONAL_Adulto (18+)",2024,29,2024-07-15,3977,"Adulto (18+)","Dengue"
"NACIONAL_Adulto (18+)",2024,30,2024-07-22,3531,"Adulto (18+)","Dengue"
"NACIONAL_Adulto (18+)",2024,31,2024-07-29,3337,"Adulto (18+)","Dengue"
"NACIONAL_Adulto (18+)",2024,32,2024-08-05,2955,"Adulto (18+)","Dengue"
"NACIONAL_Adulto (18+)",2024,33,2024-08-12,2614,"Adulto (18+)","Dengue"
"NACIONAL_Adulto (18+)",2024,34,2024-08-19,2673,"Adulto (18+)","Dengue"
"NACIONAL_Adulto (18+)",2024,35,2024-08-26,2460,"Adulto (18+)","Dengue"
"NACIONAL_Adulto (18+)",2024,36,2024-09-02,2427,"Adulto (18+)","Dengue"
"NACIONAL_Adulto (18+)",2024,37,2024-09-09,2375,"Adulto (18+)","Dengue"
"NACIONAL_Adulto (18+)",2024,38,2024-09-16,2280,"Adulto (18+)","Dengue"
"NACIONAL_Adulto (18+)",2024,39,2024-09-23,2046,"Adulto (18+)","Dengue"
"NACIONAL_Adulto (18+)",2024,40,2024-09-30,2010,"Adulto (18+)","Dengue"
"NACIONAL_Adulto (18+)",2024,41,2024-10-07,1867,"Adulto (18+)","Dengue"
"NACIONAL_Adulto (18+)",2024,42,2024-10-14,2007,"Adulto (18+)","Dengue"
"NACIONAL_Adulto (18+)",2024,43,2024-10-21,1933,"Adulto (18+)","Dengue"
"NACIONAL_Adulto (18+)",2024,44,2024-10-28,1874,"Adulto (18+)","Dengue"
"NACIONAL_Adulto (18+)",2024,45,2024-11-04,1764,"Adulto (18+)","Dengue"
"NACIONAL_Adulto (18+)",2024,46,2024-11-11,1769,"Adulto (18+)","Dengue"
"NACIONAL_Adulto (18+)",2024,47,2024-11-18,1743,"Adulto (18+)","Dengue"
"NACIONAL_Adulto (18+)",2024,48,2024-11-25,1726,"Adulto (18+)","Dengue"
"NACIONAL_Adulto (18+)",2024,49,2024-12-02,1929,"Adulto (18+)","Dengue"
"NACIONAL_Adulto (18+)",2024,50,2024-12-09,2014,"Adulto (18+)","Dengue"
"NACIONAL_Adulto (18+)",2024,51,2024-12-16,1775,"Adulto (18+)","Dengue"
"NACIONAL_Adulto (18+)",2024,52,2024-12-23,1761,"Adulto (18+)","Dengue"
"NACIONAL_Adulto (18+)",2025,1,2025-01-01,1839,"Adulto (18+)","Dengue"
"NACIONAL_Adulto (18+)",2025,2,2025-01-08,2031,"Adulto (18+)","Dengue"
"NACIONAL_Adulto (18+)",2025,3,2025-01-15,1884,"Adulto (18+)","Dengue"
"NACIONAL_Adulto (18+)",2025,4,2025-01-22,1786,"Adulto (18+)","Dengue"
"NACIONAL_Adulto (18+)",2025,5,2025-01-29,1725,"Adulto (18+)","Dengue"
"NACIONAL_Adulto (18+)",2025,6,2025-02-05,1579,"Adulto (18+)","Dengue"
"NACIONAL_Adulto (18+)",2025,7,2025-02-12,1514,"Adulto (18+)","Dengue"
"NACIONAL_Adulto (18+)",2025,8,2025-02-19,1308,"Adulto (18+)","Dengue"
"NACIONAL_Adulto (18+)",2025,9,2025-02-26,1280,"Adulto (18+)","Dengue"
"NACIONAL_Adulto (18+)",2025,10,2025-03-05,1363,"Adulto (18+)","Dengue"
"NACIONAL_Adulto (18+)",2025,11,2025-03-12,1182,"Adulto (18+)","Dengue"
"NACIONAL_Adulto (18+)",2025,12,2025-03-19,1244,"Adulto (18+)","Dengue"
"NACIONAL_Adulto (18+)",2025,13,2025-03-26,1148,"Adulto (18+)","Dengue"
"NACIONAL_Adulto (18+)",2025,14,2025-04-02,1271,"Adulto (18+)","Dengue"
"NACIONAL_Adulto (18+)",2025,15,2025-04-09,1276,"Adulto (18+)","Dengue"
"NACIONAL_Adulto (18+)",2025,16,2025-04-16,1474,"Adulto (18+)","Dengue"
"NACIONAL_Adulto (18+)",2025,17,2025-04-23,1628,"Adulto (18+)","Dengue"
"NACIONAL_Adulto (18+)",2025,18,2025-04-30,1493,"Adulto (18+)","Dengue"
"NACIONAL_Adulto (18+)",2025,19,2025-05-07,1547,"Adulto (18+)","Dengue"
"NACIONAL_Adulto (18+)",2025,20,2025-05-14,1310,"Adulto (18+)","Dengue"
"NACIONAL_Adulto (18+)",2025,21,2025-05-21,1311,"Adulto (18+)","Dengue"
"NACIONAL_Adulto (18+)",2025,22,2025-05-28,1189,"Adulto (18+)","Dengue"
"NACIONAL_Adulto (18+)",2025,23,2025-06-04,1180,"Adulto (18+)","Dengue"
"NACIONAL_Adulto (18+)",2025,24,2025-06-11,1079,"Adulto (18+)","Dengue"
"NACIONAL_Adulto (18+)",2025,25,2025-06-18,928,"Adulto (18+)","Dengue"
"NACIONAL_Adulto (18+)",2025,26,2025-06-25,923,"Adulto (18+)","Dengue"
"NACIONAL_Adulto (18+)",2025,27,2025-07-02,1028,"Adulto (18+)","Dengue"
"NACIONAL_Adulto (18+)",2025,28,2025-07-09,955,"Adulto (18+)","Dengue"
"NACIONAL_Adulto (18+)",2025,29,2025-07-16,866,"Adulto (18+)","Dengue"
"NACIONAL_Adulto (18+)",2025,30,2025-07-23,828,"Adulto (18+)","Dengue"
"NACIONAL_Adulto (18+)",2025,31,2025-07-30,820,"Adulto (18+)","Dengue"
"NACIONAL_Adulto (18+)",2025,32,2025-08-06,706,"Adulto (18+)","Dengue"
"NACIONAL_Adulto (18+)",2025,33,2025-08-13,637,"Adulto (18+)","Dengue"
"NACIONAL_Adulto (18+)",2025,34,2025-08-20,633,"Adulto (18+)","Dengue"
"NACIONAL_Adulto (18+)",2025,35,2025-08-27,638,"Adulto (18+)","Dengue"
"NACIONAL_Adulto (18+)",2025,36,2025-09-03,617,"Adulto (18+)","Dengue"
"NACIONAL_Adulto (18+)",2025,37,2025-09-10,615,"Adulto (18+)","Dengue"
"NACIONAL_Adulto (18+)",2025,38,2025-09-17,556,"Adulto (18+)","Dengue"
"NACIONAL_Adulto (18+)",2025,39,2025-09-24,565,"Adulto (18+)","Dengue"
"NACIONAL_Adulto (18+)",2025,40,2025-10-01,565,"Adulto (18+)","Dengue"
"NACIONAL_Adulto (18+)",2025,41,2025-10-08,518,"Adulto (18+)","Dengue"
"NACIONAL_Adulto (18+)",2025,42,2025-10-15,551,"Adulto (18+)","Dengue"
"NACIONAL_Adulto (18+)",2025,43,2025-10-22,561,"Adulto (18+)","Dengue"
"NACIONAL_Adulto (18+)",2025,44,2025-10-29,590,"Adulto (18+)","Dengue"
"NACIONAL_Adulto (18+)",2025,45,2025-11-05,673,"Adulto (18+)","Dengue"
"NACIONAL_Adulto (18+)",2025,46,2025-11-12,692,"Adulto (18+)","Dengue"
"NACIONAL_Adulto (18+)",2025,47,2025-11-19,688,"Adulto (18+)","Dengue"
"NACIONAL_Adulto (18+)",2025,48,2025-11-26,682,"Adulto (18+)","Dengue"
"NACIONAL_Adulto (18+)",2025,49,2025-12-03,742,"Adulto (18+)","Dengue"
"NACIONAL_Adulto (18+)",2025,50,2025-12-10,780,"Adulto (18+)","Dengue"
"NACIONAL_Adulto (18+)",2025,51,2025-12-17,742,"Adulto (18+)","Dengue"
"NACIONAL_Adulto (18+)",2025,52,2025-12-24,689,"Adulto (18+)","Dengue"
"NACIONAL_Adulto (18+)",2025,53,2025-12-31,851,"Adulto (18+)","Dengue"
"NACIONAL_Joven (0-17)",2020,1,2020-01-01,1822,"Joven (0-17)","Dengue"
"NACIONAL_Joven (0-17)",2020,2,2020-01-08,1961,"Joven (0-17)","Dengue"
"NACIONAL_Joven (0-17)",2020,3,2020-01-15,2147,"Joven (0-17)","Dengue"
"NACIONAL_Joven (0-17)",2020,4,2020-01-22,2145,"Joven (0-17)","Dengue"
"NACIONAL_Joven (0-17)",2020,5,2020-01-29,2238,"Joven (0-17)","Dengue"
"NACIONAL_Joven (0-17)",2020,6,2020-02-05,2289,"Joven (0-17)","Dengue"
"NACIONAL_Joven (0-17)",2020,7,2020-02-12,2058,"Joven (0-17)","Dengue"
"NACIONAL_Joven (0-17)",2020,8,2020-02-19,1899,"Joven (0-17)","Dengue"
"NACIONAL_Joven (0-17)",2020,9,2020-02-26,1887,"Joven (0-17)","Dengue"
"NACIONAL_Joven (0-17)",2020,10,2020-03-04,1890,"Joven (0-17)","Dengue"
"NACIONAL_Joven (0-17)",2020,11,2020-03-11,1677,"Joven (0-17)","Dengue"
"NACIONAL_Joven (0-17)",2020,12,2020-03-18,1034,"Joven (0-17)","Dengue"
"NACIONAL_Joven (0-17)",2020,13,2020-03-25,993,"Joven (0-17)","Dengue"
"NACIONAL_Joven (0-17)",2020,14,2020-04-01,933,"Joven (0-17)","Dengue"
"NACIONAL_Joven (0-17)",2020,15,2020-04-08,850,"Joven (0-17)","Dengue"
"NACIONAL_Joven (0-17)",2020,16,2020-04-15,843,"Joven (0-17)","Dengue"
"NACIONAL_Joven (0-17)",2020,17,2020-04-22,833,"Joven (0-17)","Dengue"
"NACIONAL_Joven (0-17)",2020,18,2020-04-29,785,"Joven (0-17)","Dengue"
"NACIONAL_Joven (0-17)",2020,19,2020-05-06,788,"Joven (0-17)","Dengue"
"NACIONAL_Joven (0-17)",2020,20,2020-05-13,773,"Joven (0-17)","Dengue"
"NACIONAL_Joven (0-17)",2020,21,2020-05-20,737,"Joven (0-17)","Dengue"
"NACIONAL_Joven (0-17)",2020,22,2020-05-27,606,"Joven (0-17)","Dengue"
"NACIONAL_Joven (0-17)",2020,23,2020-06-03,610,"Joven (0-17)","Dengue"
"NACIONAL_Joven (0-17)",2020,24,2020-06-10,519,"Joven (0-17)","Dengue"
"NACIONAL_Joven (0-17)",2020,25,2020-06-17,511,"Joven (0-17)","Dengue"
"NACIONAL_Joven (0-17)",2020,26,2020-06-24,407,"Joven (0-17)","Dengue"
"NACIONAL_Joven (0-17)",2020,27,2020-07-01,460,"Joven (0-17)","Dengue"
"NACIONAL_Joven (0-17)",2020,28,2020-07-08,401,"Joven (0-17)","Dengue"
"NACIONAL_Joven (0-17)",2020,29,2020-07-15,324,"Joven (0-17)","Dengue"
"NACIONAL_Joven (0-17)",2020,30,2020-07-22,338,"Joven (0-17)","Dengue"
"NACIONAL_Joven (0-17)",2020,31,2020-07-29,297,"Joven (0-17)","Dengue"
"NACIONAL_Joven (0-17)",2020,32,2020-08-05,330,"Joven (0-17)","Dengue"
"NACIONAL_Joven (0-17)",2020,33,2020-08-12,291,"Joven (0-17)","Dengue"
"NACIONAL_Joven (0-17)",2020,34,2020-08-19,318,"Joven (0-17)","Dengue"
"NACIONAL_Joven (0-17)",2020,35,2020-08-26,338,"Joven (0-17)","Dengue"
"NACIONAL_Joven (0-17)",2020,36,2020-09-02,289,"Joven (0-17)","Dengue"
"NACIONAL_Joven (0-17)",2020,37,2020-09-09,328,"Joven (0-17)","Dengue"
"NACIONAL_Joven (0-17)",2020,38,2020-09-16,343,"Joven (0-17)","Dengue"
"NACIONAL_Joven (0-17)",2020,39,2020-09-23,341,"Joven (0-17)","Dengue"
"NACIONAL_Joven (0-17)",2020,40,2020-09-30,343,"Joven (0-17)","Dengue"
"NACIONAL_Joven (0-17)",2020,41,2020-10-07,368,"Joven (0-17)","Dengue"
"NACIONAL_Joven (0-17)",2020,42,2020-10-14,382,"Joven (0-17)","Dengue"
"NACIONAL_Joven (0-17)",2020,43,2020-10-21,334,"Joven (0-17)","Dengue"
"NACIONAL_Joven (0-17)",2020,44,2020-10-28,325,"Joven (0-17)","Dengue"
"NACIONAL_Joven (0-17)",2020,45,2020-11-04,375,"Joven (0-17)","Dengue"
"NACIONAL_Joven (0-17)",2020,46,2020-11-11,349,"Joven (0-17)","Dengue"
"NACIONAL_Joven (0-17)",2020,47,2020-11-18,365,"Joven (0-17)","Dengue"
"NACIONAL_Joven (0-17)",2020,48,2020-11-25,336,"Joven (0-17)","Dengue"
"NACIONAL_Joven (0-17)",2020,49,2020-12-02,400,"Joven (0-17)","Dengue"
"NACIONAL_Joven (0-17)",2020,50,2020-12-09,382,"Joven (0-17)","Dengue"
"NACIONAL_Joven (0-17)",2020,51,2020-12-16,442,"Joven (0-17)","Dengue"
"NACIONAL_Joven (0-17)",2020,52,2020-12-23,387,"Joven (0-17)","Dengue"
"NACIONAL_Joven (0-17)",2020,53,2020-12-30,397,"Joven (0-17)","Dengue"
"NACIONAL_Joven (0-17)",2021,1,2021-01-01,385,"Joven (0-17)","Dengue"
"NACIONAL_Joven (0-17)",2021,2,2021-01-08,385,"Joven (0-17)","Dengue"
"NACIONAL_Joven (0-17)",2021,3,2021-01-15,397,"Joven (0-17)","Dengue"
"NACIONAL_Joven (0-17)",2021,4,2021-01-22,421,"Joven (0-17)","Dengue"
"NACIONAL_Joven (0-17)",2021,5,2021-01-29,425,"Joven (0-17)","Dengue"
"NACIONAL_Joven (0-17)",2021,6,2021-02-05,462,"Joven (0-17)","Dengue"
"NACIONAL_Joven (0-17)",2021,7,2021-02-12,462,"Joven (0-17)","Dengue"
"NACIONAL_Joven (0-17)",2021,8,2021-02-19,439,"Joven (0-17)","Dengue"
"NACIONAL_Joven (0-17)",2021,9,2021-02-26,433,"Joven (0-17)","Dengue"
"NACIONAL_Joven (0-17)",2021,10,2021-03-05,357,"Joven (0-17)","Dengue"
"NACIONAL_Joven (0-17)",2021,11,2021-03-12,323,"Joven (0-17)","Dengue"
"NACIONAL_Joven (0-17)",2021,12,2021-03-19,312,"Joven (0-17)","Dengue"
"NACIONAL_Joven (0-17)",2021,13,2021-03-26,276,"Joven (0-17)","Dengue"
"NACIONAL_Joven (0-17)",2021,14,2021-04-02,313,"Joven (0-17)","Dengue"
"NACIONAL_Joven (0-17)",2021,15,2021-04-09,325,"Joven (0-17)","Dengue"
"NACIONAL_Joven (0-17)",2021,16,2021-04-16,260,"Joven (0-17)","Dengue"
"NACIONAL_Joven (0-17)",2021,17,2021-04-23,248,"Joven (0-17)","Dengue"
"NACIONAL_Joven (0-17)",2021,18,2021-04-30,255,"Joven (0-17)","Dengue"
"NACIONAL_Joven (0-17)",2021,19,2021-05-07,275,"Joven (0-17)","Dengue"
"NACIONAL_Joven (0-17)",2021,20,2021-05-14,311,"Joven (0-17)","Dengue"
"NACIONAL_Joven (0-17)",2021,21,2021-05-21,279,"Joven (0-17)","Dengue"
"NACIONAL_Joven (0-17)",2021,22,2021-05-28,355,"Joven (0-17)","Dengue"
"NACIONAL_Joven (0-17)",2021,23,2021-06-04,319,"Joven (0-17)","Dengue"
"NACIONAL_Joven (0-17)",2021,24,2021-06-11,306,"Joven (0-17)","Dengue"
"NACIONAL_Joven (0-17)",2021,25,2021-06-18,323,"Joven (0-17)","Dengue"
"NACIONAL_Joven (0-17)",2021,26,2021-06-25,378,"Joven (0-17)","Dengue"
"NACIONAL_Joven (0-17)",2021,27,2021-07-02,392,"Joven (0-17)","Dengue"
"NACIONAL_Joven (0-17)",2021,28,2021-07-09,406,"Joven (0-17)","Dengue"
"NACIONAL_Joven (0-17)",2021,29,2021-07-16,454,"Joven (0-17)","Dengue"
"NACIONAL_Joven (0-17)",2021,30,2021-07-23,439,"Joven (0-17)","Dengue"
"NACIONAL_Joven (0-17)",2021,31,2021-07-30,547,"Joven (0-17)","Dengue"
"NACIONAL_Joven (0-17)",2021,32,2021-08-06,564,"Joven (0-17)","Dengue"
"NACIONAL_Joven (0-17)",2021,33,2021-08-13,566,"Joven (0-17)","Dengue"
"NACIONAL_Joven (0-17)",2021,34,2021-08-20,601,"Joven (0-17)","Dengue"
"NACIONAL_Joven (0-17)",2021,35,2021-08-27,703,"Joven (0-17)","Dengue"
"NACIONAL_Joven (0-17)",2021,36,2021-09-03,762,"Joven (0-17)","Dengue"
"NACIONAL_Joven (0-17)",2021,37,2021-09-10,768,"Joven (0-17)","Dengue"
"NACIONAL_Joven (0-17)",2021,38,2021-09-17,914,"Joven (0-17)","Dengue"
"NACIONAL_Joven (0-17)",2021,39,2021-09-24,973,"Joven (0-17)","Dengue"
"NACIONAL_Joven (0-17)",2021,40,2021-10-01,963,"Joven (0-17)","Dengue"
"NACIONAL_Joven (0-17)",2021,41,2021-10-08,1082,"Joven (0-17)","Dengue"
"NACIONAL_Joven (0-17)",2021,42,2021-10-15,1020,"Joven (0-17)","Dengue"
"NACIONAL_Joven (0-17)",2021,43,2021-10-22,1063,"Joven (0-17)","Dengue"
"NACIONAL_Joven (0-17)",2021,44,2021-10-29,1206,"Joven (0-17)","Dengue"
"NACIONAL_Joven (0-17)",2021,45,2021-11-05,1287,"Joven (0-17)","Dengue"
"NACIONAL_Joven (0-17)",2021,46,2021-11-12,1397,"Joven (0-17)","Dengue"
"NACIONAL_Joven (0-17)",2021,47,2021-11-19,1273,"Joven (0-17)","Dengue"
"NACIONAL_Joven (0-17)",2021,48,2021-11-26,1169,"Joven (0-17)","Dengue"
"NACIONAL_Joven (0-17)",2021,49,2021-12-03,1129,"Joven (0-17)","Dengue"
"NACIONAL_Joven (0-17)",2021,50,2021-12-10,1071,"Joven (0-17)","Dengue"
"NACIONAL_Joven (0-17)",2021,51,2021-12-17,980,"Joven (0-17)","Dengue"
"NACIONAL_Joven (0-17)",2021,52,2021-12-24,840,"Joven (0-17)","Dengue"
"NACIONAL_Joven (0-17)",2022,1,2022-01-01,640,"Joven (0-17)","Dengue"
"NACIONAL_Joven (0-17)",2022,2,2022-01-08,535,"Joven (0-17)","Dengue"
"NACIONAL_Joven (0-17)",2022,3,2022-01-15,565,"Joven (0-17)","Dengue"
"NACIONAL_Joven (0-17)",2022,4,2022-01-22,544,"Joven (0-17)","Dengue"
"NACIONAL_Joven (0-17)",2022,5,2022-01-29,632,"Joven (0-17)","Dengue"
"NACIONAL_Joven (0-17)",2022,6,2022-02-05,637,"Joven (0-17)","Dengue"
"NACIONAL_Joven (0-17)",2022,7,2022-02-12,536,"Joven (0-17)","Dengue"
"NACIONAL_Joven (0-17)",2022,8,2022-02-19,508,"Joven (0-17)","Dengue"
"NACIONAL_Joven (0-17)",2022,9,2022-02-26,497,"Joven (0-17)","Dengue"
"NACIONAL_Joven (0-17)",2022,10,2022-03-05,530,"Joven (0-17)","Dengue"
"NACIONAL_Joven (0-17)",2022,11,2022-03-12,504,"Joven (0-17)","Dengue"
"NACIONAL_Joven (0-17)",2022,12,2022-03-19,556,"Joven (0-17)","Dengue"
"NACIONAL_Joven (0-17)",2022,13,2022-03-26,596,"Joven (0-17)","Dengue"
"NACIONAL_Joven (0-17)",2022,14,2022-04-02,561,"Joven (0-17)","Dengue"
"NACIONAL_Joven (0-17)",2022,15,2022-04-09,535,"Joven (0-17)","Dengue"
"NACIONAL_Joven (0-17)",2022,16,2022-04-16,661,"Joven (0-17)","Dengue"
"NACIONAL_Joven (0-17)",2022,17,2022-04-23,680,"Joven (0-17)","Dengue"
"NACIONAL_Joven (0-17)",2022,18,2022-04-30,764,"Joven (0-17)","Dengue"
"NACIONAL_Joven (0-17)",2022,19,2022-05-07,876,"Joven (0-17)","Dengue"
"NACIONAL_Joven (0-17)",2022,20,2022-05-14,889,"Joven (0-17)","Dengue"
"NACIONAL_Joven (0-17)",2022,21,2022-05-21,953,"Joven (0-17)","Dengue"
"NACIONAL_Joven (0-17)",2022,22,2022-05-28,972,"Joven (0-17)","Dengue"
"NACIONAL_Joven (0-17)",2022,23,2022-06-04,902,"Joven (0-17)","Dengue"
"NACIONAL_Joven (0-17)",2022,24,2022-06-11,757,"Joven (0-17)","Dengue"
"NACIONAL_Joven (0-17)",2022,25,2022-06-18,735,"Joven (0-17)","Dengue"
"NACIONAL_Joven (0-17)",2022,26,2022-06-25,805,"Joven (0-17)","Dengue"
"NACIONAL_Joven (0-17)",2022,27,2022-07-02,859,"Joven (0-17)","Dengue"
"NACIONAL_Joven (0-17)",2022,28,2022-07-09,945,"Joven (0-17)","Dengue"
"NACIONAL_Joven (0-17)",2022,29,2022-07-16,992,"Joven (0-17)","Dengue"
"NACIONAL_Joven (0-17)",2022,30,2022-07-23,821,"Joven (0-17)","Dengue"
"NACIONAL_Joven (0-17)",2022,31,2022-07-30,947,"Joven (0-17)","Dengue"
"NACIONAL_Joven (0-17)",2022,32,2022-08-06,858,"Joven (0-17)","Dengue"
"NACIONAL_Joven (0-17)",2022,33,2022-08-13,902,"Joven (0-17)","Dengue"
"NACIONAL_Joven (0-17)",2022,34,2022-08-20,850,"Joven (0-17)","Dengue"
"NACIONAL_Joven (0-17)",2022,35,2022-08-27,932,"Joven (0-17)","Dengue"
"NACIONAL_Joven (0-17)",2022,36,2022-09-03,853,"Joven (0-17)","Dengue"
"NACIONAL_Joven (0-17)",2022,37,2022-09-10,744,"Joven (0-17)","Dengue"
"NACIONAL_Joven (0-17)",2022,38,2022-09-17,791,"Joven (0-17)","Dengue"
"NACIONAL_Joven (0-17)",2022,39,2022-09-24,772,"Joven (0-17)","Dengue"
"NACIONAL_Joven (0-17)",2022,40,2022-10-01,843,"Joven (0-17)","Dengue"
"NACIONAL_Joven (0-17)",2022,41,2022-10-08,855,"Joven (0-17)","Dengue"
"NACIONAL_Joven (0-17)",2022,42,2022-10-15,984,"Joven (0-17)","Dengue"
"NACIONAL_Joven (0-17)",2022,43,2022-10-22,951,"Joven (0-17)","Dengue"
"NACIONAL_Joven (0-17)",2022,44,2022-10-29,1003,"Joven (0-17)","Dengue"
"NACIONAL_Joven (0-17)",2022,45,2022-11-05,965,"Joven (0-17)","Dengue"
"NACIONAL_Joven (0-17)",2022,46,2022-11-12,1019,"Joven (0-17)","Dengue"
"NACIONAL_Joven (0-17)",2022,47,2022-11-19,1037,"Joven (0-17)","Dengue"
"NACIONAL_Joven (0-17)",2022,48,2022-11-26,1003,"Joven (0-17)","Dengue"
"NACIONAL_Joven (0-17)",2022,49,2022-12-03,1107,"Joven (0-17)","Dengue"
"NACIONAL_Joven (0-17)",2022,50,2022-12-10,1037,"Joven (0-17)","Dengue"
"NACIONAL_Joven (0-17)",2022,51,2022-12-17,1018,"Joven (0-17)","Dengue"
"NACIONAL_Joven (0-17)",2022,52,2022-12-24,1018,"Joven (0-17)","Dengue"
"NACIONAL_Joven (0-17)",2023,1,2023-01-01,1059,"Joven (0-17)","Dengue"
"NACIONAL_Joven (0-17)",2023,2,2023-01-08,901,"Joven (0-17)","Dengue"
"NACIONAL_Joven (0-17)",2023,3,2023-01-15,1021,"Joven (0-17)","Dengue"
"NACIONAL_Joven (0-17)",2023,4,2023-01-22,949,"Joven (0-17)","Dengue"
"NACIONAL_Joven (0-17)",2023,5,2023-01-29,997,"Joven (0-17)","Dengue"
"NACIONAL_Joven (0-17)",2023,6,2023-02-05,1075,"Joven (0-17)","Dengue"
"NACIONAL_Joven (0-17)",2023,7,2023-02-12,901,"Joven (0-17)","Dengue"
"NACIONAL_Joven (0-17)",2023,8,2023-02-19,839,"Joven (0-17)","Dengue"
"NACIONAL_Joven (0-17)",2023,9,2023-02-26,931,"Joven (0-17)","Dengue"
"NACIONAL_Joven (0-17)",2023,10,2023-03-05,857,"Joven (0-17)","Dengue"
"NACIONAL_Joven (0-17)",2023,11,2023-03-12,955,"Joven (0-17)","Dengue"
"NACIONAL_Joven (0-17)",2023,12,2023-03-19,1006,"Joven (0-17)","Dengue"
"NACIONAL_Joven (0-17)",2023,13,2023-03-26,923,"Joven (0-17)","Dengue"
"NACIONAL_Joven (0-17)",2023,14,2023-04-02,805,"Joven (0-17)","Dengue"
"NACIONAL_Joven (0-17)",2023,15,2023-04-09,1017,"Joven (0-17)","Dengue"
"NACIONAL_Joven (0-17)",2023,16,2023-04-16,1030,"Joven (0-17)","Dengue"
"NACIONAL_Joven (0-17)",2023,17,2023-04-23,1043,"Joven (0-17)","Dengue"
"NACIONAL_Joven (0-17)",2023,18,2023-04-30,1298,"Joven (0-17)","Dengue"
"NACIONAL_Joven (0-17)",2023,19,2023-05-07,1265,"Joven (0-17)","Dengue"
"NACIONAL_Joven (0-17)",2023,20,2023-05-14,1259,"Joven (0-17)","Dengue"
"NACIONAL_Joven (0-17)",2023,21,2023-05-21,1152,"Joven (0-17)","Dengue"
"NACIONAL_Joven (0-17)",2023,22,2023-05-28,1322,"Joven (0-17)","Dengue"
"NACIONAL_Joven (0-17)",2023,23,2023-06-04,1273,"Joven (0-17)","Dengue"
"NACIONAL_Joven (0-17)",2023,24,2023-06-11,1122,"Joven (0-17)","Dengue"
"NACIONAL_Joven (0-17)",2023,25,2023-06-18,1137,"Joven (0-17)","Dengue"
"NACIONAL_Joven (0-17)",2023,26,2023-06-25,1169,"Joven (0-17)","Dengue"
"NACIONAL_Joven (0-17)",2023,27,2023-07-02,1292,"Joven (0-17)","Dengue"
"NACIONAL_Joven (0-17)",2023,28,2023-07-09,1445,"Joven (0-17)","Dengue"
"NACIONAL_Joven (0-17)",2023,29,2023-07-16,1539,"Joven (0-17)","Dengue"
"NACIONAL_Joven (0-17)",2023,30,2023-07-23,1444,"Joven (0-17)","Dengue"
"NACIONAL_Joven (0-17)",2023,31,2023-07-30,1517,"Joven (0-17)","Dengue"
"NACIONAL_Joven (0-17)",2023,32,2023-08-06,1414,"Joven (0-17)","Dengue"
"NACIONAL_Joven (0-17)",2023,33,2023-08-13,1335,"Joven (0-17)","Dengue"
"NACIONAL_Joven (0-17)",2023,34,2023-08-20,1416,"Joven (0-17)","Dengue"
"NACIONAL_Joven (0-17)",2023,35,2023-08-27,1497,"Joven (0-17)","Dengue"
"NACIONAL_Joven (0-17)",2023,36,2023-09-03,1528,"Joven (0-17)","Dengue"
"NACIONAL_Joven (0-17)",2023,37,2023-09-10,1526,"Joven (0-17)","Dengue"
"NACIONAL_Joven (0-17)",2023,38,2023-09-17,1568,"Joven (0-17)","Dengue"
"NACIONAL_Joven (0-17)",2023,39,2023-09-24,1479,"Joven (0-17)","Dengue"
"NACIONAL_Joven (0-17)",2023,40,2023-10-01,1559,"Joven (0-17)","Dengue"
"NACIONAL_Joven (0-17)",2023,41,2023-10-08,1456,"Joven (0-17)","Dengue"
"NACIONAL_Joven (0-17)",2023,42,2023-10-15,1722,"Joven (0-17)","Dengue"
"NACIONAL_Joven (0-17)",2023,43,2023-10-22,1669,"Joven (0-17)","Dengue"
"NACIONAL_Joven (0-17)",2023,44,2023-10-29,1645,"Joven (0-17)","Dengue"
"NACIONAL_Joven (0-17)",2023,45,2023-11-05,1746,"Joven (0-17)","Dengue"
"NACIONAL_Joven (0-17)",2023,46,2023-11-12,1886,"Joven (0-17)","Dengue"
"NACIONAL_Joven (0-17)",2023,47,2023-11-19,1988,"Joven (0-17)","Dengue"
"NACIONAL_Joven (0-17)",2023,48,2023-11-26,2113,"Joven (0-17)","Dengue"
"NACIONAL_Joven (0-17)",2023,49,2023-12-03,2233,"Joven (0-17)","Dengue"
"NACIONAL_Joven (0-17)",2023,50,2023-12-10,2299,"Joven (0-17)","Dengue"
"NACIONAL_Joven (0-17)",2023,51,2023-12-17,2223,"Joven (0-17)","Dengue"
"NACIONAL_Joven (0-17)",2023,52,2023-12-24,2150,"Joven (0-17)","Dengue"
"NACIONAL_Joven (0-17)",2024,1,2024-01-01,2375,"Joven (0-17)","Dengue"
"NACIONAL_Joven (0-17)",2024,2,2024-01-08,2347,"Joven (0-17)","Dengue"
"NACIONAL_Joven (0-17)",2024,3,2024-01-15,2637,"Joven (0-17)","Dengue"
"NACIONAL_Joven (0-17)",2024,4,2024-01-22,2836,"Joven (0-17)","Dengue"
"NACIONAL_Joven (0-17)",2024,5,2024-01-29,3048,"Joven (0-17)","Dengue"
"NACIONAL_Joven (0-17)",2024,6,2024-02-05,3239,"Joven (0-17)","Dengue"
"NACIONAL_Joven (0-17)",2024,7,2024-02-12,3434,"Joven (0-17)","Dengue"
"NACIONAL_Joven (0-17)",2024,8,2024-02-19,3471,"Joven (0-17)","Dengue"
"NACIONAL_Joven (0-17)",2024,9,2024-02-26,3548,"Joven (0-17)","Dengue"
"NACIONAL_Joven (0-17)",2024,10,2024-03-04,3587,"Joven (0-17)","Dengue"
"NACIONAL_Joven (0-17)",2024,11,2024-03-11,3724,"Joven (0-17)","Dengue"
"NACIONAL_Joven (0-17)",2024,12,2024-03-18,3527,"Joven (0-17)","Dengue"
"NACIONAL_Joven (0-17)",2024,13,2024-03-25,3208,"Joven (0-17)","Dengue"
"NACIONAL_Joven (0-17)",2024,14,2024-04-01,3871,"Joven (0-17)","Dengue"
"NACIONAL_Joven (0-17)",2024,15,2024-04-08,3829,"Joven (0-17)","Dengue"
"NACIONAL_Joven (0-17)",2024,16,2024-04-15,3887,"Joven (0-17)","Dengue"
"NACIONAL_Joven (0-17)",2024,17,2024-04-22,3559,"Joven (0-17)","Dengue"
"NACIONAL_Joven (0-17)",2024,18,2024-04-29,3753,"Joven (0-17)","Dengue"
"NACIONAL_Joven (0-17)",2024,19,2024-05-06,3819,"Joven (0-17)","Dengue"
"NACIONAL_Joven (0-17)",2024,20,2024-05-13,3738,"Joven (0-17)","Dengue"
"NACIONAL_Joven (0-17)",2024,21,2024-05-20,4305,"Joven (0-17)","Dengue"
"NACIONAL_Joven (0-17)",2024,22,2024-05-27,3997,"Joven (0-17)","Dengue"
"NACIONAL_Joven (0-17)",2024,23,2024-06-03,3751,"Joven (0-17)","Dengue"
"NACIONAL_Joven (0-17)",2024,24,2024-06-10,3690,"Joven (0-17)","Dengue"
"NACIONAL_Joven (0-17)",2024,25,2024-06-17,3509,"Joven (0-17)","Dengue"
"NACIONAL_Joven (0-17)",2024,26,2024-06-24,3018,"Joven (0-17)","Dengue"
"NACIONAL_Joven (0-17)",2024,27,2024-07-01,3374,"Joven (0-17)","Dengue"
"NACIONAL_Joven (0-17)",2024,28,2024-07-08,3187,"Joven (0-17)","Dengue"
"NACIONAL_Joven (0-17)",2024,29,2024-07-15,3366,"Joven (0-17)","Dengue"
"NACIONAL_Joven (0-17)",2024,30,2024-07-22,3062,"Joven (0-17)","Dengue"
"NACIONAL_Joven (0-17)",2024,31,2024-07-29,2785,"Joven (0-17)","Dengue"
"NACIONAL_Joven (0-17)",2024,32,2024-08-05,2536,"Joven (0-17)","Dengue"
"NACIONAL_Joven (0-17)",2024,33,2024-08-12,2286,"Joven (0-17)","Dengue"
"NACIONAL_Joven (0-17)",2024,34,2024-08-19,2274,"Joven (0-17)","Dengue"
"NACIONAL_Joven (0-17)",2024,35,2024-08-26,2197,"Joven (0-17)","Dengue"
"NACIONAL_Joven (0-17)",2024,36,2024-09-02,2180,"Joven (0-17)","Dengue"
"NACIONAL_Joven (0-17)",2024,37,2024-09-09,2145,"Joven (0-17)","Dengue"
"NACIONAL_Joven (0-17)",2024,38,2024-09-16,2047,"Joven (0-17)","Dengue"
"NACIONAL_Joven (0-17)",2024,39,2024-09-23,1889,"Joven (0-17)","Dengue"
"NACIONAL_Joven (0-17)",2024,40,2024-09-30,1808,"Joven (0-17)","Dengue"
"NACIONAL_Joven (0-17)",2024,41,2024-10-07,1723,"Joven (0-17)","Dengue"
"NACIONAL_Joven (0-17)",2024,42,2024-10-14,1980,"Joven (0-17)","Dengue"
"NACIONAL_Joven (0-17)",2024,43,2024-10-21,1824,"Joven (0-17)","Dengue"
"NACIONAL_Joven (0-17)",2024,44,2024-10-28,1860,"Joven (0-17)","Dengue"
"NACIONAL_Joven (0-17)",2024,45,2024-11-04,1851,"Joven (0-17)","Dengue"
"NACIONAL_Joven (0-17)",2024,46,2024-11-11,1845,"Joven (0-17)","Dengue"
"NACIONAL_Joven (0-17)",2024,47,2024-11-18,1826,"Joven (0-17)","Dengue"
"NACIONAL_Joven (0-17)",2024,48,2024-11-25,1811,"Joven (0-17)","Dengue"
"NACIONAL_Joven (0-17)",2024,49,2024-12-02,2189,"Joven (0-17)","Dengue"
"NACIONAL_Joven (0-17)",2024,50,2024-12-09,2222,"Joven (0-17)","Dengue"
"NACIONAL_Joven (0-17)",2024,51,2024-12-16,2033,"Joven (0-17)","Dengue"
"NACIONAL_Joven (0-17)",2024,52,2024-12-23,1943,"Joven (0-17)","Dengue"
"NACIONAL_Joven (0-17)",2025,1,2025-01-01,1856,"Joven (0-17)","Dengue"
"NACIONAL_Joven (0-17)",2025,2,2025-01-08,2012,"Joven (0-17)","Dengue"
"NACIONAL_Joven (0-17)",2025,3,2025-01-15,1996,"Joven (0-17)","Dengue"
"NACIONAL_Joven (0-17)",2025,4,2025-01-22,2262,"Joven (0-17)","Dengue"
"NACIONAL_Joven (0-17)",2025,5,2025-01-29,2329,"Joven (0-17)","Dengue"
"NACIONAL_Joven (0-17)",2025,6,2025-02-05,2114,"Joven (0-17)","Dengue"
"NACIONAL_Joven (0-17)",2025,7,2025-02-12,1895,"Joven (0-17)","Dengue"
"NACIONAL_Joven (0-17)",2025,8,2025-02-19,1716,"Joven (0-17)","Dengue"
"NACIONAL_Joven (0-17)",2025,9,2025-02-26,1633,"Joven (0-17)","Dengue"
"NACIONAL_Joven (0-17)",2025,10,2025-03-05,1488,"Joven (0-17)","Dengue"
"NACIONAL_Joven (0-17)",2025,11,2025-03-12,1480,"Joven (0-17)","Dengue"
"NACIONAL_Joven (0-17)",2025,12,2025-03-19,1331,"Joven (0-17)","Dengue"
"NACIONAL_Joven (0-17)",2025,13,2025-03-26,1260,"Joven (0-17)","Dengue"
"NACIONAL_Joven (0-17)",2025,14,2025-04-02,1296,"Joven (0-17)","Dengue"
"NACIONAL_Joven (0-17)",2025,15,2025-04-09,1227,"Joven (0-17)","Dengue"
"NACIONAL_Joven (0-17)",2025,16,2025-04-16,1235,"Joven (0-17)","Dengue"
"NACIONAL_Joven (0-17)",2025,17,2025-04-23,1346,"Joven (0-17)","Dengue"
"NACIONAL_Joven (0-17)",2025,18,2025-04-30,1257,"Joven (0-17)","Dengue"
"NACIONAL_Joven (0-17)",2025,19,2025-05-07,1425,"Joven (0-17)","Dengue"
"NACIONAL_Joven (0-17)",2025,20,2025-05-14,1395,"Joven (0-17)","Dengue"
"NACIONAL_Joven (0-17)",2025,21,2025-05-21,1396,"Joven (0-17)","Dengue"
"NACIONAL_Joven (0-17)",2025,22,2025-05-28,1268,"Joven (0-17)","Dengue"
"NACIONAL_Joven (0-17)",2025,23,2025-06-04,1397,"Joven (0-17)","Dengue"
"NACIONAL_Joven (0-17)",2025,24,2025-06-11,1296,"Joven (0-17)","Dengue"
"NACIONAL_Joven (0-17)",2025,25,2025-06-18,1125,"Joven (0-17)","Dengue"
"NACIONAL_Joven (0-17)",2025,26,2025-06-25,994,"Joven (0-17)","Dengue"
"NACIONAL_Joven (0-17)",2025,27,2025-07-02,1123,"Joven (0-17)","Dengue"
"NACIONAL_Joven (0-17)",2025,28,2025-07-09,1240,"Joven (0-17)","Dengue"
"NACIONAL_Joven (0-17)",2025,29,2025-07-16,1147,"Joven (0-17)","Dengue"
"NACIONAL_Joven (0-17)",2025,30,2025-07-23,1187,"Joven (0-17)","Dengue"
"NACIONAL_Joven (0-17)",2025,31,2025-07-30,1040,"Joven (0-17)","Dengue"
"NACIONAL_Joven (0-17)",2025,32,2025-08-06,854,"Joven (0-17)","Dengue"
"NACIONAL_Joven (0-17)",2025,33,2025-08-13,818,"Joven (0-17)","Dengue"
"NACIONAL_Joven (0-17)",2025,34,2025-08-20,861,"Joven (0-17)","Dengue"
"NACIONAL_Joven (0-17)",2025,35,2025-08-27,870,"Joven (0-17)","Dengue"
"NACIONAL_Joven (0-17)",2025,36,2025-09-03,847,"Joven (0-17)","Dengue"
"NACIONAL_Joven (0-17)",2025,37,2025-09-10,833,"Joven (0-17)","Dengue"
"NACIONAL_Joven (0-17)",2025,38,2025-09-17,758,"Joven (0-17)","Dengue"
"NACIONAL_Joven (0-17)",2025,39,2025-09-24,732,"Joven (0-17)","Dengue"
"NACIONAL_Joven (0-17)",2025,40,2025-10-01,717,"Joven (0-17)","Dengue"
"NACIONAL_Joven (0-17)",2025,41,2025-10-08,681,"Joven (0-17)","Dengue"
"NACIONAL_Joven (0-17)",2025,42,2025-10-15,746,"Joven (0-17)","Dengue"
"NACIONAL_Joven (0-17)",2025,43,2025-10-22,794,"Joven (0-17)","Dengue"
"NACIONAL_Joven (0-17)",2025,44,2025-10-29,845,"Joven (0-17)","Dengue"
"NACIONAL_Joven (0-17)",2025,45,2025-11-05,923,"Joven (0-17)","Dengue"
"NACIONAL_Joven (0-17)",2025,46,2025-11-12,1021,"Joven (0-17)","Dengue"
"NACIONAL_Joven (0-17)",2025,47,2025-11-19,1006,"Joven (0-17)","Dengue"
"NACIONAL_Joven (0-17)",2025,48,2025-11-26,998,"Joven (0-17)","Dengue"
"NACIONAL_Joven (0-17)",2025,49,2025-12-03,1046,"Joven (0-17)","Dengue"
"NACIONAL_Joven (0-17)",2025,50,2025-12-10,1054,"Joven (0-17)","Dengue"
"NACIONAL_Joven (0-17)",2025,51,2025-12-17,1074,"Joven (0-17)","Dengue"
"NACIONAL_Joven (0-17)",2025,52,2025-12-24,963,"Joven (0-17)","Dengue"
"NACIONAL_Joven (0-17)",2025,53,2025-12-31,1077,"Joven (0-17)","Dengue"
